club,country,transfers_out,total_fee_out,transfers_in,total_fee_in,total_transfers,total_fee_involved,degree,in_degree,out_degree,weighted_in_degree,weighted_out_degree,weighted_degree,pagerank,louvain_cluster,louvain_cluster_label
Wigan Athletic,England,143.0,153050000.0,155.0,81775000.0,298.0,234825000.0,144,75,69,155,143,298,0.0019375527670296,0,England / Scotland
Molde FK,Norway,16.0,17260000.0,8.0,2000000.0,24.0,19260000.0,17,6,11,8,16,24,0.0001370179331206,0,England / Scotland
FC Girondins Bordeaux,France,256.0,471620000.0,272.0,251180000.0,528.0,722800000.0,218,99,119,272,256,528,0.002861677550096,1,France / Belgium
Newcastle United,England,274.0,567420000.0,293.0,849790000.0,567.0,1417210000.0,252,128,124,293,274,567,0.0036724238492045,0,England / Scotland
Manchester United U18,England,15.0,0.0,0.0,0.0,15.0,0.0,3,0,3,0,15,15,5.9645869287340816e-05,0,England / Scotland
Tottenham Hotspur,England,364.0,1268370000.0,359.0,1662810000.0,723.0,2931180000.0,238,119,119,359,364,723,0.0043343632177079,0,England / Scotland
Altrincham FC,England,2.0,0.0,3.0,0.0,5.0,0.0,4,2,2,3,2,5,9.005712822577807e-05,0,England / Scotland
Plymouth Argyle,England,17.0,0.0,20.0,50000.0,37.0,50000.0,28,15,13,20,17,37,0.0003009929749883,0,England / Scotland
Huddersfield Town,England,71.0,74485000.0,85.0,186200000.0,156.0,260685000.0,97,46,51,85,71,156,0.0011308657122698,0,England / Scotland
Wycombe Wanderers,England,17.0,400000.0,17.0,0.0,34.0,400000.0,24,11,13,17,17,34,0.0002563683476954,0,England / Scotland
Watford FC,England,247.0,343680000.0,313.0,566735000.0,560.0,910415000.0,226,119,107,313,247,560,0.0034464204747537,0,England / Scotland
Bury FC,England,13.0,0.0,16.0,0.0,29.0,0.0,20,10,10,16,13,29,0.0002504563840309,0,England / Scotland
Manchester United,England,289.0,1042220000.0,285.0,2954560000.0,574.0,3996780000.0,224,112,112,285,289,574,0.0030360910291478,0,England / Scotland
Portsmouth FC,England,91.0,117045000.0,88.0,17540000.0,179.0,134585000.0,94,44,50,88,91,179,0.001171349980365,0,England / Scotland
AS Roma,Italy,727.0,1718348000.0,413.0,3384029000.0,1140.0,5102377000.0,370,120,250,413,727,1140,0.0039497584067987,2,Italy / Romania
AEK Athens,Greece,25.0,7050000.0,39.0,5535000.0,64.0,12585000.0,51,29,22,39,25,64,0.0004690564752753,3,Spain / Argentina
Liverpool FC U18,England,12.0,0.0,0.0,0.0,12.0,0.0,2,0,2,0,12,12,5.964586928733951e-05,0,England / Scotland
Swindon Town,England,24.0,0.0,28.0,730000.0,52.0,730000.0,25,13,12,28,24,52,0.0003725179655284,0,England / Scotland
Tranmere Rovers,England,23.0,0.0,27.0,0.0,50.0,0.0,29,15,14,27,23,50,0.0003642945022309,0,England / Scotland
Leicester City,England,188.0,694620000.0,222.0,1027535000.0,410.0,1722155000.0,205,107,98,222,188,410,0.0028191297297904,0,England / Scotland
FC Cartagena,Spain,27.0,1300000.0,43.0,0.0,70.0,1300000.0,44,25,19,43,27,70,0.0005201577360902,3,Spain / Argentina
Bradford City,England,20.0,350000.0,30.0,0.0,50.0,350000.0,31,17,14,30,20,50,0.0004133774061331,0,England / Scotland
Northampton Town,England,17.0,360000.0,21.0,0.0,38.0,360000.0,23,12,11,21,17,38,0.0003150433382716,0,England / Scotland
Hertha BSC,Germany,207.0,293410000.0,208.0,394310000.0,415.0,687720000.0,178,82,96,208,207,415,0.0025430884607667,6,Germany / Austria
Olympiacos Piraeus,Greece,91.0,167570000.0,105.0,97330000.0,196.0,264900000.0,122,63,59,105,91,196,0.0011490014188542,3,Spain / Argentina
Liverpool FC,England,342.0,1514260000.0,345.0,2241273000.0,687.0,3755533000.0,255,124,131,345,342,687,0.0037219411557537,0,England / Scotland
CSKA Moscow,Russia,20.0,136350000.0,16.0,65000000.0,36.0,201350000.0,27,12,15,16,20,36,0.0002296599148105,1,France / Belgium
Manchester City,England,463.0,1198536000.0,433.0,3686225000.0,896.0,4884761000.0,308,153,155,433,463,896,0.004847617682588,0,England / Scotland
MFK Košice,Slovakia,1.0,1750000.0,0.0,0.0,1.0,1750000.0,1,0,1,0,1,1,5.964586928733951e-05,0,England / Scotland
Middlesbrough FC,England,107.0,155300000.0,101.0,120790000.0,208.0,276090000.0,101,46,55,101,107,208,0.0011258868239998,0,England / Scotland
Chelsea FC U18,England,10.0,0.0,0.0,0.0,10.0,0.0,3,0,3,0,10,10,5.964586928733951e-05,0,England / Scotland
De Graafschap Doetinchem,Netherlands,86.0,4900000.0,104.0,425000.0,190.0,5325000.0,91,45,46,104,86,190,0.0013820341684954,5,Netherlands / Belgium
Blackburn Rovers,England,151.0,169716000.0,159.0,68100000.0,310.0,237816000.0,158,77,81,159,151,310,0.0019176633636237,0,England / Scotland
Wolverhampton Wanderers,England,252.0,328595000.0,267.0,728595000.0,519.0,1057190000.0,242,123,119,267,252,519,0.0036331351422701,0,England / Scotland
Reading FC,England,83.0,58830000.0,97.0,46590000.0,180.0,105420000.0,103,55,48,97,83,180,0.001328368132278,0,England / Scotland
AC Milan,Italy,621.0,1020371000.0,386.0,1834800000.0,1007.0,2855171000.0,324,102,222,386,621,1007,0.0031429502986943,2,Italy / Romania
SV Werder Bremen,Germany,254.0,382875000.0,269.0,296330000.0,523.0,679205000.0,224,107,117,269,254,523,0.0029258666581977,6,Germany / Austria
Chelsea FC,England,574.0,2061822000.0,569.0,3271850000.0,1143.0,5333672000.0,340,169,171,569,574,1143,0.0062578163329991,0,England / Scotland
Ajax Amsterdam,Netherlands,295.0,1329250000.0,262.0,511230000.0,557.0,1840480000.0,192,85,107,262,295,557,0.0026802922590058,5,Netherlands / Belgium
Arsenal FC U18,England,10.0,0.0,0.0,0.0,10.0,0.0,2,0,2,0,10,10,5.964586928733951e-05,0,England / Scotland
Everton FC,England,291.0,866930000.0,287.0,1282090000.0,578.0,2149020000.0,235,116,119,287,291,578,0.0033863891193847,0,England / Scotland
Brentford FC,England,36.0,111795000.0,55.0,70790000.0,91.0,182585000.0,60,38,22,55,36,91,0.0007214562979242,0,England / Scotland
Bolton Wanderers,England,105.0,37460000.0,125.0,47725000.0,230.0,85185000.0,106,54,52,125,105,230,0.0015505288165437,0,England / Scotland
Peterborough United,England,25.0,9150000.0,20.0,390000.0,45.0,9540000.0,29,15,14,20,25,45,0.0002801910613902,0,England / Scotland
Leeds United,England,100.0,65080000.0,115.0,345485000.0,215.0,410565000.0,116,61,55,115,100,215,0.0013195652430272,0,England / Scotland
UD Salamanca (- 2013),Spain,12.0,200000.0,10.0,0.0,22.0,200000.0,13,6,7,10,12,22,0.0001587458530252,3,Spain / Argentina
Arsenal FC,England,341.0,1012030000.0,321.0,2041980000.0,662.0,3054010000.0,268,134,134,321,341,662,0.00350087738183,0,England / Scotland
Lokomotiv Moscow,Russia,15.0,51860000.0,27.0,70250000.0,42.0,122110000.0,33,21,12,27,15,42,0.0003131666635193,1,France / Belgium
Atlético de Madrid,Spain,383.0,2021000000.0,375.0,2252295000.0,758.0,4273295000.0,221,104,117,375,383,758,0.0039467766209548,3,Spain / Argentina
Ventura County Fusion,United States,1.0,0.0,0.0,0.0,1.0,0.0,1,0,1,0,1,1,5.964586928733951e-05,0,England / Scotland
Everton FC U18,England,10.0,0.0,0.0,0.0,10.0,0.0,2,0,2,0,10,10,5.964586928733951e-05,0,England / Scotland
Everton FC Reserves,England,3.0,0.0,2.0,0.0,5.0,0.0,5,2,3,2,3,5,9.418414342799994e-05,4,Portugal / Brazil
Crewe Alexandra,England,17.0,10000000.0,14.0,0.0,31.0,10000000.0,17,7,10,14,17,31,0.0002187139126223,0,England / Scotland
Motherwell FC,Scotland,8.0,0.0,9.0,0.0,17.0,0.0,12,7,5,9,8,17,0.0001585644816768,0,England / Scotland
Blackpool FC,England,61.0,13300000.0,71.0,7125000.0,132.0,20425000.0,81,42,39,71,61,132,0.0010922798266326,0,England / Scotland
West Ham United,England,284.0,527280000.0,322.0,1071120000.0,606.0,1598400000.0,271,140,131,322,284,606,0.0038550140697809,0,England / Scotland
Coventry City,England,32.0,12335000.0,36.0,4750000.0,68.0,17085000.0,40,22,18,36,32,68,0.0004685465207858,0,England / Scotland
Aston Villa Reserves,England,6.0,0.0,0.0,0.0,6.0,0.0,1,0,1,0,6,6,5.964586928733951e-05,0,England / Scotland
Aston Villa U18,England,9.0,0.0,0.0,0.0,9.0,0.0,1,0,1,0,9,9,5.964586928733951e-05,0,England / Scotland
Fulham FC,England,227.0,166620000.0,260.0,455295000.0,487.0,621915000.0,243,120,123,260,227,487,0.0031108048303837,0,England / Scotland
Leyton Orient,England,23.0,0.0,25.0,0.0,48.0,0.0,24,13,11,25,23,48,0.0003565771921159,0,England / Scotland
Ilkeston Town (liq.),England,1.0,0.0,1.0,0.0,2.0,0.0,2,1,1,1,1,2,7.047665975327443e-05,0,England / Scotland
Aston Villa,England,287.0,647615000.0,310.0,1016835000.0,597.0,1664450000.0,228,119,109,310,287,597,0.0036569845455569,0,England / Scotland
Lillestrøm SK,Norway,8.0,6700000.0,4.0,0.0,12.0,6700000.0,12,4,8,4,8,12,0.0001057952027545,6,Germany / Austria
Kalmar FF,Sweden,8.0,7750000.0,5.0,0.0,13.0,7750000.0,9,3,6,5,8,13,9.663668305296028e-05,5,Netherlands / Belgium
Lamontville Golden Arrows,South Africa,1.0,300000.0,0.0,0.0,1.0,300000.0,1,0,1,0,1,1,5.964586928733951e-05,0,England / Scotland
Birmingham City,England,119.0,100425000.0,128.0,84995000.0,247.0,185420000.0,126,62,64,128,119,247,0.0016787945248683,0,England / Scotland
West Bromwich Albion,England,228.0,164245000.0,247.0,394986000.0,475.0,559231000.0,210,103,107,247,228,475,0.0031224129105715,0,England / Scotland
Sutton United,England,2.0,30000.0,1.0,0.0,3.0,30000.0,2,1,1,1,2,3,7.129425741873219e-05,0,England / Scotland
Lincoln City,England,14.0,0.0,16.0,0.0,30.0,0.0,19,10,9,16,14,30,0.0002393464338399,0,England / Scotland
Fulham FC U18,England,5.0,0.0,0.0,0.0,5.0,0.0,1,0,1,0,5,5,5.964586928733951e-05,0,England / Scotland
Sheffield United,England,93.0,66040000.0,96.0,158100000.0,189.0,224140000.0,100,51,49,96,93,189,0.0012701965111893,0,England / Scotland
Celtic FC,Scotland,54.0,173430000.0,49.0,54955000.0,103.0,228385000.0,74,36,38,49,54,103,0.000551416452886,0,England / Scotland
Aris Thessaloniki,Greece,12.0,150000.0,19.0,500000.0,31.0,650000.0,28,17,11,19,12,31,0.0002635725758392,3,Spain / Argentina
Al-Hilal Riyadh,Saudi Arabia,8.0,9000000.0,17.0,46500000.0,25.0,55500000.0,23,15,8,17,8,25,0.0002498234484851,4,Portugal / Brazil
Barnsley FC,England,43.0,11700000.0,55.0,2885000.0,98.0,14585000.0,48,26,22,55,43,98,0.0007373053633088,0,England / Scotland
Germinal Beerschot Antwerpen,Belgium,2.0,0.0,0.0,0.0,2.0,0.0,2,0,2,0,2,2,5.964586928733951e-05,5,Netherlands / Belgium
Tottenham Hotspur U18,England,15.0,0.0,0.0,0.0,15.0,0.0,1,0,1,0,15,15,5.964586928733951e-05,0,England / Scotland
Yeovil Town,England,28.0,0.0,38.0,0.0,66.0,0.0,31,17,14,38,28,66,0.0004932129164886,0,England / Scotland
Torquay United,England,3.0,0.0,5.0,0.0,8.0,0.0,8,5,3,5,3,8,0.000119600362849,0,England / Scotland
Dagenham & Redbridge FC,England,7.0,0.0,8.0,0.0,15.0,0.0,9,5,4,8,7,15,0.0001512242331554,0,England / Scotland
Millwall FC,England,25.0,3150000.0,39.0,3045000.0,64.0,6195000.0,35,20,15,39,25,64,0.0005124106631056,0,England / Scotland
Queens Park Rangers,England,180.0,115790000.0,208.0,193158000.0,388.0,308948000.0,180,89,91,208,180,388,0.0028473543601885,0,England / Scotland
Sunderland AFC,England,304.0,331005000.0,307.0,525760000.0,611.0,856765000.0,248,123,125,307,304,611,0.0038934727033127,0,England / Scotland
Norwich City,England,192.0,271645000.0,222.0,308705000.0,414.0,580350000.0,210,110,100,222,192,414,0.0029241671812895,0,England / Scotland
Cheltenham Town,England,11.0,0.0,13.0,0.0,24.0,0.0,21,11,10,13,11,24,0.0002191786726406,0,England / Scotland
Ipswich Town,England,44.0,28350000.0,49.0,9625000.0,93.0,37975000.0,47,26,21,49,44,93,0.0006349647795515,0,England / Scotland
Borussia Dortmund,Germany,234.0,1725090000.0,231.0,1325415000.0,465.0,3050505000.0,164,78,86,231,234,465,0.0022337473772698,6,Germany / Austria
AS Livorno,Italy,70.0,22900000.0,127.0,10440000.0,197.0,33340000.0,93,46,47,127,70,197,0.0012988588457774,2,Italy / Romania
Spartak Moscow,Russia,33.0,72030000.0,39.0,117700000.0,72.0,189730000.0,59,33,26,39,33,72,0.0003966770503267,3,Spain / Argentina
FC Toulouse,France,190.0,331200000.0,196.0,127740000.0,386.0,458940000.0,188,88,100,196,190,386,0.0023101096131872,1,France / Belgium
ACF Fiorentina,Italy,646.0,1903778000.0,390.0,819749000.0,1036.0,2723527000.0,357,128,229,390,646,1036,0.0039590431689164,2,Italy / Romania
Grasshopper Club Zurich,Switzerland,29.0,21100000.0,30.0,1850000.0,59.0,22950000.0,40,18,22,30,29,59,0.0003821613140342,0,England / Scotland
FC Internazionale,Italy,272.0,566081000.0,166.0,1073415000.0,438.0,1639496000.0,152,53,99,166,272,438,0.0014572917446306,2,Italy / Romania
Újpest FC,Hungary,4.0,1950000.0,11.0,1150000.0,15.0,3100000.0,15,11,4,11,4,15,0.0001568512029282,2,Italy / Romania
Charlton Athletic,England,46.0,23480000.0,46.0,4630000.0,92.0,28110000.0,50,25,25,46,46,92,0.0005864576298121,0,England / Scotland
Villarreal CF,Spain,314.0,717530000.0,322.0,799150000.0,636.0,1516680000.0,196,97,99,322,314,636,0.0031963042570247,3,Spain / Argentina
West Ham United U18,England,7.0,0.0,0.0,0.0,7.0,0.0,2,0,2,0,7,7,5.964586928733951e-05,0,England / Scotland
Real Madrid,Spain,272.0,2002800000.0,243.0,2733650000.0,515.0,4736450000.0,123,62,61,243,272,515,0.0022930244225969,3,Spain / Argentina
Scunthorpe United,England,20.0,0.0,25.0,0.0,45.0,0.0,26,14,12,25,20,45,0.0003458157733163,0,England / Scotland
FC Barcelona,Spain,278.0,1989500000.0,267.0,3073440000.0,545.0,5062940000.0,146,70,76,267,278,545,0.0022257003986753,3,Spain / Argentina
Manchester City Reserves,England,6.0,250000.0,2.0,0.0,8.0,250000.0,5,2,3,2,6,8,7.449120601974365e-05,6,Germany / Austria
Cardiff City,England,90.0,50500000.0,113.0,168820000.0,203.0,219320000.0,113,58,55,113,90,203,0.0014938960741379,0,England / Scotland
Hamilton Academical FC,Scotland,11.0,7400000.0,5.0,0.0,16.0,7400000.0,13,5,8,5,11,16,0.000121445453783,0,England / Scotland
Rayo Vallecano,Spain,192.0,75440000.0,218.0,20830000.0,410.0,96270000.0,187,94,93,218,192,410,0.0025735567688772,3,Spain / Argentina
RCD Espanyol Barcelona,Spain,257.0,386700000.0,278.0,254950000.0,535.0,641650000.0,209,97,112,278,257,535,0.0028375741349926,3,Spain / Argentina
Swansea City,England,224.0,564210000.0,229.0,452197000.0,453.0,1016407000.0,223,111,112,229,224,453,0.0028652582885473,0,England / Scotland
CD Olimpia,Honduras,3.0,0.0,1.0,0.0,4.0,0.0,3,1,2,1,3,4,8.126331706241422e-05,4,Portugal / Brazil
Wigan Athletic U18,England,7.0,0.0,0.0,0.0,7.0,0.0,1,0,1,0,7,7,5.964586928733951e-05,0,England / Scotland
Derby County,England,58.0,54530000.0,68.0,53025000.0,126.0,107555000.0,59,28,31,68,58,126,0.0008118307209327,0,England / Scotland
NEC Nijmegen,Netherlands,174.0,24130000.0,200.0,5195000.0,374.0,29325000.0,179,95,84,200,174,374,0.0027139467754689,5,Netherlands / Belgium
Club Nacional,Uruguay,23.0,43420000.0,21.0,630000.0,44.0,44050000.0,33,15,18,21,23,44,0.0002163465200126,2,Italy / Romania
Crewe Alexandra U18,England,2.0,0.0,0.0,0.0,2.0,0.0,1,0,1,0,2,2,5.964586928733951e-05,0,England / Scotland
Stoke City U18,England,6.0,0.0,0.0,0.0,6.0,0.0,1,0,1,0,6,6,5.964586928733951e-05,0,England / Scotland
Sheffield Wednesday,England,54.0,260000.0,80.0,29460000.0,134.0,29720000.0,74,38,36,80,54,134,0.0010204949170614,0,England / Scotland
Carlisle United,England,20.0,1100000.0,21.0,0.0,41.0,1100000.0,27,14,13,21,20,41,0.0003037576165572,0,England / Scotland
Brighton & Hove Albion,England,173.0,201610000.0,198.0,440135000.0,371.0,641745000.0,191,97,94,198,173,371,0.0023944510508855,0,England / Scotland
Stoke City,England,242.0,199580000.0,267.0,479805000.0,509.0,679385000.0,217,113,104,267,242,509,0.0036403495139796,0,England / Scotland
FC Seoul,"Korea, South",3.0,2500000.0,2.0,1000000.0,5.0,3500000.0,5,2,3,2,3,5,8.724708452794481e-05,4,Portugal / Brazil
Hull City,England,149.0,219180000.0,175.0,245502000.0,324.0,464682000.0,163,84,79,175,149,324,0.0025179761719705,0,England / Scotland
Wolverhampton Wanderers U18,England,11.0,1200000.0,0.0,0.0,11.0,1200000.0,2,0,2,0,11,11,5.964586928733951e-05,0,England / Scotland
FC Nantes,France,165.0,207295000.0,172.0,101920000.0,337.0,309215000.0,167,81,86,172,165,337,0.0021033969841053,1,France / Belgium
Bolton Wanderers U23,England,2.0,0.0,1.0,0.0,3.0,0.0,2,1,1,1,2,3,7.294571463643167e-05,0,England / Scotland
Bolton Wanderers U18,England,10.0,0.0,0.0,0.0,10.0,0.0,1,0,1,0,10,10,5.964586928733951e-05,0,England / Scotland
St. Johnstone FC,Scotland,5.0,0.0,8.0,0.0,13.0,0.0,11,6,5,8,5,13,0.0001618906886781,0,England / Scotland
Rochdale AFC,England,19.0,635000.0,21.0,0.0,40.0,635000.0,27,15,12,21,19,40,0.0002918164203155,0,England / Scotland
Torino FC,Italy,460.0,520410000.0,310.0,516940000.0,770.0,1037350000.0,264,84,180,310,460,770,0.0026005469598627,2,Italy / Romania
RC Lens,France,122.0,118650000.0,108.0,64050000.0,230.0,182700000.0,122,49,73,108,122,230,0.0012269756270718,1,France / Belgium
Olympique Lyon,France,262.0,1265935000.0,244.0,834690000.0,506.0,2100625000.0,190,87,103,244,262,506,0.0023954552774772,1,France / Belgium
SL Benfica,Portugal,648.0,2083785000.0,637.0,818280000.0,1285.0,2902065000.0,436,219,217,637,648,1285,0.0086563194559421,4,Portugal / Brazil
Genoa CFC,Italy,998.0,1835590000.0,637.0,2125337000.0,1635.0,3960927000.0,452,161,291,637,998,1635,0.0060334018564184,2,Italy / Romania
Portsmouth FC U18,England,4.0,0.0,0.0,0.0,4.0,0.0,1,0,1,0,4,4,5.964586928733951e-05,0,England / Scotland
Grimsby Town,England,7.0,300000.0,7.0,0.0,14.0,300000.0,10,5,5,7,7,14,0.0001507314981216,0,England / Scotland
Burnley FC,England,144.0,183890000.0,166.0,246065000.0,310.0,429955000.0,170,85,85,166,144,310,0.0024659389022749,0,England / Scotland
HNK Hajduk Split,Croatia,19.0,52585000.0,16.0,1700000.0,35.0,54285000.0,30,13,17,16,19,35,0.0002328365941031,2,Italy / Romania
Olympique Marseille,France,285.0,605090000.0,319.0,789840000.0,604.0,1394930000.0,239,115,124,319,285,604,0.0034554215767996,1,France / Belgium
Amiens SC,France,92.0,65815000.0,108.0,48750000.0,200.0,114565000.0,127,63,64,108,92,200,0.0014549350417305,1,France / Belgium
Club Brugge KV,Belgium,54.0,176885000.0,47.0,52800000.0,101.0,229685000.0,77,34,43,47,54,101,0.0005249499678521,6,Germany / Austria
Blackburn Rovers U18,England,17.0,0.0,0.0,0.0,17.0,0.0,1,0,1,0,17,17,5.964586928733951e-05,0,England / Scotland
Blackburn Rovers Reserves,England,2.0,0.0,0.0,0.0,2.0,0.0,1,0,1,0,2,2,5.964586928733951e-05,0,England / Scotland
Accrington Stanley,England,20.0,0.0,24.0,0.0,44.0,0.0,30,15,15,24,20,44,0.000348262740553,0,England / Scotland
Rotherham United,England,20.0,0.0,25.0,575000.0,45.0,575000.0,26,14,12,25,20,45,0.0003570463077605,0,England / Scotland
Oldham Athletic,England,28.0,245000.0,44.0,400000.0,72.0,645000.0,44,26,18,44,28,72,0.0005572430777647,0,England / Scotland
Chester City (- 2010),England,3.0,0.0,3.0,0.0,6.0,0.0,4,2,2,3,3,6,9.955244176349548e-05,0,England / Scotland
CS Sedan-Ardennes B,France,2.0,0.0,0.0,0.0,2.0,0.0,2,0,2,0,2,2,5.964586928733951e-05,1,France / Belgium
Deportivo Toluca,Mexico,4.0,3200000.0,3.0,0.0,7.0,3200000.0,7,3,4,3,4,7,9.104545684371362e-05,1,France / Belgium
Sunderland AFC Reserves,England,1.0,0.0,0.0,0.0,1.0,0.0,1,0,1,0,1,1,5.964586928733951e-05,0,England / Scotland
Sunderland AFC U18,England,8.0,0.0,0.0,0.0,8.0,0.0,1,0,1,0,8,8,5.964586928733951e-05,0,England / Scotland
Southend United,England,17.0,0.0,22.0,0.0,39.0,0.0,27,14,13,22,17,39,0.0003149857547266,0,England / Scotland
Darlington FC (- 2012),England,7.0,0.0,9.0,0.0,16.0,0.0,13,6,7,9,7,16,0.0001717178055305,0,England / Scotland
Hartlepool United,England,14.0,0.0,16.0,0.0,30.0,0.0,10,5,5,16,14,30,0.0002339284777858,0,England / Scotland
US Boulogne,France,37.0,9600000.0,44.0,2685000.0,81.0,12285000.0,51,27,24,44,37,81,0.000628139607596,1,France / Belgium
Celta de Vigo,Spain,192.0,274600000.0,196.0,193850000.0,388.0,468450000.0,184,88,96,196,192,388,0.0020910189100416,3,Spain / Argentina
Hull City U18,England,6.0,0.0,0.0,0.0,6.0,0.0,1,0,1,0,6,6,5.964586928733951e-05,0,England / Scotland
Red Star Belgrade,Serbia,30.0,47060000.0,22.0,7200000.0,52.0,54260000.0,44,20,24,22,30,52,0.0002839684347113,3,Spain / Argentina
Rapid Vienna,Austria,15.0,32300000.0,4.0,1100000.0,19.0,33400000.0,15,3,12,4,15,19,9.970277362029969e-05,6,Germany / Austria
Southampton FC,England,240.0,992475000.0,234.0,939650000.0,474.0,1932125000.0,203,102,101,234,240,474,0.0026303186770218,0,England / Scotland
Doncaster Rovers,England,33.0,0.0,40.0,0.0,73.0,0.0,39,21,18,40,33,73,0.0004988287666922,0,England / Scotland
Exeter City,England,8.0,5040000.0,9.0,0.0,17.0,5040000.0,17,9,8,9,8,17,0.0001769049538619,0,England / Scotland
Bristol Rovers,England,14.0,0.0,20.0,0.0,34.0,0.0,21,12,9,20,14,34,0.0003053277243124,0,England / Scotland
Colchester United,England,17.0,0.0,27.0,250000.0,44.0,250000.0,26,14,12,27,17,44,0.000376838791439,0,England / Scotland
Rangers FC,Scotland,36.0,13880000.0,36.0,21310000.0,72.0,35190000.0,48,23,25,36,36,72,0.0004486850850026,0,England / Scotland
Santos Laguna,Mexico,3.0,7900000.0,6.0,4000000.0,9.0,11900000.0,9,6,3,6,3,9,0.0001249776705234,0,England / Scotland
Galway United FC (- 2011),Ireland,1.0,100000.0,0.0,0.0,1.0,100000.0,1,0,1,0,1,1,5.964586928733951e-05,0,England / Scotland
Deportivo del Valle,Ecuador,1.0,0.0,1.0,0.0,2.0,0.0,2,1,1,1,1,2,7.163725875068519e-05,0,England / Scotland
Birmingham City U18,England,4.0,0.0,0.0,0.0,4.0,0.0,1,0,1,0,4,4,5.964586928733951e-05,0,England / Scotland
Burton Albion,England,18.0,0.0,23.0,0.0,41.0,0.0,30,16,14,23,18,41,0.0003399580073677,0,England / Scotland
Hereford United (- 2014),England,8.0,0.0,9.0,0.0,17.0,0.0,9,5,4,9,8,17,0.0001672237242828,0,England / Scotland
Hibernian FC,Scotland,18.0,4700000.0,24.0,675000.0,42.0,5375000.0,36,20,16,24,18,42,0.0003054151098762,0,England / Scotland
Manchester United Reserves,England,4.0,725000.0,1.0,0.0,5.0,725000.0,5,1,4,1,4,5,6.95679090539806e-05,0,England / Scotland
Independiente del Valle,Ecuador,7.0,14890000.0,2.0,0.0,9.0,14890000.0,8,2,6,2,7,9,8.551652445442183e-05,0,England / Scotland
Burnley FC U18,England,8.0,0.0,0.0,0.0,8.0,0.0,1,0,1,0,8,8,5.964586928733951e-05,0,England / Scotland
Bayer 04 Leverkusen,Germany,273.0,942820000.0,270.0,810240000.0,543.0,1753060000.0,206,103,103,270,273,543,0.0031596776861632,6,Germany / Austria
Bröndby IF,Denmark,30.0,23625000.0,21.0,8925000.0,51.0,32550000.0,36,14,22,21,30,51,0.0002832711293737,6,Germany / Austria
SC Braga,Portugal,549.0,489573000.0,567.0,104219000.0,1116.0,593792000.0,358,175,183,567,549,1116,0.0088090146699158,4,Portugal / Brazil
Preston North End,England,35.0,23850000.0,40.0,305000.0,75.0,24155000.0,42,20,22,40,35,75,0.0004895156909506,0,England / Scotland
Los Angeles Galaxy,United States,10.0,0.0,25.0,31551000.0,35.0,31551000.0,26,19,7,25,10,35,0.0002958340165936,0,England / Scotland
Nottingham Forest,England,77.0,66150000.0,100.0,44028000.0,177.0,110178000.0,86,46,40,100,77,177,0.0011797401611864,0,England / Scotland
Turun Palloseura,Finland,4.0,750000.0,3.0,0.0,7.0,750000.0,6,3,3,3,4,7,8.862107584644228e-05,0,England / Scotland
AS Monaco,France,457.0,1919595000.0,461.0,1657910000.0,918.0,3577505000.0,308,152,156,461,457,918,0.0051421341618595,1,France / Belgium
SK Slavia Prague,Czech Republic,19.0,51000000.0,13.0,1800000.0,32.0,52800000.0,30,13,17,13,19,32,0.0001863614789558,6,Germany / Austria
AS Saint-Étienne,France,285.0,450460000.0,291.0,218550000.0,576.0,669010000.0,246,115,131,291,285,576,0.0031783902557067,1,France / Belgium
Milton Keynes Dons,England,32.0,6630000.0,40.0,250000.0,72.0,6880000.0,39,22,17,40,32,72,0.0005210336447095,0,England / Scotland
Crystal Palace,England,218.0,273945000.0,248.0,564495000.0,466.0,838440000.0,220,112,108,248,218,466,0.0038374736435615,0,England / Scotland
AFC Bournemouth,England,135.0,238140000.0,151.0,427860000.0,286.0,666000000.0,157,79,78,151,135,286,0.0022264702310835,0,England / Scotland
Sporting CP,Portugal,531.0,939722000.0,547.0,478651000.0,1078.0,1418373000.0,424,208,216,547,531,1078,0.0072180916872595,4,Portugal / Brazil
Chesterfield FC,England,11.0,630000.0,15.0,0.0,26.0,630000.0,20,12,8,15,11,26,0.0002404647412395,0,England / Scotland
Shakhtar Donetsk,Ukraine,19.0,208285000.0,16.0,71000000.0,35.0,279285000.0,31,14,17,16,19,35,0.0002231533590561,0,England / Scotland
Borussia Mönchengladbach,Germany,189.0,421760000.0,195.0,474550000.0,384.0,896310000.0,164,83,81,195,189,384,0.0022061947245825,6,Germany / Austria
Vauxhall Motors FC,England,1.0,0.0,1.0,0.0,2.0,0.0,2,1,1,1,1,2,7.243222088602865e-05,0,England / Scotland
Houston Dynamo,United States,4.0,2150000.0,3.0,1660000.0,7.0,3810000.0,7,3,4,3,4,7,9.384444988707205e-05,3,Spain / Argentina
Standard Liège,Belgium,65.0,127800000.0,63.0,54711000.0,128.0,182511000.0,92,42,50,63,65,128,0.0007062910434333,1,France / Belgium
Luton Town,England,15.0,11150000.0,20.0,140000.0,35.0,11290000.0,30,15,15,20,15,35,0.0002969092011163,0,England / Scotland
Eastleigh FC,England,1.0,0.0,4.0,0.0,5.0,0.0,5,4,1,4,1,5,0.0001048076332715,0,England / Scotland
Notts County,England,17.0,0.0,24.0,2450000.0,41.0,2450000.0,30,17,13,24,17,41,0.000338713251247,0,England / Scotland
VfB Stuttgart,Germany,236.0,463350000.0,235.0,295380000.0,471.0,758730000.0,189,94,95,235,236,471,0.0027678198306575,6,Germany / Austria
Gateshead FC,England,7.0,0.0,11.0,0.0,18.0,0.0,7,4,3,11,7,18,0.0001802156613212,0,England / Scotland
Zamalek SC,Egypt,6.0,1815000.0,7.0,570000.0,13.0,2385000.0,13,7,6,7,6,13,0.0001518594499916,4,Portugal / Brazil
Walsall FC,England,13.0,0.0,20.0,0.0,33.0,0.0,28,16,12,20,13,33,0.0002811040702409,0,England / Scotland
Shrewsbury Town,England,19.0,0.0,27.0,0.0,46.0,0.0,39,22,17,27,19,46,0.0003754344094036,0,England / Scotland
Monaghan United FC,Ireland,1.0,0.0,0.0,0.0,1.0,0.0,1,0,1,0,1,1,5.964586928733951e-05,0,England / Scotland
RSC Charleroi,Belgium,18.0,37500000.0,27.0,4475000.0,45.0,41975000.0,35,21,14,27,18,45,0.0003313506519838,1,France / Belgium
Bristol City,England,38.0,68070000.0,56.0,32800000.0,94.0,100870000.0,53,31,22,56,38,94,0.0006982712124837,0,England / Scotland
Sporting Gijón,Spain,96.0,44400000.0,110.0,11000000.0,206.0,55400000.0,105,48,57,110,96,206,0.0011639513321061,3,Spain / Argentina
Cork City FC (- 2009),Ireland,1.0,350000.0,0.0,0.0,1.0,350000.0,1,0,1,0,1,1,5.964586928733951e-05,0,England / Scotland
Dundee United FC,Scotland,8.0,7710000.0,7.0,0.0,15.0,7710000.0,13,6,7,7,8,15,0.0001429331107323,0,England / Scotland
Chelsea FC Reserves,England,5.0,4400000.0,2.0,0.0,7.0,4400000.0,6,2,4,2,5,7,8.557978070357801e-05,6,Germany / Austria
Falkirk FC,Scotland,8.0,438000.0,4.0,0.0,12.0,438000.0,10,4,6,4,8,12,0.0001119538128803,0,England / Scotland
CSKA Sofia,Bulgaria,5.0,3550000.0,9.0,0.0,14.0,3550000.0,12,8,4,9,5,14,0.0001801119721114,4,Portugal / Brazil
Twente Enschede FC,Netherlands,257.0,288170000.0,280.0,91250000.0,537.0,379420000.0,227,110,117,280,257,537,0.0031594094597624,5,Netherlands / Belgium
Maccabi Haifa,Israel,13.0,1500000.0,18.0,0.0,31.0,1500000.0,30,17,13,18,13,31,0.0002671957542496,3,Spain / Argentina
FK Mlada Boleslav,Czech Republic,3.0,1000000.0,3.0,0.0,6.0,1000000.0,6,3,3,3,3,6,8.545676884954619e-05,5,Netherlands / Belgium
Barrow AFC,England,2.0,0.0,5.0,0.0,7.0,0.0,4,3,1,5,2,7,0.0001234054183492,0,England / Scotland
Club Estudiantes de La Plata,Argentina,26.0,65510000.0,22.0,4773000.0,48.0,70283000.0,34,15,19,22,26,48,0.0002682704266645,4,Portugal / Brazil
Wigan Athletic U23,England,3.0,0.0,0.0,0.0,3.0,0.0,1,0,1,0,3,3,5.964586928733951e-05,0,England / Scotland
Hapoel Tel Aviv,Israel,14.0,6450000.0,9.0,180000.0,23.0,6630000.0,21,9,12,9,14,23,0.0001569492361637,1,France / Belgium
Helsingborgs IF,Sweden,10.0,12850000.0,7.0,0.0,17.0,12850000.0,14,5,9,7,10,17,0.0001492730483771,5,Netherlands / Belgium
Vitória Guimarães SC,Portugal,373.0,160480000.0,376.0,33760000.0,749.0,194240000.0,314,147,167,376,373,749,0.005687396381899,4,Portugal / Brazil
Deportivo Guadalajara,Mexico,9.0,18650000.0,3.0,0.0,12.0,18650000.0,9,3,6,3,9,12,8.596083767083936e-05,3,Spain / Argentina
1. FC Köln,Germany,184.0,194200000.0,202.0,230210000.0,386.0,424410000.0,201,96,105,202,184,386,0.0024085302110189,6,Germany / Austria
Red Bull Salzburg,Austria,53.0,376500000.0,31.0,30650000.0,84.0,407150000.0,59,24,35,31,53,84,0.0003689912965394,6,Germany / Austria
AJ Auxerre,France,92.0,54810000.0,97.0,12250000.0,189.0,67060000.0,91,43,48,97,92,189,0.0011171273201109,1,France / Belgium
RCD Mallorca,Spain,166.0,97200000.0,184.0,33395000.0,350.0,130595000.0,178,88,90,184,166,350,0.0022823044792408,3,Spain / Argentina
Vancouver Whitecaps FC,United States,6.0,10000000.0,8.0,2170000.0,14.0,12170000.0,12,6,6,8,6,14,0.0001399298747982,0,England / Scotland
AZ Alkmaar,Netherlands,272.0,458275000.0,242.0,91400000.0,514.0,549675000.0,172,73,99,242,272,514,0.0026194404493683,5,Netherlands / Belgium
PSV Eindhoven,Netherlands,271.0,707670000.0,259.0,335360000.0,530.0,1043030000.0,192,81,111,259,271,530,0.0028162525614871,5,Netherlands / Belgium
Newcastle United U18,England,8.0,0.0,0.0,0.0,8.0,0.0,1,0,1,0,8,8,5.964586928733951e-05,0,England / Scotland
Racing Santander,Spain,89.0,39900000.0,87.0,11765000.0,176.0,51665000.0,97,48,49,87,89,176,0.0010394688295804,3,Spain / Argentina
Roma Primavera,Italy,35.0,4250000.0,1.0,0.0,36.0,4250000.0,11,1,10,1,35,36,6.886204884622808e-05,2,Italy / Romania
SK Sigma Olomouc,Czech Republic,2.0,6000000.0,5.0,0.0,7.0,6000000.0,5,4,1,5,2,7,0.0001000794421776,2,Italy / Romania
NK Inter Zapresic,Croatia,8.0,5000000.0,7.0,0.0,15.0,5000000.0,11,5,6,7,8,15,0.0001345677309318,2,Italy / Romania
RSC Anderlecht,Belgium,90.0,211800000.0,81.0,53950000.0,171.0,265750000.0,114,56,58,81,90,171,0.0008782532314518,5,Netherlands / Belgium
Bohemian Football Club,Ireland,1.0,90000.0,0.0,0.0,1.0,90000.0,1,0,1,0,1,1,5.964586928733951e-05,0,England / Scotland
Airbus UK Broughton FC,Wales,2.0,0.0,1.0,0.0,3.0,0.0,3,1,2,1,2,3,6.889630783234163e-05,0,England / Scotland
Barnet FC,England,5.0,0.0,8.0,0.0,13.0,0.0,12,7,5,8,5,13,0.0001595303439763,0,England / Scotland
Real Zaragoza,Spain,127.0,89055000.0,169.0,62100000.0,296.0,151155000.0,146,73,73,169,127,296,0.0018070328302584,3,Spain / Argentina
FC Lorient,France,213.0,308890000.0,210.0,126280000.0,423.0,435170000.0,184,90,94,210,213,423,0.0024315996278012,1,France / Belgium
Sevilla FC,Spain,399.0,1357660000.0,392.0,1229860000.0,791.0,2587520000.0,254,125,129,392,399,791,0.0036664015262957,3,Spain / Argentina
UNAM Pumas,Mexico,4.0,16670000.0,6.0,2000000.0,10.0,18670000.0,9,6,3,6,4,10,0.0001213431677533,3,Spain / Argentina
FC Midtjylland,Denmark,20.0,42300000.0,20.0,12850000.0,40.0,55150000.0,37,17,20,20,20,40,0.0002917062347318,0,England / Scotland
MVV Maastricht,Netherlands,22.0,450000.0,30.0,0.0,52.0,450000.0,25,13,12,30,22,52,0.0004597349559397,5,Netherlands / Belgium
SS Lazio,Italy,439.0,561865000.0,255.0,564246000.0,694.0,1126111000.0,282,95,187,255,439,694,0.0024556466340955,2,Italy / Romania
Real Madrid Castilla,Spain,80.0,51400000.0,27.0,150000.0,107.0,51550000.0,54,18,36,27,80,107,0.0003484950578317,3,Spain / Argentina
Valencia CF,Spain,364.0,1279050000.0,357.0,1132540000.0,721.0,2411590000.0,213,103,110,357,364,721,0.0034946657990615,3,Spain / Argentina
CF América,Mexico,12.0,72100000.0,9.0,23630000.0,21.0,95730000.0,16,7,9,9,12,21,0.0001387650089056,3,Spain / Argentina
NAC Breda,Netherlands,160.0,16785000.0,191.0,500000.0,351.0,17285000.0,162,75,87,191,160,351,0.0022889206846512,5,Netherlands / Belgium
Stade Rennais FC,France,334.0,686522000.0,322.0,613930000.0,656.0,1300452000.0,251,117,134,322,334,656,0.0035429381194803,1,France / Belgium
Sint-Truidense VV,Belgium,18.0,15750000.0,28.0,2160000.0,46.0,17910000.0,41,25,16,28,18,46,0.0003358509634925,0,England / Scotland
Enppi SC,Egypt,3.0,3200000.0,3.0,0.0,6.0,3200000.0,5,3,2,3,3,6,9.757021469019182e-05,3,Spain / Argentina
CD Cruz Azul,Mexico,6.0,2500000.0,11.0,16800000.0,17.0,19300000.0,15,10,5,11,6,17,0.0001808243187158,3,Spain / Argentina
Hamburger SV,Germany,220.0,243150000.0,204.0,340110000.0,424.0,583260000.0,183,82,101,204,220,424,0.002275829996246,6,Germany / Austria
Sporting Club Accra,Ghana,2.0,0.0,0.0,0.0,2.0,0.0,2,0,2,0,2,2,5.964586928733951e-05,3,Spain / Argentina
Manchester City U18,England,15.0,7840000.0,0.0,0.0,15.0,7840000.0,2,0,2,0,15,15,5.964586928733951e-05,0,England / Scotland
Parma FC,Italy,771.0,2784520000.0,421.0,715123000.0,1192.0,3499643000.0,376,161,215,421,771,1192,0.0089908360412604,2,Italy / Romania
Málaga CF,Spain,267.0,365835000.0,281.0,194060000.0,548.0,559895000.0,246,128,118,281,267,548,0.0032115729215527,3,Spain / Argentina
Galatasaray A.S.,Turkey,63.0,97740000.0,72.0,133216000.0,135.0,230956000.0,95,50,45,72,63,135,0.0007181734926437,0,England / Scotland
Santos FC,Brazil,35.0,236350000.0,24.0,12300000.0,59.0,248650000.0,49,22,27,24,35,59,0.0002681649514591,4,Portugal / Brazil
IF Brommapojkarna,Sweden,5.0,3000000.0,1.0,0.0,6.0,3000000.0,5,1,4,1,5,6,6.854538339144269e-05,5,Netherlands / Belgium
Aberdeen FC,Scotland,12.0,635000.0,14.0,0.0,26.0,635000.0,21,11,10,14,12,26,0.0002043707078316,0,England / Scotland
Inverness Caledonian Thistle FC,Scotland,4.0,0.0,6.0,0.0,10.0,0.0,7,4,3,6,4,10,0.0001302071556661,0,England / Scotland
Morecambe FC,England,9.0,0.0,9.0,0.0,18.0,0.0,14,7,7,9,9,18,0.0001738231059527,0,England / Scotland
Sport Club Internacional,Brazil,39.0,110950000.0,39.0,30400000.0,78.0,141350000.0,58,28,30,39,39,78,0.0004223233272628,4,Portugal / Brazil
FC Porto,Portugal,615.0,1611598000.0,586.0,686380000.0,1201.0,2297978000.0,347,172,175,586,615,1201,0.0079855788639246,4,Portugal / Brazil
Juventus FC,Italy,779.0,2514749000.0,413.0,3007409000.0,1192.0,5522158000.0,327,102,225,413,779,1192,0.0040165280164775,2,Italy / Romania
AO Kavala,Greece,3.0,0.0,4.0,300000.0,7.0,300000.0,7,4,3,4,3,7,9.468014803619084e-05,4,Portugal / Brazil
Córdoba CF,Spain,59.0,15100000.0,76.0,1750000.0,135.0,16850000.0,90,51,39,76,59,135,0.0008845177231223,3,Spain / Argentina
RC Strasbourg Alsace,France,89.0,107500000.0,103.0,69400000.0,192.0,176900000.0,103,51,52,103,89,192,0.0011814517717166,1,France / Belgium
Legia Warszawa,Poland,25.0,30700000.0,20.0,3400000.0,45.0,34100000.0,40,18,22,20,25,45,0.0002880601306726,1,France / Belgium
Kilmarnock FC,Scotland,13.0,950000.0,15.0,0.0,28.0,950000.0,22,11,11,15,13,28,0.0002082084778705,0,England / Scotland
Zenit St. Petersburg,Russia,36.0,118070000.0,38.0,290300000.0,74.0,408370000.0,59,31,28,38,36,74,0.0003915657232023,1,France / Belgium
Nîmes Olympique,France,58.0,52800000.0,74.0,27500000.0,132.0,80300000.0,66,36,30,74,58,132,0.0008326249349121,1,France / Belgium
Kettering Town,England,1.0,0.0,2.0,0.0,3.0,0.0,3,2,1,2,1,3,8.685755141687847e-05,0,England / Scotland
Stockport County,England,5.0,0.0,7.0,0.0,12.0,0.0,9,5,4,7,5,12,0.0001492494595301,0,England / Scotland
Deportivo de La Coruña,Spain,191.0,105700000.0,206.0,53125000.0,397.0,158825000.0,161,79,82,206,191,397,0.002231514283759,3,Spain / Argentina
Suwon Samsung Bluewings,"Korea, South",3.0,1500000.0,4.0,0.0,7.0,1500000.0,7,4,3,4,3,7,0.0001105651958701,4,Portugal / Brazil
Aalesunds FK,Norway,2.0,5000000.0,2.0,0.0,4.0,5000000.0,4,2,2,2,2,4,8.649700864529712e-05,5,Netherlands / Belgium
Fulham FC Reserves,England,5.0,150000.0,1.0,0.0,6.0,150000.0,4,1,3,1,5,6,6.889630783234163e-05,0,England / Scotland
Newcastle United Reserves,England,4.0,0.0,0.0,0.0,4.0,0.0,1,0,1,0,4,4,5.964586928733951e-05,0,England / Scotland
Dundee FC,Scotland,3.0,175000.0,3.0,0.0,6.0,175000.0,6,3,3,3,3,6,9.974501188347032e-05,0,England / Scotland
Nantwich Town FC,England,2.0,0.0,3.0,0.0,5.0,0.0,2,1,1,3,2,5,9.80049240834055e-05,0,England / Scotland
Mansfield Town,England,7.0,0.0,7.0,0.0,14.0,0.0,10,5,5,7,7,14,0.0001463131025885,0,England / Scotland
Fluminense Football Club,Brazil,41.0,105135000.0,30.0,7260000.0,71.0,112395000.0,51,23,28,30,41,71,0.0003579778847951,4,Portugal / Brazil
Chukyo High School,Japan,1.0,0.0,0.0,0.0,1.0,0.0,1,0,1,0,1,1,5.964586928733951e-05,0,England / Scotland
Vitesse Arnhem,Netherlands,263.0,144900000.0,262.0,30840000.0,525.0,175740000.0,206,100,106,262,263,525,0.0031894528464571,5,Netherlands / Belgium
TSG 1899 Hoffenheim,Germany,331.0,700785000.0,331.0,391238000.0,662.0,1092023000.0,261,134,127,331,331,662,0.003790660301306,6,Germany / Austria
Dulwich Hamlet,England,2.0,75000.0,1.0,0.0,3.0,75000.0,3,1,2,1,2,3,7.129425741873219e-05,0,England / Scotland
Rubin Kazan,Russia,31.0,26950000.0,28.0,108600000.0,59.0,135550000.0,47,25,22,28,31,59,0.0003284746380417,3,Spain / Argentina
Port Vale FC,England,10.0,0.0,13.0,0.0,23.0,0.0,20,11,9,13,10,23,0.0002359085271596,0,England / Scotland
Stevenage FC,England,13.0,1700000.0,16.0,0.0,29.0,1700000.0,21,11,10,16,13,29,0.0002566791327566,0,England / Scotland
Paris Saint-Germain,France,272.0,902000000.0,291.0,2744500000.0,563.0,3646500000.0,191,94,97,291,272,563,0.0025598300567543,1,France / Belgium
York City,England,9.0,2950000.0,9.0,0.0,18.0,2950000.0,15,8,7,9,9,18,0.0001692774105406,0,England / Scotland
VfL Wolfsburg,Germany,310.0,736200000.0,333.0,1056500000.0,643.0,1792700000.0,242,125,117,333,310,643,0.0037784726757375,6,Germany / Austria
Club Atlético Newell's Old Boys,Argentina,11.0,16600000.0,11.0,3250000.0,22.0,19850000.0,21,10,11,11,11,22,0.0001632776266329,2,Italy / Romania
FC Schalke 04,Germany,308.0,562550000.0,313.0,531950000.0,621.0,1094500000.0,215,105,110,313,308,621,0.0034372739834419,6,Germany / Austria
FC Barcelona B,Spain,87.0,62100000.0,19.0,4950000.0,106.0,67050000.0,52,17,35,19,87,106,0.0002554953596421,3,Spain / Argentina
SuperSport United,South Africa,2.0,2200000.0,2.0,0.0,4.0,2200000.0,4,2,2,2,2,4,7.983320386605564e-05,5,Netherlands / Belgium
Basingstoke Town,England,1.0,0.0,1.0,0.0,2.0,0.0,2,1,1,1,1,2,6.976732185616294e-05,0,England / Scotland
Iraklis Thessaloniki,Greece,6.0,1400000.0,12.0,400000.0,18.0,1800000.0,18,12,6,12,6,18,0.0001847455690992,4,Portugal / Brazil
MSV Duisburg,Germany,35.0,3410000.0,33.0,1250000.0,68.0,4660000.0,42,20,22,33,35,68,0.000416864458599,6,Germany / Austria
FC Utrecht,Netherlands,246.0,139385000.0,250.0,34600000.0,496.0,173985000.0,182,88,94,250,246,496,0.0028904355014368,5,Netherlands / Belgium
Wrexham AFC,England,8.0,365000.0,5.0,0.0,13.0,365000.0,8,3,5,5,8,13,0.0001232892633904,0,England / Scotland
AEK Larnaca,Cyprus,8.0,0.0,25.0,0.0,33.0,0.0,25,18,7,25,8,33,0.0003440843581518,3,Spain / Argentina
Norwich City U18,England,4.0,0.0,0.0,0.0,4.0,0.0,1,0,1,0,4,4,5.964586928733951e-05,0,England / Scotland
UD Almería,Spain,120.0,81500000.0,117.0,24920000.0,237.0,106420000.0,111,55,56,117,120,237,0.0014270608592772,3,Spain / Argentina
Racing Strasbourg B,France,13.0,0.0,0.0,0.0,13.0,0.0,3,0,3,0,13,13,5.964586928733951e-05,1,France / Belgium
Bury FC U18,England,1.0,0.0,0.0,0.0,1.0,0.0,1,0,1,0,1,1,5.964586928733951e-05,0,England / Scotland
Tombense Futebol Clube (MG),Brazil,15.0,19180000.0,10.0,0.0,25.0,19180000.0,23,10,13,10,15,25,0.0001738720653204,4,Portugal / Brazil
Queens Park Rangers U18,England,6.0,0.0,0.0,0.0,6.0,0.0,1,0,1,0,6,6,5.964586928733951e-05,0,England / Scotland
AC Lumezzane,Italy,7.0,0.0,44.0,80000.0,51.0,80000.0,22,17,5,44,7,51,0.0003452714605911,2,Italy / Romania
Boreham Wood FC,England,1.0,0.0,1.0,0.0,2.0,0.0,2,1,1,1,1,2,7.309170932156326e-05,0,England / Scotland
Gillingham FC,England,12.0,3150000.0,16.0,0.0,28.0,3150000.0,19,11,8,16,12,28,0.0002589479210657,0,England / Scotland
Aldershot Town,England,4.0,0.0,5.0,0.0,9.0,0.0,7,4,3,5,4,9,0.0001256977298778,0,England / Scotland
UC Sampdoria,Italy,659.0,3373363000.0,386.0,623270000.0,1045.0,3996633000.0,342,107,235,386,659,1045,0.0034978730679436,2,Italy / Romania
West Bromwich Albion Reserves,England,1.0,0.0,0.0,0.0,1.0,0.0,1,0,1,0,1,1,5.964586928733951e-05,0,England / Scotland
West Bromwich Albion U18,England,4.0,0.0,0.0,0.0,4.0,0.0,1,0,1,0,4,4,5.964586928733951e-05,0,England / Scotland
Víkingur Reykjavík,Iceland,1.0,0.0,1.0,0.0,2.0,0.0,2,1,1,1,1,2,7.128644373464563e-05,0,England / Scotland
MKE Ankaragücü,Turkey,6.0,0.0,12.0,2100000.0,18.0,2100000.0,17,11,6,12,6,18,0.0001882535551694,0,England / Scotland
US Palermo,Italy,387.0,982320000.0,230.0,219863000.0,617.0,1202183000.0,260,104,156,230,387,617,0.0028011223552302,2,Italy / Romania
FC Slovan Liberec,Czech Republic,8.0,5600000.0,6.0,0.0,14.0,5600000.0,13,5,8,6,8,14,0.0001101985969156,2,Italy / Romania
Rákospalotai EAC,Hungary,1.0,0.0,0.0,0.0,1.0,0.0,1,0,1,0,1,1,5.964586928733951e-05,0,England / Scotland
LOSC Lille,France,300.0,1238120000.0,295.0,498450000.0,595.0,1736570000.0,234,119,115,295,300,595,0.0038471207483428,1,France / Belgium
RC Lens B,France,19.0,0.0,2.0,0.0,21.0,0.0,4,2,2,2,19,21,8.035436110496833e-05,1,France / Belgium
KRC Genk,Belgium,45.0,195450000.0,19.0,10800000.0,64.0,206250000.0,55,18,37,19,45,64,0.0002564113998436,0,England / Scotland
Fenerbahce SK,Turkey,42.0,80120000.0,57.0,125150000.0,99.0,205270000.0,71,36,35,57,42,99,0.0005941141935093,0,England / Scotland
Deportivo Saprissa,Costa Rica,8.0,2200000.0,1.0,0.0,9.0,2200000.0,7,1,6,1,8,9,7.590706805685459e-05,1,France / Belgium
Arsenal FC Reserves,England,9.0,1650000.0,3.0,0.0,12.0,1650000.0,7,2,5,3,9,12,9.03905093557495e-05,1,France / Belgium
Crawley Town,England,13.0,370000.0,14.0,0.0,27.0,370000.0,22,12,10,14,13,27,0.0002284674106116,0,England / Scotland
Feyenoord Rotterdam,Netherlands,275.0,262700000.0,289.0,136790000.0,564.0,399490000.0,190,87,103,289,275,564,0.0032566088855534,5,Netherlands / Belgium
FC Volendam,Netherlands,28.0,5975000.0,20.0,0.0,48.0,5975000.0,34,16,18,20,28,48,0.0002907855277596,5,Netherlands / Belgium
Macclesfield Town FC,England,4.0,0.0,6.0,0.0,10.0,0.0,10,6,4,6,4,10,0.0001268743990394,0,England / Scotland
Chunnam Dragons,"Korea, South",3.0,2400000.0,0.0,0.0,3.0,2400000.0,3,0,3,0,3,3,5.964586928733951e-05,0,England / Scotland
Derry City,Ireland,1.0,750000.0,1.0,0.0,2.0,750000.0,2,1,1,1,1,2,6.9537383897226e-05,0,England / Scotland
AFC Wimbledon,England,8.0,295000.0,10.0,0.0,18.0,295000.0,16,8,8,10,8,18,0.0001859374698098,0,England / Scotland
FK Partizan Belgrade,Serbia,34.0,76800000.0,24.0,4569000.0,58.0,81369000.0,41,19,22,24,34,58,0.0002803016844505,1,France / Belgium
Politehnica Timisoara,Romania,3.0,3800000.0,3.0,50000.0,6.0,3850000.0,5,3,2,3,3,6,8.448245724388794e-05,0,England / Scotland
Levante UD,Spain,228.0,180180000.0,269.0,102750000.0,497.0,282930000.0,189,94,95,269,228,497,0.0031754309019306,3,Spain / Argentina
Willem II Tilburg,Netherlands,227.0,16940000.0,267.0,3425000.0,494.0,20365000.0,187,96,91,267,227,494,0.0030980112799356,5,Netherlands / Belgium
Juventus Primavera,Italy,27.0,6250000.0,3.0,0.0,30.0,6250000.0,12,3,9,3,27,30,8.709304427949268e-05,2,Italy / Romania
Tottenham Hotspur Reserves,England,1.0,0.0,0.0,0.0,1.0,0.0,1,0,1,0,1,1,5.964586928733951e-05,0,England / Scotland
Liverpool FC Reserves,England,6.0,3700000.0,2.0,0.0,8.0,3700000.0,6,2,4,2,6,8,8.482621731957585e-05,3,Spain / Argentina
PAOK Thessaloniki,Greece,36.0,34200000.0,41.0,6650000.0,77.0,40850000.0,66,36,30,41,36,77,0.0004798058840128,3,Spain / Argentina
Club Atlético Tigre,Argentina,9.0,15380000.0,8.0,0.0,17.0,15380000.0,16,7,9,8,9,17,0.0001223248177046,3,Spain / Argentina
Heart of Midlothian FC,Scotland,13.0,2212000.0,20.0,0.0,33.0,2212000.0,26,16,10,20,13,33,0.0002750590689402,0,England / Scotland
Cliftonville FC,Northern Ireland,1.0,125000.0,0.0,0.0,1.0,125000.0,1,0,1,0,1,1,5.964586928733951e-05,0,England / Scotland
AS Nancy-Lorraine,France,124.0,87325000.0,126.0,23900000.0,250.0,111225000.0,113,55,58,126,124,250,0.0016855931932554,1,France / Belgium
Hampton & Richmond Borough,England,2.0,0.0,2.0,0.0,4.0,0.0,4,2,2,2,2,4,8.80543359134315e-05,0,England / Scotland
Tigres UANL,Mexico,11.0,19550000.0,16.0,50900000.0,27.0,70450000.0,23,13,10,16,11,27,0.0002274554071036,3,Spain / Argentina
SC Freiburg,Germany,216.0,338130000.0,215.0,179060000.0,431.0,517190000.0,180,86,94,215,216,431,0.0027054322325667,6,Germany / Austria
São Paulo Futebol Clube,Brazil,53.0,188430000.0,35.0,27250000.0,88.0,215680000.0,60,22,38,35,53,88,0.0004191612773473,4,Portugal / Brazil
Canvey Island FC,England,1.0,0.0,1.0,0.0,2.0,0.0,2,1,1,1,1,2,6.891267047732078e-05,0,England / Scotland
Standard Liège U19,Belgium,1.0,0.0,0.0,0.0,1.0,0.0,1,0,1,0,1,1,5.964586928733951e-05,0,England / Scotland
Borussia Dortmund U19,Germany,21.0,1000000.0,0.0,0.0,21.0,1000000.0,7,0,7,0,21,21,5.964586928733951e-05,6,Germany / Austria
New York Red Bulls,United States,10.0,12150000.0,11.0,1250000.0,21.0,13400000.0,15,9,6,11,10,21,0.0001602019272109,0,England / Scotland
Alfreton Town,England,1.0,0.0,2.0,0.0,3.0,0.0,3,2,1,2,1,3,8.404154383775889e-05,0,England / Scotland
Shamrock Rovers,Ireland,2.0,285000.0,5.0,0.0,7.0,285000.0,6,4,2,5,2,7,0.000115932657872,0,England / Scotland
Eintracht Frankfurt,Germany,253.0,411390000.0,299.0,316770000.0,552.0,728160000.0,231,108,123,299,253,552,0.003326169666804,6,Germany / Austria
Strømsgodset IF,Norway,9.0,5700000.0,9.0,0.0,18.0,5700000.0,11,5,6,9,9,18,0.0001445032492348,0,England / Scotland
Halmstads BK,Sweden,6.0,3400000.0,0.0,0.0,6.0,3400000.0,5,0,5,0,6,6,5.964586928733951e-05,5,Netherlands / Belgium
Southport FC,England,2.0,0.0,3.0,0.0,5.0,0.0,4,2,2,3,2,5,9.955244176349548e-05,0,England / Scotland
San Jose Earthquakes,United States,5.0,0.0,11.0,2500000.0,16.0,2500000.0,11,7,4,11,5,16,0.0001759050320293,5,Netherlands / Belgium
SK Dynamo Ceske Budejovice,Czech Republic,1.0,0.0,1.0,0.0,2.0,0.0,2,1,1,1,1,2,6.891267047732078e-05,0,England / Scotland
Dijon FCO,France,134.0,125650000.0,147.0,59400000.0,281.0,185050000.0,146,77,69,147,134,281,0.0021264821096221,1,France / Belgium
Arsenal FC U21,England,11.0,1300000.0,0.0,0.0,11.0,1300000.0,3,0,3,0,11,11,5.964586928733951e-05,0,England / Scotland
1.FC Kaiserslautern,Germany,89.0,28300000.0,91.0,18690000.0,180.0,46990000.0,86,42,44,91,89,180,0.0012096401269855,6,Germany / Austria
Swansea City U21,Wales,2.0,0.0,0.0,0.0,2.0,0.0,1,0,1,0,2,2,5.964586928733951e-05,0,England / Scotland
Club Universidad de Chile,Chile,13.0,35440000.0,8.0,105000.0,21.0,35545000.0,21,8,13,8,13,21,0.0001449795852774,2,Italy / Romania
Manchester United U21,England,16.0,3820000.0,1.0,0.0,17.0,3820000.0,7,1,6,1,16,17,7.42017586410456e-05,0,England / Scotland
Besiktas JK,Turkey,43.0,55785000.0,69.0,78100000.0,112.0,133885000.0,79,42,37,69,43,112,0.0006909060497961,3,Spain / Argentina
Racing Club,Argentina,28.0,77280000.0,16.0,6450000.0,44.0,83730000.0,36,14,22,16,28,44,0.0001883348065804,4,Portugal / Brazil
KAA Gent,Belgium,40.0,112700000.0,24.0,12080000.0,64.0,124780000.0,54,21,33,24,40,64,0.0003241969688737,1,France / Belgium
Dynamo Kyiv,Ukraine,36.0,107770000.0,30.0,65750000.0,66.0,173520000.0,50,24,26,30,36,66,0.0003467383121521,1,France / Belgium
Vaasan Palloseura,Finland,1.0,0.0,1.0,0.0,2.0,0.0,2,1,1,1,1,2,7.128644373464563e-05,0,England / Scotland
Panathinaikos Athens,Greece,39.0,18880000.0,55.0,20160000.0,94.0,39040000.0,77,42,35,55,39,94,0.0006152330555543,5,Netherlands / Belgium
Fulham FC U21,England,5.0,0.0,0.0,0.0,5.0,0.0,3,0,3,0,5,5,5.964586928733951e-05,0,England / Scotland
Fortuna Sittard,Netherlands,117.0,5700000.0,134.0,1360000.0,251.0,7060000.0,168,86,82,134,117,251,0.0028172725200325,5,Netherlands / Belgium
Melbourne Heart FC,Australia,3.0,515000.0,4.0,0.0,7.0,515000.0,7,4,3,4,3,7,0.0001075251341736,5,Netherlands / Belgium
Stade Reims,France,134.0,149400000.0,145.0,84610000.0,279.0,234010000.0,156,76,80,145,134,279,0.00181702204667,1,France / Belgium
Newcastle United U21,England,4.0,800000.0,0.0,0.0,4.0,800000.0,2,0,2,0,4,4,5.964586928733951e-05,0,England / Scotland
St. Mirren FC,Scotland,13.0,0.0,12.0,0.0,25.0,0.0,17,8,9,12,13,25,0.0001965778439029,0,England / Scotland
Montpellier HSC,France,182.0,377400000.0,179.0,123375000.0,361.0,500775000.0,185,88,97,179,182,361,0.0026172303752163,1,France / Belgium
CD Alcoyano,Spain,4.0,0.0,4.0,0.0,8.0,0.0,8,4,4,4,4,8,0.0001018339180157,3,Spain / Argentina
Real Sociedad,Spain,175.0,452700000.0,179.0,294000000.0,354.0,746700000.0,135,66,69,179,175,354,0.0018517613831562,3,Spain / Argentina
Aston Villa U21,England,7.0,0.0,0.0,0.0,7.0,0.0,1,0,1,0,7,7,5.964586928733951e-05,0,England / Scotland
FC Sochaux-Montbéliard,France,110.0,91010000.0,103.0,34650000.0,213.0,125660000.0,113,50,63,103,110,213,0.0011747809205161,1,France / Belgium
Sunderland AFC U21,England,5.0,0.0,0.0,0.0,5.0,0.0,1,0,1,0,5,5,5.964586928733951e-05,0,England / Scotland
Kayserispor,Turkey,21.0,3650000.0,39.0,9350000.0,60.0,13000000.0,43,27,16,39,21,60,0.0004845531785384,6,Germany / Austria
Workington AFC,England,2.0,0.0,2.0,0.0,4.0,0.0,2,1,1,2,2,4,8.141857848349614e-05,0,England / Scotland
Al-Ain FC,United Arab Emirates,8.0,1600000.0,7.0,22200000.0,15.0,23800000.0,13,6,7,7,8,15,0.0001275002732453,4,Portugal / Brazil
Real Betis Balompié,Spain,253.0,447770000.0,290.0,398170000.0,543.0,845940000.0,207,104,103,290,253,543,0.0029705674860609,3,Spain / Argentina
Bologna FC 1909,Italy,457.0,864231000.0,338.0,921097000.0,795.0,1785328000.0,292,108,184,338,457,795,0.0039494275118498,2,Italy / Romania
BSC Young Boys,Switzerland,32.0,80000000.0,25.0,16920000.0,57.0,96920000.0,47,20,27,25,32,57,0.0003140920032572,1,France / Belgium
VVV-Venlo,Netherlands,162.0,22400000.0,173.0,1800000.0,335.0,24200000.0,166,85,81,173,162,335,0.0024670165789838,5,Netherlands / Belgium
Southampton FC U18,England,3.0,0.0,0.0,0.0,3.0,0.0,1,0,1,0,3,3,5.964586928733951e-05,0,England / Scotland
Toronto FC,United States,3.0,3500000.0,15.0,19180000.0,18.0,22680000.0,16,13,3,15,3,18,0.0002044035628242,0,England / Scotland
SC Heerenveen,Netherlands,271.0,208700000.0,263.0,42840000.0,534.0,251540000.0,234,108,126,263,271,534,0.0032886956722688,5,Netherlands / Belgium
Liverpool FC U21,England,8.0,0.0,1.0,0.0,9.0,0.0,3,1,2,1,8,9,7.540346358882255e-05,0,England / Scotland
FC Copenhagen,Denmark,29.0,97700000.0,24.0,20830000.0,53.0,118530000.0,42,18,24,24,29,53,0.0002800090127641,6,Germany / Austria
Dundalk FC,Ireland,1.0,0.0,3.0,0.0,4.0,0.0,3,2,1,3,1,4,9.708595133170124e-05,0,England / Scotland
Rangers FC U20,Scotland,1.0,0.0,0.0,0.0,1.0,0.0,1,0,1,0,1,1,5.964586928733951e-05,0,England / Scotland
Bray Wanderers,Ireland,1.0,0.0,0.0,0.0,1.0,0.0,1,0,1,0,1,1,5.964586928733951e-05,0,England / Scotland
Reading FC U18,England,2.0,0.0,0.0,0.0,2.0,0.0,1,0,1,0,2,2,5.964586928733951e-05,0,England / Scotland
FC Reading U21,England,2.0,0.0,0.0,0.0,2.0,0.0,1,0,1,0,2,2,5.964586928733951e-05,0,England / Scotland
Woking FC,England,5.0,0.0,6.0,0.0,11.0,0.0,9,5,4,6,5,11,0.0001368108341446,0,England / Scotland
Shanghai Shenhua Liansheng,China,3.0,0.0,3.0,0.0,6.0,0.0,5,2,3,3,3,6,9.36525889627272e-05,0,England / Scotland
Roda JC Kerkrade,Netherlands,153.0,21450000.0,186.0,2055000.0,339.0,23505000.0,170,79,91,186,153,339,0.0027851611131765,5,Netherlands / Belgium
CA Osasuna,Spain,165.0,84650000.0,189.0,74550000.0,354.0,159200000.0,149,67,82,189,165,354,0.0021814986342676,3,Spain / Argentina
Fleetwood Town,England,11.0,0.0,19.0,605000.0,30.0,605000.0,20,11,9,19,11,30,0.0002999686583561,0,England / Scotland
Dartford FC,England,3.0,0.0,2.0,0.0,5.0,0.0,3,1,2,2,3,5,8.294264555012577e-05,0,England / Scotland
FC Eindhoven,Netherlands,27.0,760000.0,30.0,10000.0,57.0,770000.0,34,17,17,30,27,57,0.0004253713137066,5,Netherlands / Belgium
Servette FC,Switzerland,15.0,2000000.0,22.0,70000.0,37.0,2070000.0,24,14,10,22,15,37,0.0003015991648336,4,Portugal / Brazil
Clermont Foot Auvergne 63,France,18.0,4900000.0,17.0,0.0,35.0,4900000.0,26,13,13,17,18,35,0.0002366954001816,1,France / Belgium
Waterford United,Ireland,1.0,0.0,0.0,0.0,1.0,0.0,1,0,1,0,1,1,5.964586928733951e-05,0,England / Scotland
Cruzeiro Esporte Clube,Brazil,45.0,39115000.0,43.0,4750000.0,88.0,43865000.0,47,26,21,43,45,88,0.0005607307215268,4,Portugal / Brazil
Bursaspor,Turkey,21.0,22500000.0,27.0,14525000.0,48.0,37025000.0,37,20,17,27,21,48,0.000327900260979,1,France / Belgium
Southampton FC U21,England,8.0,0.0,0.0,0.0,8.0,0.0,1,0,1,0,8,8,5.964586928733951e-05,0,England / Scotland
FK Rostov,Russia,5.0,16000000.0,4.0,1700000.0,9.0,17700000.0,9,4,5,4,5,9,0.000103055192415,0,England / Scotland
Sporting Kansas City,United States,6.0,7000000.0,9.0,2700000.0,15.0,9700000.0,14,8,6,9,6,15,0.0001673403055988,3,Spain / Argentina
Cambridge United,England,8.0,0.0,10.0,0.0,18.0,0.0,14,8,6,10,8,18,0.0001883139176933,0,England / Scotland
FC Dallas,United States,6.0,19990000.0,6.0,1740000.0,12.0,21730000.0,11,6,5,6,6,12,0.0001216416658406,1,France / Belgium
Bishop's Stortford FC,England,1.0,0.0,1.0,0.0,2.0,0.0,2,1,1,1,1,2,7.243222088602865e-05,0,England / Scotland
Anzhi Makhachkala,Russia,12.0,62300000.0,14.0,75500000.0,26.0,137800000.0,23,13,10,14,12,26,0.0001882153702581,0,England / Scotland
Staines Town FC,England,2.0,0.0,3.0,0.0,5.0,0.0,3,2,1,3,2,5,9.52640765538961e-05,0,England / Scotland
Rio Ave FC,Portugal,354.0,92665000.0,378.0,9090000.0,732.0,101755000.0,274,140,134,378,354,732,0.0057618244405261,4,Portugal / Brazil
Manchester City U21,England,12.0,500000.0,4.0,0.0,16.0,500000.0,15,4,11,4,12,16,0.0001176036498437,1,France / Belgium
NK Zadar,Croatia,2.0,2750000.0,1.0,0.0,3.0,2750000.0,3,1,2,1,2,3,7.029224612845858e-05,6,Germany / Austria
CD O'Higgins,Chile,6.0,5815000.0,5.0,0.0,11.0,5815000.0,10,4,6,5,6,11,0.0001340899396302,3,Spain / Argentina
IF Angered United,Sweden,1.0,0.0,1.0,0.0,2.0,0.0,2,1,1,1,1,2,6.891267047732078e-05,0,England / Scotland
CE Sabadell,Spain,13.0,0.0,14.0,0.0,27.0,0.0,22,12,10,14,13,27,0.0002058477846168,3,Spain / Argentina
ADO Den Haag,Netherlands,259.0,23443000.0,268.0,1511000.0,527.0,24954000.0,223,104,119,268,259,527,0.0034669502519951,5,Netherlands / Belgium
Grêmio Foot-Ball Porto Alegrense,Brazil,31.0,99860000.0,23.0,10800000.0,54.0,110660000.0,45,21,24,23,31,54,0.0002875892236478,4,Portugal / Brazil
Hannover 96,Germany,167.0,113260000.0,184.0,125840000.0,351.0,239100000.0,183,91,92,184,167,351,0.002110095723711,6,Germany / Austria
SD Ponferradina,Spain,22.0,287000.0,34.0,0.0,56.0,287000.0,36,21,15,34,22,56,0.0004425678575268,3,Spain / Argentina
Sport Club Corinthians Paulista,Brazil,39.0,119980000.0,25.0,37380000.0,64.0,157360000.0,49,21,28,25,39,64,0.0003105436768111,4,Portugal / Brazil
Steaua Bukarest,Romania,14.0,22450000.0,9.0,1000000.0,23.0,23450000.0,21,8,13,9,14,23,0.0001558095446826,2,Italy / Romania
Tottenham Hotspur U21,England,6.0,1000000.0,0.0,0.0,6.0,1000000.0,4,0,4,0,6,6,5.964586928733951e-05,0,England / Scotland
Stade Brestois 29,France,115.0,77400000.0,135.0,67500000.0,250.0,144900000.0,124,63,61,135,115,250,0.0016282204504661,1,France / Belgium
SD Huesca,Spain,102.0,17050000.0,117.0,15100000.0,219.0,32150000.0,112,55,57,117,102,219,0.0014202162522681,3,Spain / Argentina
Udinese Calcio,Italy,791.0,1551871000.0,387.0,378926000.0,1178.0,1930797000.0,405,139,266,387,791,1178,0.0041087834669117,2,Italy / Romania
West Bromwich Albion U21,England,1.0,0.0,0.0,0.0,1.0,0.0,1,0,1,0,1,1,5.964586928733951e-05,0,England / Scotland
Getafe CF,Spain,271.0,232680000.0,300.0,225220000.0,571.0,457900000.0,215,104,111,300,271,571,0.0032346652970619,3,Spain / Argentina
Norwich City U21,England,1.0,0.0,0.0,0.0,1.0,0.0,1,0,1,0,1,1,5.964586928733951e-05,0,England / Scotland
Dnipro Dnipropetrovsk,Ukraine,11.0,7000000.0,6.0,11880000.0,17.0,18880000.0,17,6,11,6,11,17,0.000125031106036,3,Spain / Argentina
Athletic Bilbao,Spain,152.0,442000000.0,166.0,228770000.0,318.0,670770000.0,107,46,61,166,152,318,0.001582458507257,3,Spain / Argentina
FC Luzern,Switzerland,14.0,11100000.0,22.0,1150000.0,36.0,12250000.0,32,19,13,22,14,36,0.000283535729725,6,Germany / Austria
Wellington Phoenix,Australia,4.0,0.0,1.0,0.0,5.0,0.0,5,1,4,1,4,5,7.124635205361825e-05,4,Portugal / Brazil
Oxford United,England,11.0,0.0,14.0,0.0,25.0,0.0,20,11,9,14,11,25,0.0002150376683988,0,England / Scotland
FC Tokyo,Japan,8.0,5180000.0,6.0,750000.0,14.0,5930000.0,12,6,6,6,8,14,0.0001132411494807,2,Italy / Romania
Frome Town FC,England,1.0,0.0,1.0,0.0,2.0,0.0,2,1,1,1,1,2,6.896158126845837e-05,0,England / Scotland
FC Nordsjaelland,Denmark,28.0,73400000.0,9.0,1050000.0,37.0,74450000.0,33,8,25,9,28,37,0.000152608447836,5,Netherlands / Belgium
Lech Poznan,Poland,12.0,40550000.0,7.0,1350000.0,19.0,41900000.0,17,7,10,7,12,19,0.0001459674043922,0,England / Scotland
Aalborg BK,Denmark,15.0,8260000.0,11.0,350000.0,26.0,8610000.0,22,9,13,11,15,26,0.0001691442717877,6,Germany / Austria
FC Groningen,Netherlands,239.0,155841000.0,239.0,37775000.0,478.0,193616000.0,210,95,115,239,239,478,0.0029627334371716,5,Netherlands / Belgium
IFK Göteborg,Sweden,14.0,13850000.0,12.0,325000.0,26.0,14175000.0,21,9,12,12,14,26,0.0001528262699093,2,Italy / Romania
Trabzonspor,Turkey,28.0,45370000.0,38.0,40235000.0,66.0,85605000.0,50,26,24,38,28,66,0.0004147639460014,1,France / Belgium
AC Le Havre B,France,2.0,0.0,0.0,0.0,2.0,0.0,2,0,2,0,2,2,5.964586928733951e-05,6,Germany / Austria
SSC Napoli,Italy,570.0,1157407000.0,301.0,2166635000.0,871.0,3324042000.0,303,95,208,301,570,871,0.0031254045600529,2,Italy / Romania
CS Marítimo,Portugal,281.0,49992000.0,291.0,1075000.0,572.0,51067000.0,290,146,144,291,281,572,0.0056712996194068,4,Portugal / Brazil
FC Basel 1893,Switzerland,47.0,181400000.0,28.0,29150000.0,75.0,210550000.0,58,21,37,28,47,75,0.000301758851834,6,Germany / Austria
FC Augsburg,Germany,208.0,190420000.0,237.0,189375000.0,445.0,379795000.0,170,89,81,237,208,445,0.0027760701080209,6,Germany / Austria
Cardiff City U18,Wales,1.0,0.0,0.0,0.0,1.0,0.0,1,0,1,0,1,1,5.964586928733951e-05,0,England / Scotland
Ross County FC,Scotland,3.0,0.0,7.0,0.0,10.0,0.0,8,6,2,7,3,10,0.0001477794220905,0,England / Scotland
Llanelli AFC,Wales,1.0,0.0,0.0,0.0,1.0,0.0,1,0,1,0,1,1,5.964586928733951e-05,0,England / Scotland
FC Évian Thonon Gaillard,France,72.0,24500000.0,82.0,11200000.0,154.0,35700000.0,91,45,46,82,72,154,0.0009734071410265,1,France / Belgium
El Ahly Cairo,Egypt,4.0,11200000.0,6.0,2600000.0,10.0,13800000.0,9,6,3,6,4,10,0.0001332775294218,0,England / Scotland
Hull City U23,England,2.0,0.0,0.0,0.0,2.0,0.0,1,0,1,0,2,2,5.964586928733951e-05,0,England / Scotland
Scarborough Athletic,England,2.0,0.0,2.0,0.0,4.0,0.0,2,1,1,2,2,4,8.837445648431873e-05,0,England / Scotland
Syrianska FC,Sweden,1.0,0.0,1.0,0.0,2.0,0.0,2,1,1,1,1,2,7.10392195662234e-05,3,Spain / Argentina
Racing Club de France football,France,1.0,0.0,1.0,0.0,2.0,0.0,2,1,1,1,1,2,7.308820391202357e-05,1,France / Belgium
Crystal Palace U23,England,5.0,0.0,0.0,0.0,5.0,0.0,1,0,1,0,5,5,5.964586928733951e-05,0,England / Scotland
Crystal Palace U18,England,2.0,0.0,0.0,0.0,2.0,0.0,1,0,1,0,2,2,5.964586928733951e-05,0,England / Scotland
Monarcas Morelia,Mexico,2.0,5000000.0,0.0,0.0,2.0,5000000.0,2,0,2,0,2,2,5.964586928733951e-05,0,England / Scotland
Havant & Waterlooville FC,England,1.0,0.0,2.0,0.0,3.0,0.0,3,2,1,2,1,3,8.916438523291431e-05,0,England / Scotland
Royal Antwerp FC,Belgium,14.0,1000000.0,22.0,6700000.0,36.0,7700000.0,31,18,13,22,14,36,0.0002995459338356,0,England / Scotland
Aarhus GF,Denmark,6.0,2600000.0,10.0,0.0,16.0,2600000.0,11,7,4,10,6,16,0.0001459676638705,6,Germany / Austria
Chelsea FC U21,England,13.0,0.0,3.0,0.0,16.0,0.0,11,3,8,3,13,16,0.0001050990783335,0,England / Scotland
FK Vojvodina Novi Sad,Serbia,13.0,13250000.0,7.0,0.0,20.0,13250000.0,17,6,11,7,13,20,0.0001314461250655,6,Germany / Austria
Whitehawk FC,England,1.0,0.0,1.0,0.0,2.0,0.0,2,1,1,1,1,2,6.976732185616294e-05,0,England / Scotland
Seattle Sounders FC,United States,6.0,4655000.0,12.0,11820000.0,18.0,16475000.0,14,10,4,12,6,18,0.0002001748051774,0,England / Scotland
New England Revolution,United States,3.0,0.0,1.0,0.0,4.0,0.0,4,1,3,1,3,4,7.137760290921018e-05,0,England / Scotland
Annan Athletic FC,Scotland,1.0,0.0,2.0,0.0,3.0,0.0,2,1,1,2,1,3,8.24309807605052e-05,0,England / Scotland
Eskisehirspor,Turkey,4.0,0.0,12.0,1430000.0,16.0,1430000.0,16,12,4,12,4,16,0.0001859887982659,0,England / Scotland
Newport County,England,8.0,0.0,11.0,0.0,19.0,0.0,15,9,6,11,8,19,0.0001957732199335,0,England / Scotland
Gainsborough Trinity,England,2.0,0.0,2.0,0.0,4.0,0.0,2,1,1,2,2,4,8.837445648431873e-05,0,England / Scotland
Tamworth FC,England,1.0,0.0,1.0,0.0,2.0,0.0,2,1,1,1,1,2,7.401016288582916e-05,0,England / Scotland
Harrow Borough FC,England,1.0,0.0,2.0,0.0,3.0,0.0,3,2,1,2,1,3,8.80543359134315e-05,0,England / Scotland
OGC Nice,France,256.0,431384000.0,279.0,384310000.0,535.0,815694000.0,224,104,120,279,256,535,0.0028302644854327,1,France / Belgium
Real Murcia CF,Spain,17.0,4600000.0,24.0,0.0,41.0,4600000.0,29,16,13,24,17,41,0.0003038399570127,3,Spain / Argentina
Elche CF,Spain,117.0,39700000.0,120.0,18970000.0,237.0,58670000.0,116,54,62,120,117,237,0.0014497734976165,3,Spain / Argentina
Chester FC,England,3.0,145000.0,2.0,0.0,5.0,145000.0,5,2,3,2,3,5,8.822027491083075e-05,0,England / Scotland
Inter Milan,Italy,549.0,1252130000.0,266.0,1604282000.0,815.0,2856412000.0,271,82,189,266,549,815,0.0024645651561486,2,Italy / Romania
SV Zulte Waregem,Belgium,31.0,16100000.0,39.0,7105000.0,70.0,23205000.0,49,26,23,39,31,70,0.0004510261613854,1,France / Belgium
FK Sarajevo,Bosnia-Herzegovina,4.0,0.0,3.0,0.0,7.0,0.0,3,1,2,3,4,7,8.744627285728392e-05,0,England / Scotland
Welling United,England,2.0,0.0,4.0,0.0,6.0,0.0,3,2,1,4,2,6,0.000118072282238,0,England / Scotland
1.FC Nuremberg,Germany,144.0,87500000.0,153.0,36620000.0,297.0,124120000.0,133,72,61,153,144,297,0.0019207070493925,6,Germany / Austria
Ferencvárosi TC,Hungary,9.0,9000000.0,13.0,400000.0,22.0,9400000.0,14,7,7,13,9,22,0.000187588427615,6,Germany / Austria
Everton FC U21,England,2.0,0.0,0.0,0.0,2.0,0.0,1,0,1,0,2,2,5.964586928733951e-05,0,England / Scotland
AFC Telford United,England,2.0,0.0,3.0,0.0,5.0,0.0,5,3,2,3,2,5,9.533053957597674e-05,0,England / Scotland
Cork City FC,Ireland,1.0,257000.0,2.0,0.0,3.0,257000.0,3,2,1,2,1,3,8.540328964795079e-05,0,England / Scotland
Folkestone Invicta FC,England,1.0,0.0,0.0,0.0,1.0,0.0,1,0,1,0,1,1,5.964586928733951e-05,0,England / Scotland
Alloa Athletic FC,Scotland,1.0,0.0,1.0,0.0,2.0,0.0,2,1,1,1,1,2,7.401016288582916e-05,0,England / Scotland
Harrogate Town,England,1.0,0.0,1.0,0.0,2.0,0.0,2,1,1,1,1,2,7.401016288582916e-05,0,England / Scotland
Leicester City U18,England,1.0,0.0,0.0,0.0,1.0,0.0,1,0,1,0,1,1,5.964586928733951e-05,0,England / Scotland
Diósgyőri VTK,Hungary,3.0,0.0,5.0,0.0,8.0,0.0,7,4,3,5,3,8,0.0001177927514774,5,Netherlands / Belgium
Granada CF,Spain,371.0,154311000.0,429.0,126743000.0,800.0,281054000.0,271,147,124,429,371,800,0.0050430847748746,3,Spain / Argentina
New York City FC,United States,6.0,5800000.0,9.0,0.0,15.0,5800000.0,11,7,4,9,6,15,0.000139246356176,0,England / Scotland
FC Paços de Ferreira,Portugal,349.0,34850000.0,355.0,3232000.0,704.0,38082000.0,313,152,161,355,349,704,0.0069018516826376,4,Portugal / Brazil
CD Tenerife,Spain,42.0,13200000.0,52.0,600000.0,94.0,13800000.0,64,34,30,52,42,94,0.0006823701486281,3,Spain / Argentina
Queens Park Rangers U23,England,2.0,0.0,0.0,0.0,2.0,0.0,1,0,1,0,2,2,5.964586928733951e-05,0,England / Scotland
Concord Rangers,England,1.0,0.0,1.0,0.0,2.0,0.0,2,1,1,1,1,2,7.309170932156326e-05,0,England / Scotland
Dukla Banska Bystrica,Slovakia,2.0,350000.0,1.0,0.0,3.0,350000.0,3,1,2,1,2,3,6.955794533801583e-05,2,Italy / Romania
Stoke City U21,England,1.0,0.0,1.0,0.0,2.0,0.0,2,1,1,1,1,2,7.047665975327443e-05,0,England / Scotland
Östersunds FK,Sweden,5.0,8140000.0,2.0,0.0,7.0,8140000.0,7,2,5,2,5,7,7.366733935882693e-05,0,England / Scotland
FC Arouca,Portugal,125.0,5700000.0,145.0,0.0,270.0,5700000.0,147,81,66,145,125,270,0.0026186650483493,4,Portugal / Brazil
Rosenborg BK,Norway,19.0,27900000.0,7.0,1120000.0,26.0,29020000.0,22,7,15,7,19,26,0.0001309614404841,5,Netherlands / Belgium
Metalist Kharkiv (-2016),Ukraine,7.0,8470000.0,8.0,10900000.0,15.0,19370000.0,14,7,7,8,7,15,0.000140791733162,2,Italy / Romania
Heracles Almelo,Netherlands,192.0,66890000.0,199.0,4594000.0,391.0,71484000.0,169,83,86,199,192,391,0.0027241395947603,5,Netherlands / Belgium
CF Pachuca,Mexico,8.0,44500000.0,11.0,6340000.0,19.0,50840000.0,17,11,6,11,8,19,0.0001674977782846,3,Spain / Argentina
FC Metz,France,147.0,138025000.0,166.0,54450000.0,313.0,192475000.0,174,81,93,166,147,313,0.0024437380462904,1,France / Belgium
Club Atlético Vélez Sarsfield,Argentina,23.0,69400000.0,12.0,5490000.0,35.0,74890000.0,28,10,18,12,23,35,0.0001536315545364,2,Italy / Romania
West Ham United U21,England,4.0,0.0,0.0,0.0,4.0,0.0,2,0,2,0,4,4,5.964586928733951e-05,0,England / Scotland
Nuneaton Town,England,2.0,0.0,2.0,0.0,4.0,0.0,4,2,2,2,2,4,8.392982877794447e-05,0,England / Scotland
Sligo Rovers,Ireland,3.0,65000.0,2.0,0.0,5.0,65000.0,3,1,2,2,3,5,8.272165773321106e-05,0,England / Scotland
Hellas Verona,Italy,368.0,271320000.0,332.0,187703000.0,700.0,459023000.0,248,89,159,332,368,700,0.0031123344343594,2,Italy / Romania
Athlétic Club Arlésien,France,38.0,500000.0,52.0,0.0,90.0,500000.0,67,35,32,52,38,90,0.000755490860585,1,France / Belgium
Barton Rovers,England,1.0,40000.0,0.0,0.0,1.0,40000.0,1,0,1,0,1,1,5.964586928733951e-05,0,England / Scotland
Burgess Hill Town,England,1.0,0.0,0.0,0.0,1.0,0.0,1,0,1,0,1,1,5.964586928733951e-05,0,England / Scotland
HNK Rijeka,Croatia,17.0,31400000.0,21.0,1500000.0,38.0,32900000.0,29,17,12,21,17,38,0.0002411289682416,2,Italy / Romania
Sandefjord Fotball,Norway,1.0,0.0,1.0,0.0,2.0,0.0,2,1,1,1,1,2,6.854538339144269e-05,0,England / Scotland
SC Cambuur-Leeuwarden,Netherlands,96.0,3970000.0,109.0,125000.0,205.0,4095000.0,93,48,45,109,96,205,0.0015291181898294,5,Netherlands / Belgium
Galway United FC,Ireland,1.0,68000.0,0.0,0.0,1.0,68000.0,1,0,1,0,1,1,5.964586928733951e-05,0,England / Scotland
Al-Ittihad Jeddah,Saudi Arabia,7.0,0.0,15.0,4700000.0,22.0,4700000.0,19,13,6,15,7,22,0.000222417697197,4,Portugal / Brazil
Philadelphia Union,United States,5.0,0.0,13.0,2695000.0,18.0,2695000.0,14,9,5,13,5,18,0.0002071478505645,6,Germany / Austria
Boston United,England,3.0,0.0,3.0,0.0,6.0,0.0,5,3,2,3,3,6,9.576914938241316e-05,0,England / Scotland
Apollon Limassol,Cyprus,19.0,14565000.0,28.0,1150000.0,47.0,15715000.0,36,21,15,28,19,47,0.0004464968028169,4,Portugal / Brazil
Chelmsford City,England,1.0,0.0,2.0,0.0,3.0,0.0,3,2,1,2,1,3,8.049947549139387e-05,0,England / Scotland
Atlético Paranaense,Brazil,17.0,14700000.0,17.0,1000000.0,34.0,15700000.0,31,15,16,17,17,34,0.0002605768726432,4,Portugal / Brazil
Vitória Setúbal FC,Portugal,355.0,19485000.0,352.0,2250000.0,707.0,21735000.0,328,156,172,352,355,707,0.0071587972204838,4,Portugal / Brazil
Girona FC,Spain,93.0,40370000.0,101.0,24450000.0,194.0,64820000.0,85,43,42,101,93,194,0.0012774104741405,3,Spain / Argentina
Brisbane Roar,Australia,6.0,0.0,6.0,0.0,12.0,0.0,9,6,3,6,6,12,0.0001382721046468,5,Netherlands / Belgium
Bayern Munich,Germany,186.0,796200000.0,197.0,1664400000.0,383.0,2460600000.0,116,55,61,197,186,383,0.0016924592887905,6,Germany / Austria
GNK Dinamo Zagreb,Croatia,41.0,190480000.0,28.0,15300000.0,69.0,205780000.0,53,18,35,28,41,69,0.0003361759826837,2,Italy / Romania
FC Bari 1908,Italy,6.0,2800000.0,49.0,300000.0,55.0,3100000.0,25,20,5,49,6,55,0.0003603090493443,2,Italy / Romania
Imperial Academy,Nigeria,1.0,1100000.0,0.0,0.0,1.0,1100000.0,1,0,1,0,1,1,5.964586928733951e-05,0,England / Scotland
SD Eibar,Spain,183.0,100250000.0,199.0,74062000.0,382.0,174312000.0,163,84,79,199,183,382,0.0026938895510048,3,Spain / Argentina
Club Atlético Boca Juniors,Argentina,45.0,117960000.0,43.0,30605000.0,88.0,148565000.0,66,31,35,43,45,88,0.000471851498774,3,Spain / Argentina
Bromley FC,England,1.0,0.0,2.0,0.0,3.0,0.0,2,1,1,2,1,3,8.957112247107647e-05,0,England / Scotland
Club Atlético River Plate,Argentina,33.0,143980000.0,21.0,19615000.0,54.0,163595000.0,40,14,26,21,33,54,0.0002506778344475,3,Spain / Argentina
Atletico River Plate Montevideo,Uruguay,7.0,6800000.0,2.0,0.0,9.0,6800000.0,8,2,6,2,7,9,7.461679524770595e-05,2,Italy / Romania
Al-Jazira (Abu Dhabi),United Arab Emirates,6.0,16500000.0,9.0,29800000.0,15.0,46300000.0,13,8,5,9,6,15,0.0001431891354495,3,Spain / Argentina
Club Atlético San Lorenzo de Almagro,Argentina,19.0,37920000.0,18.0,4315000.0,37.0,42235000.0,33,15,18,18,19,37,0.0002337271576675,3,Spain / Argentina
1.FSV Mainz 05,Germany,269.0,436020000.0,267.0,262560000.0,536.0,698580000.0,206,102,104,267,269,536,0.0033366734299799,6,Germany / Austria
SM Caen,France,143.0,108650000.0,173.0,48100000.0,316.0,156750000.0,138,66,72,173,143,316,0.0020853968999598,1,France / Belgium
Atalanta BC,Italy,777.0,1622500000.0,330.0,677569000.0,1107.0,2300069000.0,321,95,226,330,777,1107,0.0038699885933523,2,Italy / Romania
Leicester City U21,England,1.0,0.0,0.0,0.0,1.0,0.0,1,0,1,0,1,1,5.964586928733951e-05,0,England / Scotland
EA Guingamp,France,108.0,73650000.0,114.0,12295000.0,222.0,85945000.0,126,59,67,114,108,222,0.0014906202719553,1,France / Belgium
SC Bastia,France,103.0,40900000.0,133.0,3150000.0,236.0,44050000.0,124,64,60,133,103,236,0.0018602856914859,1,France / Belgium
Kayseri Erciyesspor,Turkey,3.0,0.0,6.0,0.0,9.0,0.0,9,6,3,6,3,9,0.0001177810102309,6,Germany / Austria
Spezia Calcio,Italy,83.0,21554000.0,165.0,42617000.0,248.0,64171000.0,111,54,57,165,83,248,0.0013665209622608,2,Italy / Romania
Banbury United,England,1.0,0.0,0.0,0.0,1.0,0.0,1,0,1,0,1,1,5.964586928733951e-05,0,England / Scotland
Club Atlético River Plate II,Argentina,2.0,0.0,2.0,0.0,4.0,0.0,4,2,2,2,2,4,8.779484364791964e-05,1,France / Belgium
AFC Bournemouth U18,England,1.0,0.0,0.0,0.0,1.0,0.0,1,0,1,0,1,1,5.964586928733951e-05,0,England / Scotland
AFC Bournemouth U21,England,5.0,1000000.0,1.0,0.0,6.0,1000000.0,3,1,2,1,5,6,6.640363740911812e-05,0,England / Scotland
Guangzhou Evergrande Taobao,China,14.0,43000000.0,16.0,138600000.0,30.0,181600000.0,21,12,9,16,14,30,0.0002053408398027,2,Italy / Romania
Virtus Entella,Italy,7.0,1301000.0,43.0,1523000.0,50.0,2824000.0,28,22,6,43,7,50,0.0003302987244787,2,Italy / Romania
Caykur Rizespor,Turkey,10.0,2200000.0,21.0,1200000.0,31.0,3400000.0,26,17,9,21,10,31,0.0003037160541258,5,Netherlands / Belgium
Carpi FC 1909,Italy,58.0,10776000.0,138.0,1825000.0,196.0,12601000.0,75,39,36,138,58,196,0.0011095128558626,2,Italy / Romania
Central Coast Mariners,Australia,5.0,455000.0,4.0,0.0,9.0,455000.0,9,4,5,4,5,9,0.0001068858449993,5,Netherlands / Belgium
Chievo Verona,Italy,634.0,1190220000.0,352.0,104984000.0,986.0,1295204000.0,344,122,222,352,634,986,0.0050404999873031,2,Italy / Romania
Margate FC,England,1.0,0.0,0.0,0.0,1.0,0.0,1,0,1,0,1,1,5.964586928733951e-05,0,England / Scotland
Solihull Moors,England,1.0,0.0,1.0,0.0,2.0,0.0,2,1,1,1,1,2,7.047665975327443e-05,0,England / Scotland
FK Atlantas Klaipeda (–2020),Lithuania,3.0,300000.0,2.0,0.0,5.0,300000.0,4,2,2,2,3,5,8.26808448432271e-05,1,France / Belgium
Dalian Yifang,China,3.0,0.0,5.0,72070000.0,8.0,72070000.0,7,4,3,5,3,8,0.0001052010134096,3,Spain / Argentina
Cracovia,Poland,6.0,11450000.0,6.0,800000.0,12.0,12250000.0,10,4,6,6,6,12,0.0001273300099185,5,Netherlands / Belgium
Leicester City U23,England,6.0,0.0,0.0,0.0,6.0,0.0,2,0,2,0,6,6,5.964586928733951e-05,0,England / Scotland
Sanfrecce Hiroshima,Japan,2.0,4000000.0,0.0,0.0,2.0,4000000.0,2,0,2,0,2,2,5.964586928733951e-05,6,Germany / Austria
Tottenham Hotspur U23,England,9.0,2250000.0,0.0,0.0,9.0,2250000.0,4,0,4,0,9,9,5.964586928733951e-05,0,England / Scotland
Atlético Nacional,Colombia,10.0,22200000.0,7.0,1500000.0,17.0,23700000.0,16,7,9,7,10,17,0.0001293218633661,2,Italy / Romania
Club Deportivo Maldonado,Uruguay,21.0,33400000.0,14.0,0.0,35.0,33400000.0,30,13,17,14,21,35,0.0001726747090691,3,Spain / Argentina
FK Ufa,Russia,1.0,2000000.0,1.0,0.0,2.0,2000000.0,2,1,1,1,1,2,6.829828526973149e-05,3,Spain / Argentina
Gimnàstic de Tarragona,Spain,28.0,6100000.0,34.0,0.0,62.0,6100000.0,45,24,21,34,28,62,0.0004277184498563,3,Spain / Argentina
Melbourne City FC,Australia,8.0,890000.0,11.0,0.0,19.0,890000.0,10,7,3,11,8,19,0.0001815214544613,0,England / Scotland
Manchester City U23,England,40.0,28340000.0,23.0,0.0,63.0,28340000.0,33,13,20,23,40,63,0.0003186650199603,5,Netherlands / Belgium
Southampton FC U23,England,6.0,0.0,0.0,0.0,6.0,0.0,1,0,1,0,6,6,5.964586928733951e-05,0,England / Scotland
FC Sion,Switzerland,16.0,46700000.0,22.0,6510000.0,38.0,53210000.0,37,21,16,22,16,38,0.0002887416181319,6,Germany / Austria
Manchester United U23,England,12.0,1350000.0,3.0,0.0,15.0,1350000.0,12,3,9,3,12,15,0.0001001064662072,0,England / Scotland
FSV Frankfurt,Germany,19.0,175000.0,30.0,750000.0,49.0,925000.0,29,17,12,30,19,49,0.0003720812504163,6,Germany / Austria
Chelsea FC U23,England,37.0,53240000.0,17.0,0.0,54.0,53240000.0,29,11,18,17,37,54,0.0002433734457959,0,England / Scotland
Kasimpasa,Turkey,19.0,10000000.0,34.0,11410000.0,53.0,21410000.0,41,27,14,34,19,53,0.0004080316796705,5,Netherlands / Belgium
Everton FC U23,England,11.0,2000000.0,1.0,0.0,12.0,2000000.0,6,1,5,1,11,12,7.009527800639807e-05,0,England / Scotland
Waasland-Beveren,Belgium,10.0,3300000.0,14.0,400000.0,24.0,3700000.0,22,13,9,14,10,24,0.0002107923721109,5,Netherlands / Belgium
Newcastle United Jets,Australia,3.0,1000000.0,1.0,0.0,4.0,1000000.0,4,1,3,1,3,4,7.64555367092365e-05,4,Portugal / Brazil
Liverpool FC U23,England,22.0,41600000.0,4.0,0.0,26.0,41600000.0,19,4,15,4,22,26,0.000103510240998,0,England / Scotland
West Bromwich Albion U23,England,5.0,0.0,0.0,0.0,5.0,0.0,2,0,2,0,5,5,5.964586928733951e-05,0,England / Scotland
AC Le Havre,France,52.0,50400000.0,38.0,300000.0,90.0,50700000.0,48,21,27,38,52,90,0.0004476998106599,1,France / Belgium
Longford Town FC,Ireland,1.0,0.0,1.0,0.0,2.0,0.0,2,1,1,1,1,2,7.366438555712466e-05,0,England / Scotland
Boavista FC,Portugal,215.0,15870000.0,245.0,18370000.0,460.0,34240000.0,262,133,129,245,215,460,0.0054679426725188,4,Portugal / Brazil
Sunderland AFC U23,England,3.0,0.0,0.0,0.0,3.0,0.0,2,0,2,0,3,3,5.964586928733951e-05,0,England / Scotland
Fortuna Düsseldorf,Germany,94.0,33700000.0,138.0,39180000.0,232.0,72880000.0,119,64,55,138,94,232,0.0017426045462816,6,Germany / Austria
Burnley FC U23,England,4.0,0.0,0.0,0.0,4.0,0.0,1,0,1,0,4,4,5.964586928733951e-05,0,England / Scotland
Salford City,England,3.0,0.0,4.0,0.0,7.0,0.0,7,4,3,4,3,7,0.000109928772366,0,England / Scotland
Stafford Rangers,England,1.0,0.0,2.0,0.0,3.0,0.0,2,1,1,2,1,3,8.521857248471661e-05,0,England / Scotland
Hednesford Town,England,1.0,40000.0,0.0,0.0,1.0,40000.0,1,0,1,0,1,1,5.964586928733951e-05,0,England / Scotland
Sociedade Esportiva Palmeiras,Brazil,32.0,99370000.0,27.0,29815000.0,59.0,129185000.0,43,19,24,27,32,59,0.0003018069923061,4,Portugal / Brazil
Atlético Venezuela,Venezuela,2.0,0.0,1.0,0.0,3.0,0.0,3,1,2,1,2,3,8.011323374911483e-05,5,Netherlands / Belgium
AC Horsens,Denmark,2.0,0.0,4.0,0.0,6.0,0.0,5,3,2,4,2,6,0.0001015244008642,5,Netherlands / Belgium
Recreativo Granada,Spain,11.0,1950000.0,9.0,0.0,20.0,1950000.0,10,4,6,9,11,20,0.0001209055824441,3,Spain / Argentina
Deportivo Pereira,Colombia,1.0,0.0,0.0,0.0,1.0,0.0,1,0,1,0,1,1,5.964586928733951e-05,0,England / Scotland
Djurgardens IF,Sweden,6.0,6050000.0,6.0,350000.0,12.0,6400000.0,11,6,5,6,6,12,0.0001372547828752,5,Netherlands / Belgium
Braintree Town,England,1.0,0.0,1.0,0.0,2.0,0.0,2,1,1,1,1,2,7.366438555712466e-05,0,England / Scotland
Wisconsin Badgers (University of Wisconsin),United States,1.0,0.0,0.0,0.0,1.0,0.0,1,0,1,0,1,1,5.964586928733951e-05,0,England / Scotland
Brocton FC,England,1.0,0.0,0.0,0.0,1.0,0.0,1,0,1,0,1,1,5.964586928733951e-05,0,England / Scotland
Royal Excel Mouscron,Belgium,20.0,950000.0,25.0,850000.0,45.0,1800000.0,30,16,14,25,20,45,0.0003542706276063,4,Portugal / Brazil
Excelsior Rotterdam,Netherlands,172.0,4925000.0,161.0,600000.0,333.0,5525000.0,134,67,67,161,172,333,0.0020890482156879,5,Netherlands / Belgium
Alanyaspor,Turkey,8.0,8750000.0,20.0,5650000.0,28.0,14400000.0,21,15,6,20,8,28,0.0002846155927115,4,Portugal / Brazil
Club de Regatas Vasco da Gama,Brazil,27.0,43675000.0,24.0,3250000.0,51.0,46925000.0,38,19,19,24,27,51,0.000331996304787,4,Portugal / Brazil
Austria Vienna,Austria,16.0,9500000.0,19.0,1500000.0,35.0,11000000.0,26,12,14,19,16,35,0.0002350967920032,6,Germany / Austria
Deportivo Alavés,Spain,179.0,81450000.0,200.0,57320000.0,379.0,138770000.0,171,85,86,200,179,379,0.0023953867755042,3,Spain / Argentina
Arsenal FC U23,England,17.0,4600000.0,6.0,0.0,23.0,4600000.0,15,5,10,6,17,23,0.0001300720115654,0,England / Scotland
KAS Eupen,Belgium,10.0,8000000.0,24.0,2500000.0,34.0,10500000.0,28,18,10,24,10,34,0.000266881425227,2,Italy / Romania
Partick Thistle FC,Scotland,2.0,0.0,2.0,0.0,4.0,0.0,4,2,2,2,2,4,8.445917932586778e-05,0,England / Scotland
RB Leipzig,Germany,118.0,619090000.0,116.0,659400000.0,234.0,1278490000.0,117,54,63,116,118,234,0.0013362450057093,6,Germany / Austria
West Ham United U23,England,8.0,0.0,3.0,3000000.0,11.0,3000000.0,7,3,4,3,8,11,0.0001055223056667,0,England / Scotland
Stoke City U23,England,2.0,0.0,0.0,0.0,2.0,0.0,2,0,2,0,2,2,5.964586928733951e-05,0,England / Scotland
Viking Stavanger,Norway,4.0,100000.0,6.0,600000.0,10.0,700000.0,9,5,4,6,4,10,0.0001398106434348,0,England / Scotland
UD Las Palmas,Spain,94.0,77970000.0,113.0,13400000.0,207.0,91370000.0,104,56,48,113,94,207,0.0014004315022,3,Spain / Argentina
Leamington FC,England,1.0,0.0,0.0,0.0,1.0,0.0,1,0,1,0,1,1,5.964586928733951e-05,0,England / Scotland
Swansea City U23,England,2.0,0.0,0.0,0.0,2.0,0.0,2,0,2,0,2,2,5.964586928733951e-05,5,Netherlands / Belgium
Envigado FC,Colombia,4.0,3030000.0,2.0,0.0,6.0,3030000.0,6,2,4,2,4,6,9.005011512270386e-05,2,Italy / Romania
Leones FC,Colombia,2.0,800000.0,0.0,0.0,2.0,800000.0,2,0,2,0,2,2,5.964586928733951e-05,0,England / Scotland
CD América de Cali,Colombia,3.0,2000000.0,5.0,0.0,8.0,2000000.0,7,4,3,5,3,8,0.0001222626194308,3,Spain / Argentina
DAC Dunajska Streda,Slovakia,4.0,0.0,13.0,550000.0,17.0,550000.0,13,9,4,13,4,17,0.0001721552926875,2,Italy / Romania
FC Ingolstadt 04,Germany,43.0,37750000.0,59.0,23580000.0,102.0,61330000.0,60,34,26,59,43,102,0.0006831045474994,6,Germany / Austria
FC Viktoria Plzen,Czech Republic,10.0,11850000.0,8.0,1100000.0,18.0,12950000.0,15,6,9,8,10,18,0.0001337768603179,6,Germany / Austria
FK Bodø/Glimt,Norway,6.0,8700000.0,2.0,0.0,8.0,8700000.0,8,2,6,2,6,8,8.321875238650045e-05,5,Netherlands / Belgium
Almere City FC,Netherlands,26.0,1100000.0,45.0,100000.0,71.0,1200000.0,40,25,15,45,26,71,0.0005820082691897,5,Netherlands / Belgium
Huddersfield Town U18,England,1.0,0.0,0.0,0.0,1.0,0.0,1,0,1,0,1,1,5.964586928733951e-05,0,England / Scotland
PAS Giannina,Greece,3.0,2600000.0,8.0,0.0,11.0,2600000.0,11,8,3,8,3,11,0.0001499532212846,2,Italy / Romania
GFC Ajaccio,France,29.0,2150000.0,40.0,0.0,69.0,2150000.0,44,23,21,40,29,69,0.000560555085683,1,France / Belgium
Zaglebie Lubin,Poland,5.0,10700000.0,6.0,400000.0,11.0,11100000.0,11,6,5,6,5,11,0.000125297841637,4,Portugal / Brazil
Real Valladolid B,Spain,17.0,0.0,2.0,0.0,19.0,0.0,4,1,3,2,17,19,8.336617215001764e-05,3,Spain / Argentina
Al-Nasr (Dubai),United Arab Emirates,6.0,0.0,14.0,19250000.0,20.0,19250000.0,20,14,6,14,6,20,0.0001976623297626,1,France / Belgium
AC Sparta Prague,Czech Republic,15.0,36000000.0,16.0,3900000.0,31.0,39900000.0,23,12,11,16,15,31,0.0001901806925745,2,Italy / Romania
PEC Zwolle,Netherlands,193.0,37900000.0,201.0,9435000.0,394.0,47335000.0,164,77,87,201,193,394,0.0025481341829122,5,Netherlands / Belgium
Al-Wasl Sports Club,United Arab Emirates,3.0,0.0,4.0,0.0,7.0,0.0,7,4,3,4,3,7,9.165099056066267e-05,1,France / Belgium
CF Os Belenenses,Portugal,66.0,6500000.0,49.0,0.0,115.0,6500000.0,53,29,24,49,66,115,0.0007322392880572,4,Portugal / Brazil
Sivasspor,Turkey,12.0,800000.0,18.0,1750000.0,30.0,2550000.0,28,16,12,18,12,30,0.0002606508317876,0,England / Scotland
Benevento Calcio,Italy,66.0,13480000.0,117.0,70420000.0,183.0,83900000.0,89,41,48,117,66,183,0.0010548707485674,2,Italy / Romania
Maidstone United,England,1.0,0.0,1.0,0.0,2.0,0.0,2,1,1,1,1,2,7.460849587920809e-05,0,England / Scotland
CD Leganés,Spain,159.0,132800000.0,171.0,64800000.0,330.0,197600000.0,133,64,69,171,159,330,0.0019767918329922,3,Spain / Argentina
FC Banants Yerevan,Armenia,1.0,0.0,0.0,0.0,1.0,0.0,1,0,1,0,1,1,5.964586928733951e-05,0,England / Scotland
Independiente Medellín,Colombia,6.0,3780000.0,4.0,0.0,10.0,3780000.0,8,3,5,4,6,10,0.0001115583278523,4,Portugal / Brazil
Mamelodi Sundowns FC,South Africa,2.0,4900000.0,2.0,0.0,4.0,4900000.0,4,2,2,2,2,4,7.864960571255329e-05,1,France / Belgium
Esbjerg fB,Denmark,10.0,4500000.0,12.0,470000.0,22.0,4970000.0,19,11,8,12,10,22,0.0001909335164098,5,Netherlands / Belgium
Brighton & Hove Albion U23,England,9.0,50000.0,1.0,0.0,10.0,50000.0,4,1,3,1,9,10,8.011323374911483e-05,0,England / Scotland
Sparta Rotterdam,Netherlands,137.0,37920000.0,151.0,190000.0,288.0,38110000.0,135,64,71,151,137,288,0.0021698734919982,5,Netherlands / Belgium
Universitatea Craiova,Romania,2.0,9100000.0,3.0,0.0,5.0,9100000.0,4,2,2,3,2,5,9.191602270208792e-05,0,England / Scotland
Maidenhead United,England,1.0,0.0,0.0,0.0,1.0,0.0,1,0,1,0,1,1,5.964586928733951e-05,0,England / Scotland
Colorado Rapids,United States,2.0,0.0,3.0,0.0,5.0,0.0,5,3,2,3,2,5,9.40148606966855e-05,0,England / Scotland
SCO Angers,France,151.0,215300000.0,171.0,71000000.0,322.0,286300000.0,147,75,72,171,151,322,0.0024201998641853,1,France / Belgium
Livingston FC,Scotland,4.0,0.0,4.0,0.0,8.0,0.0,8,4,4,4,4,8,0.0001070953545257,0,England / Scotland
Kawasaki Frontale,Japan,3.0,4100000.0,1.0,152000.0,4.0,4252000.0,4,1,3,1,3,4,6.866232857344218e-05,0,England / Scotland
Clube de Regatas do Flamengo,Brazil,31.0,195300000.0,29.0,57300000.0,60.0,252600000.0,45,24,21,29,31,60,0.0003128797727737,4,Portugal / Brazil
Dover Athletic,England,1.0,0.0,2.0,0.0,3.0,0.0,3,2,1,2,1,3,8.916438523291431e-05,0,England / Scotland
Oud-Heverlee Leuven,Belgium,5.0,5500000.0,14.0,0.0,19.0,5500000.0,16,12,4,14,5,19,0.000229004196,4,Portugal / Brazil
Atlanta United FC,United States,2.0,24000000.0,6.0,15410000.0,8.0,39410000.0,6,4,2,6,2,8,0.0001124273725614,2,Italy / Romania
Newcastle United U23,England,2.0,0.0,0.0,0.0,2.0,0.0,1,0,1,0,2,2,5.964586928733951e-05,0,England / Scotland
Disqualification,Ban,3.0,0.0,5.0,0.0,8.0,0.0,7,4,3,5,3,8,0.0001034384123403,3,Spain / Argentina
FK Vozdovac,Serbia,2.0,2250000.0,2.0,0.0,4.0,2250000.0,2,1,1,2,2,4,8.336617215001764e-05,0,England / Scotland
Huachipato FC,Chile,5.0,3250000.0,3.0,0.0,8.0,3250000.0,7,3,4,3,5,8,8.692515783099986e-05,3,Spain / Argentina
Asociación Atlética Argentinos Juniors,Argentina,10.0,25160000.0,11.0,1800000.0,21.0,26960000.0,20,11,9,11,10,21,0.0001655743978696,3,Spain / Argentina
NK Maribor,Slovenia,17.0,12100000.0,10.0,1450000.0,27.0,13550000.0,15,6,9,10,17,27,0.0001652085238859,5,Netherlands / Belgium
FC Viitorul Constanta,Romania,7.0,6600000.0,9.0,2800000.0,16.0,9400000.0,13,8,5,9,7,16,0.0001193867796599,2,Italy / Romania
Extremadura UD,Spain,7.0,3200000.0,10.0,0.0,17.0,3200000.0,16,9,7,10,7,17,0.0001610172058913,3,Spain / Argentina
SC Telstar,Netherlands,27.0,275000.0,30.0,0.0,57.0,275000.0,33,18,15,30,27,57,0.0003941008398028,5,Netherlands / Belgium
FC Hansa Rostock,Germany,16.0,840000.0,18.0,191000.0,34.0,1031000.0,26,14,12,18,16,34,0.0002625886398287,6,Germany / Austria
FC Jumilla (- 2019),Spain,4.0,0.0,5.0,0.0,9.0,0.0,3,2,1,5,4,9,0.0001124801705638,0,England / Scotland
Columbus Crew SC,United States,4.0,10620000.0,5.0,2200000.0,9.0,12820000.0,8,4,4,5,4,9,0.0001127245749592,3,Spain / Argentina
Gamba Osaka,Japan,12.0,6800000.0,9.0,2000000.0,21.0,8800000.0,20,9,11,9,12,21,0.0001554229233536,5,Netherlands / Belgium
Sydney FC,Australia,2.0,0.0,9.0,0.0,11.0,0.0,9,7,2,9,2,11,0.0001412835102946,0,England / Scotland
Ituano Futebol Clube (SP),Brazil,4.0,7450000.0,1.0,0.0,5.0,7450000.0,5,1,4,1,4,5,7.619371837183624e-05,4,Portugal / Brazil
KV Kortrijk,Belgium,14.0,13275000.0,19.0,0.0,33.0,13275000.0,29,17,12,19,14,33,0.0002746197223992,1,France / Belgium
GD Estoril Praia,Portugal,241.0,49840000.0,258.0,2135000.0,499.0,51975000.0,230,107,123,258,241,499,0.0042421839797277,4,Portugal / Brazil
UD San Sebastián de los Reyes,Spain,1.0,0.0,3.0,0.0,4.0,0.0,4,3,1,3,1,4,9.261387603358888e-05,3,Spain / Argentina
Würzburger Kickers,Germany,4.0,500000.0,13.0,470000.0,17.0,970000.0,16,12,4,13,4,17,0.0002220564506309,6,Germany / Austria
Pogon Szczecin,Poland,5.0,4010000.0,5.0,200000.0,10.0,4210000.0,9,5,4,5,5,10,0.0001163176228028,5,Netherlands / Belgium
KF Skënderbeu,Albania,2.0,0.0,3.0,0.0,5.0,0.0,5,3,2,3,2,5,8.340245775624464e-05,2,Italy / Romania
FC Sheriff Tiraspol,Moldova,4.0,1500000.0,14.0,50000.0,18.0,1550000.0,16,13,3,14,4,18,0.0002482473421645,4,Portugal / Brazil
Hellerup IK,Denmark,1.0,0.0,0.0,0.0,1.0,0.0,1,0,1,0,1,1,5.964586928733951e-05,0,England / Scotland
RWD Molenbeek,Belgium,1.0,0.0,1.0,0.0,2.0,0.0,2,1,1,1,1,2,7.42017586410456e-05,0,England / Scotland
Brescia Calcio,Italy,78.0,89210000.0,126.0,47025000.0,204.0,136235000.0,92,44,48,126,78,204,0.00104897055663,2,Italy / Romania
CS Emelec,Ecuador,3.0,0.0,5.0,0.0,8.0,0.0,8,5,3,5,3,8,0.0001098732007015,3,Spain / Argentina
Royale Union Saint Gilloise,Belgium,5.0,0.0,8.0,0.0,13.0,0.0,9,6,3,8,5,13,0.0001529178018138,0,England / Scotland
KV Oostende,Belgium,13.0,25500000.0,16.0,3700000.0,29.0,29200000.0,22,13,9,16,13,29,0.0002281846435148,1,France / Belgium
Norwich City U23,England,1.0,0.0,0.0,0.0,1.0,0.0,1,0,1,0,1,1,5.964586928733951e-05,0,England / Scotland
SV Darmstadt 98,Germany,58.0,13500000.0,76.0,8700000.0,134.0,22200000.0,65,31,34,76,58,134,0.0008438501179665,6,Germany / Austria
KV Mechelen,Belgium,17.0,24500000.0,18.0,1375000.0,35.0,25875000.0,31,16,15,18,17,35,0.0002546317270478,5,Netherlands / Belgium
Sheffield United U23,England,1.0,0.0,0.0,0.0,1.0,0.0,1,0,1,0,1,1,5.964586928733951e-05,0,England / Scotland
Aston Villa U23,England,7.0,0.0,1.0,0.0,8.0,0.0,4,1,3,1,7,8,7.513473426793271e-05,0,England / Scotland
Derby County U23,England,2.0,0.0,2.0,0.0,4.0,0.0,4,2,2,2,2,4,8.342088254423928e-05,5,Netherlands / Belgium
MOL Fehérvár FC,Hungary,2.0,2000000.0,4.0,350000.0,6.0,2350000.0,6,4,2,4,2,6,0.0001027786965395,0,England / Scotland
Orion Tip Sered,Slovakia,1.0,0.0,4.0,0.0,5.0,0.0,4,3,1,4,1,5,8.574775598039706e-05,2,Italy / Romania
Shanghai Greenland Shenhua,China,5.0,12000000.0,7.0,29000000.0,12.0,41000000.0,11,7,4,7,5,12,0.0001387723462608,1,France / Belgium
Barcelona SC Guayaquil,Ecuador,7.0,2000000.0,4.0,0.0,11.0,2000000.0,11,4,7,4,7,11,9.889470967245492e-05,6,Germany / Austria
Wolverhampton Wanderers U23,England,8.0,1300000.0,3.0,0.0,11.0,1300000.0,10,3,7,3,8,11,0.0001044140588027,4,Portugal / Brazil
1.FK Pribram,Czech Republic,1.0,0.0,1.0,0.0,2.0,0.0,2,1,1,1,1,2,7.150602071867877e-05,0,England / Scotland
Atlas Guadalajara,Mexico,5.0,0.0,11.0,0.0,16.0,0.0,14,9,5,11,5,16,0.0001444472738462,2,Italy / Romania
Qarabağ FK,Azerbaijan,6.0,250000.0,6.0,300000.0,12.0,550000.0,12,6,6,6,6,12,0.0001423016485232,4,Portugal / Brazil
Wealdstone FC,England,1.0,0.0,1.0,0.0,2.0,0.0,2,1,1,1,1,2,7.259140107950654e-05,0,England / Scotland
Changchun Yatai,China,2.0,250000.0,5.0,27300000.0,7.0,27550000.0,7,5,2,5,2,7,0.0001221854069568,0,England / Scotland
Jagiellonia Bialystok,Poland,3.0,3000000.0,4.0,0.0,7.0,3000000.0,7,4,3,4,3,7,0.0001051022297831,0,England / Scotland
FC Lausanne-Sport,Switzerland,15.0,7750000.0,28.0,1000000.0,43.0,8750000.0,22,15,7,28,15,43,0.0003025883836626,1,France / Belgium
FC St. Pauli,Germany,36.0,6700000.0,50.0,4850000.0,86.0,11550000.0,42,22,20,50,36,86,0.00056551268195,6,Germany / Austria
Clube Atlético Mineiro,Brazil,30.0,47540000.0,26.0,23600000.0,56.0,71140000.0,39,17,22,26,30,56,0.0003354714635064,4,Portugal / Brazil
Rakow Czestochowa,Poland,2.0,0.0,6.0,0.0,8.0,0.0,6,5,1,6,2,8,0.0001449166182056,4,Portugal / Brazil
Olympique de Marseille B,France,33.0,570000.0,4.0,0.0,37.0,570000.0,7,2,5,4,33,37,0.0001038626445341,1,France / Belgium
FC Emmen,Netherlands,85.0,3271000.0,113.0,900000.0,198.0,4171000.0,106,54,52,113,85,198,0.0015488864980593,5,Netherlands / Belgium
Real Valladolid CF,Spain,164.0,72850000.0,196.0,40400000.0,360.0,113250000.0,152,78,74,196,164,360,0.0021830842275219,3,Spain / Argentina
Club Atlético Talleres,Argentina,4.0,19250000.0,0.0,0.0,4.0,19250000.0,4,0,4,0,4,4,5.964586928733951e-05,1,France / Belgium
Portimonense SC,Portugal,213.0,90217000.0,208.0,7740000.0,421.0,97957000.0,189,95,94,208,213,421,0.0041466962999973,4,Portugal / Brazil
CA Peñarol,Uruguay,25.0,33160000.0,24.0,0.0,49.0,33160000.0,36,18,18,24,25,49,0.0002930146852721,2,Italy / Romania
Deportivo Municipal,Peru,2.0,250000.0,0.0,0.0,2.0,250000.0,2,0,2,0,2,2,5.964586928733951e-05,0,England / Scotland
Cosenza Calcio,Italy,4.0,0.0,41.0,225000.0,45.0,225000.0,21,17,4,41,4,45,0.0003436842372666,2,Italy / Romania
Sarpsborg 08 FF,Norway,4.0,3100000.0,4.0,0.0,8.0,3100000.0,8,4,4,4,4,8,0.000106521037889,5,Netherlands / Belgium
Southampton FC B,England,3.0,0.0,0.0,0.0,3.0,0.0,1,0,1,0,3,3,5.964586928733951e-05,0,England / Scotland
IFK Norrköping,Sweden,3.0,2800000.0,4.0,2600000.0,7.0,5400000.0,6,3,3,4,3,7,0.0001035736729422,0,England / Scotland
FC Famalicão,Portugal,120.0,34500000.0,133.0,12300000.0,253.0,46800000.0,138,71,67,133,120,253,0.0020461949937175,4,Portugal / Brazil
East Grinstead Town FC,England,1.0,0.0,0.0,0.0,1.0,0.0,1,0,1,0,1,1,5.964586928733951e-05,0,England / Scotland
Grêmio Foot-Ball Porto Alegrense B,Brazil,4.0,7500000.0,2.0,0.0,6.0,7500000.0,6,2,4,2,4,6,9.019258102459324e-05,4,Portugal / Brazil
Silkeborg IF,Denmark,3.0,1600000.0,1.0,0.0,4.0,1600000.0,4,1,3,1,3,4,6.963314642645073e-05,0,England / Scotland
Brentford FC B,England,1.0,0.0,0.0,0.0,1.0,0.0,1,0,1,0,1,1,5.964586928733951e-05,0,England / Scotland
FC Cincinnati,United States,2.0,0.0,5.0,200000.0,7.0,200000.0,7,5,2,5,2,7,0.000108604370149,5,Netherlands / Belgium
Kórdrengir,Iceland,1.0,0.0,1.0,0.0,2.0,0.0,2,1,1,1,1,2,7.42017586410456e-05,0,England / Scotland
FK Cukaricki,Serbia,5.0,6150000.0,3.0,0.0,8.0,6150000.0,8,3,5,3,5,8,7.794593641128787e-05,2,Italy / Romania
Dalian Professional,China,3.0,27000000.0,2.0,5000000.0,5.0,32000000.0,4,2,2,2,3,5,7.84709161218058e-05,3,Spain / Argentina
Vålerenga Fotball,Norway,10.0,6550000.0,9.0,0.0,19.0,6550000.0,18,8,10,9,10,19,0.0001446497653109,6,Germany / Austria
Leeds United U23,England,1.0,0.0,0.0,0.0,1.0,0.0,1,0,1,0,1,1,5.964586928733951e-05,0,England / Scotland
UD Logroñés,Spain,10.0,0.0,10.0,0.0,20.0,0.0,12,8,4,10,10,20,0.0001787735505444,3,Spain / Argentina
1.FC Union Berlin,Germany,86.0,40270000.0,118.0,40950000.0,204.0,81220000.0,98,50,48,118,86,204,0.0016007903444548,6,Germany / Austria
Lommel SK,Belgium,3.0,0.0,5.0,0.0,8.0,0.0,6,3,3,5,3,8,0.0001064686237506,0,England / Scotland
Karlsruher SC,Germany,35.0,15450000.0,28.0,820000.0,63.0,16270000.0,33,17,16,28,35,63,0.0003551220995496,6,Germany / Austria
Parma Calcio 1913,Italy,195.0,33706000.0,157.0,237420000.0,352.0,271126000.0,172,69,103,157,195,352,0.0020514352451247,2,Italy / Romania
UD Ibiza,Spain,1.0,0.0,6.0,0.0,7.0,0.0,7,6,1,6,1,7,0.0001248512034707,3,Spain / Argentina
CSKA-Sofia,Bulgaria,14.0,4200000.0,11.0,850000.0,25.0,5050000.0,20,9,11,11,14,25,0.0001897921443459,4,Portugal / Brazil
LDU Quito,Ecuador,3.0,500000.0,9.0,5325000.0,12.0,5825000.0,11,8,3,9,3,12,0.0001590378109898,5,Netherlands / Belgium
Degerfors IF,Sweden,1.0,0.0,1.0,0.0,2.0,0.0,2,1,1,1,1,2,6.976732185616294e-05,0,England / Scotland
CD Castellón,Spain,9.0,1400000.0,6.0,0.0,15.0,1400000.0,13,6,7,6,9,15,0.0001301922072761,3,Spain / Argentina
Racing de Santander B,Spain,7.0,0.0,0.0,0.0,7.0,0.0,2,0,2,0,7,7,5.964586928733951e-05,3,Spain / Argentina
Xerez CD,Spain,32.0,0.0,30.0,1000000.0,62.0,1000000.0,41,21,20,30,32,62,0.0004258198491747,3,Spain / Argentina
Getafe CF U19,Spain,1.0,0.0,0.0,0.0,1.0,0.0,1,0,1,0,1,1,5.964586928733951e-05,3,Spain / Argentina
Atlético de Madrid B,Spain,39.0,10800000.0,9.0,3500000.0,48.0,14300000.0,23,8,15,9,39,48,0.0001654203464137,3,Spain / Argentina
CD Rota,Spain,1.0,0.0,0.0,0.0,1.0,0.0,1,0,1,0,1,1,5.964586928733951e-05,3,Spain / Argentina
CD Numancia,Spain,34.0,3000000.0,42.0,300000.0,76.0,3300000.0,32,17,15,42,34,76,0.0004886210065931,3,Spain / Argentina
Sporting de Gijón B,Spain,10.0,0.0,3.0,0.0,13.0,0.0,4,3,1,3,10,13,8.958276625725865e-05,3,Spain / Argentina
UD Melilla,Spain,4.0,0.0,4.0,0.0,8.0,0.0,7,4,3,4,4,8,0.0001059366126737,3,Spain / Argentina
Qadsia SC,Kuwait,3.0,0.0,1.0,315000.0,4.0,315000.0,4,1,3,1,3,4,6.819446996775826e-05,4,Portugal / Brazil
Atlético Malagueño,Spain,21.0,500000.0,0.0,0.0,21.0,500000.0,3,0,3,0,21,21,5.964586928733951e-05,3,Spain / Argentina
Recreativo Huelva,Spain,25.0,6210000.0,28.0,350000.0,53.0,6560000.0,35,20,15,28,25,53,0.0003491143292489,3,Spain / Argentina
Valencia Mestalla,Spain,30.0,8000000.0,8.0,0.0,38.0,8000000.0,16,7,9,8,30,38,0.0001432913911565,3,Spain / Argentina
Leixões SC,Portugal,78.0,2275000.0,70.0,50000.0,148.0,2325000.0,69,34,35,70,78,148,0.0013499016093912,4,Portugal / Brazil
RC Deportivo B,Spain,10.0,0.0,1.0,0.0,11.0,0.0,6,1,5,1,10,11,7.260642404501838e-05,3,Spain / Argentina
Hércules CF,Spain,37.0,2850000.0,49.0,12210000.0,86.0,15060000.0,47,25,22,49,37,86,0.0005588209472888,3,Spain / Argentina
CA Tiro Federal,Argentina,2.0,300000.0,2.0,0.0,4.0,300000.0,4,2,2,2,2,4,8.284071416292347e-05,3,Spain / Argentina
Associação Atlética Iguaçu (PR),Brazil,1.0,0.0,0.0,0.0,1.0,0.0,1,0,1,0,1,1,5.964586928733951e-05,3,Spain / Argentina
RCD Espanyol B,Spain,37.0,0.0,3.0,0.0,40.0,0.0,7,3,4,3,37,40,8.922894843104006e-05,3,Spain / Argentina
Panthrakikos Komotini,Greece,6.0,600000.0,10.0,0.0,16.0,600000.0,14,9,5,10,6,16,0.0001685228829662,3,Spain / Argentina
CD Tenerife B,Spain,1.0,0.0,0.0,0.0,1.0,0.0,1,0,1,0,1,1,5.964586928733951e-05,3,Spain / Argentina
UD Fuerteventura (- 2010),Spain,1.0,0.0,0.0,0.0,1.0,0.0,1,0,1,0,1,1,5.964586928733951e-05,3,Spain / Argentina
Defensor Sporting Club,Uruguay,16.0,22900000.0,8.0,0.0,24.0,22900000.0,23,8,15,8,16,24,0.0001369516173399,3,Spain / Argentina
Albacete Balompié,Spain,25.0,4800000.0,43.0,2370000.0,68.0,7170000.0,41,27,14,43,25,68,0.0004921709272279,3,Spain / Argentina
Bilbao Athletic,Spain,49.0,0.0,5.0,0.0,54.0,0.0,4,1,3,5,49,54,0.0001038922420231,3,Spain / Argentina
Ontinyent CF,Spain,1.0,0.0,1.0,0.0,2.0,0.0,2,1,1,1,1,2,6.780648997196125e-05,3,Spain / Argentina
Al-Sadd SC,Qatar,5.0,20200000.0,8.0,1000000.0,13.0,21200000.0,10,6,4,8,5,13,0.0001256322419489,3,Spain / Argentina
CA Osasuna Promesas,Spain,15.0,0.0,2.0,0.0,17.0,0.0,2,1,1,2,15,17,8.212191582221816e-05,3,Spain / Argentina
FC Zürich,Switzerland,25.0,36483000.0,12.0,1000000.0,37.0,37483000.0,35,12,23,12,25,37,0.0001801587004194,6,Germany / Austria
Cádiz CF,Spain,77.0,10000000.0,106.0,19000000.0,183.0,29000000.0,93,53,40,106,77,183,0.0014586663557983,3,Spain / Argentina
Liverpool FC Montevideo,Uruguay,5.0,6790000.0,2.0,0.0,7.0,6790000.0,7,2,5,2,5,7,7.608703700833209e-05,1,France / Belgium
Associação Maga Esporte Clube (SC),Brazil,4.0,2500000.0,3.0,0.0,7.0,2500000.0,6,3,3,3,4,7,8.554638903078759e-05,3,Spain / Argentina
RCD Mallorca B,Spain,14.0,200000.0,5.0,0.0,19.0,200000.0,11,5,6,5,14,19,0.0001123639353643,3,Spain / Argentina
Sevilla Atlético,Spain,33.0,3700000.0,3.0,0.0,36.0,3700000.0,13,3,10,3,33,36,8.661931114729592e-05,3,Spain / Argentina
CF Atlante,Mexico,3.0,0.0,4.0,0.0,7.0,0.0,6,3,3,4,3,7,0.0001017757081388,3,Spain / Argentina
Club Atlético Independiente,Argentina,9.0,4000000.0,9.0,5030000.0,18.0,9030000.0,15,7,8,9,9,18,0.0001196185850323,3,Spain / Argentina
Desportivo Brasil Ltda (SP),Brazil,20.0,27280000.0,13.0,1500000.0,33.0,28780000.0,18,8,10,13,20,33,0.0002297989666387,4,Portugal / Brazil
Málaga CF U19,Spain,1.0,0.0,0.0,0.0,1.0,0.0,1,0,1,0,1,1,5.964586928733951e-05,3,Spain / Argentina
Botafogo de Futebol e Regatas,Brazil,16.0,14800000.0,15.0,4350000.0,31.0,19150000.0,22,11,11,15,16,31,0.000196177622177,4,Portugal / Brazil
Club Atlético Lanús,Argentina,8.0,24120000.0,10.0,0.0,18.0,24120000.0,18,10,8,10,8,18,0.0001593081800815,3,Spain / Argentina
CF Monterrey,Mexico,5.0,14600000.0,16.0,32630000.0,21.0,47230000.0,20,15,5,16,5,21,0.0001912867561981,2,Italy / Romania
Krylya Sovetov Samara,Russia,5.0,2500000.0,8.0,300000.0,13.0,2800000.0,12,7,5,8,5,13,0.0001410804065912,4,Portugal / Brazil
Puebla FC,Mexico,2.0,0.0,3.0,0.0,5.0,0.0,5,3,2,3,2,5,9.115337789279513e-05,3,Spain / Argentina
Club Atlético Chacarita Juniors,Argentina,1.0,0.0,1.0,0.0,2.0,0.0,2,1,1,1,1,2,6.478453820312686e-05,3,Spain / Argentina
Panionios Athens,Greece,6.0,1500000.0,10.0,120000.0,16.0,1620000.0,15,10,5,10,6,16,0.0001553155225884,1,France / Belgium
FC Dinamo Bucharest,Romania,15.0,10250000.0,12.0,200000.0,27.0,10450000.0,26,12,14,12,15,27,0.0001550224328536,2,Italy / Romania
Le Mans FC,France,23.0,15400000.0,14.0,0.0,37.0,15400000.0,30,12,18,14,23,37,0.0002084196475434,1,France / Belgium
Hércules CF B,Spain,1.0,0.0,2.0,0.0,3.0,0.0,2,1,1,2,1,3,7.947002138869223e-05,2,Italy / Romania
Reggina Calcio,Italy,20.0,11100000.0,32.0,400000.0,52.0,11500000.0,30,16,14,32,20,52,0.0002517340998089,2,Italy / Romania
Danubio FC,Uruguay,14.0,9725000.0,10.0,200000.0,24.0,9925000.0,19,8,11,10,14,24,0.0001415562298104,3,Spain / Argentina
UD Almería B,Spain,5.0,0.0,1.0,0.0,6.0,0.0,2,1,1,1,5,6,6.97542170405534e-05,3,Spain / Argentina
Club Atlético Banfield,Argentina,6.0,18150000.0,3.0,0.0,9.0,18150000.0,8,3,5,3,6,9,9.388497768066532e-05,2,Italy / Romania
Indios de Ciudad Juárez,Mexico,1.0,945000.0,1.0,0.0,2.0,945000.0,2,1,1,1,1,2,7.407610351589876e-05,1,France / Belgium
Villarreal CF B,Spain,38.0,0.0,11.0,0.0,49.0,0.0,15,6,9,11,38,49,0.000165553516393,3,Spain / Argentina
AIK,Sweden,12.0,12825000.0,7.0,300000.0,19.0,13125000.0,17,7,10,7,12,19,0.0001313924077591,3,Spain / Argentina
Club Deportivo Godoy Cruz Antonio Tomba,Argentina,6.0,5500000.0,8.0,820000.0,14.0,6320000.0,10,5,5,8,6,14,0.000138845686707,4,Portugal / Brazil
Grenoble Foot 38,France,34.0,3700000.0,34.0,6700000.0,68.0,10400000.0,47,21,26,34,34,68,0.0004534724329495,1,France / Belgium
APO Levadiakos,Greece,6.0,0.0,4.0,0.0,10.0,0.0,10,4,6,4,6,10,0.0001044386728067,3,Spain / Argentina
FC Vaslui,Romania,4.0,2500000.0,5.0,700000.0,9.0,3200000.0,8,5,3,5,4,9,0.0001160295729784,2,Italy / Romania
Real Sociedad B,Spain,33.0,0.0,5.0,0.0,38.0,0.0,5,2,3,5,33,38,0.0001116538814926,3,Spain / Argentina
Robur Siena,Italy,208.0,121225000.0,178.0,79937000.0,386.0,201162000.0,148,54,94,178,208,386,0.0018659223941138,2,Italy / Romania
Coritiba Foot Ball Club,Brazil,17.0,2300000.0,10.0,0.0,27.0,2300000.0,22,9,13,10,17,27,0.0001798160817632,4,Portugal / Brazil
Bunyodkor Tashkent,Uzbekistan,2.0,0.0,0.0,0.0,2.0,0.0,1,0,1,0,2,2,5.964586928733951e-05,3,Spain / Argentina
MTK Budapest,Hungary,7.0,2300000.0,3.0,0.0,10.0,2300000.0,8,2,6,3,7,10,8.92352227422451e-05,5,Netherlands / Belgium
Boyacá Chicó FC,Colombia,1.0,0.0,1.0,0.0,2.0,0.0,2,1,1,1,1,2,7.174018350560458e-05,3,Spain / Argentina
Real Zaragoza B,Spain,4.0,0.0,2.0,0.0,6.0,0.0,3,1,2,2,4,6,8.332232776664752e-05,3,Spain / Argentina
Athletic Bilbao U19,Spain,1.0,0.0,0.0,0.0,1.0,0.0,1,0,1,0,1,1,5.964586928733951e-05,3,Spain / Argentina
Real Unión Club,Spain,12.0,0.0,15.0,0.0,27.0,0.0,11,6,5,15,12,27,0.000220124322113,3,Spain / Argentina
CD Universidad Católica,Chile,15.0,15993000.0,10.0,610000.0,25.0,16603000.0,20,8,12,10,15,25,0.0001658999706839,3,Spain / Argentina
Club Sporting Cristal,Peru,4.0,0.0,3.0,0.0,7.0,0.0,7,3,4,3,4,7,9.644848669488648e-05,4,Portugal / Brazil
SD Lemona (- 2012),Spain,1.0,20000.0,0.0,0.0,1.0,20000.0,1,0,1,0,1,1,5.964586928733951e-05,3,Spain / Argentina
Racing Santander U19,Spain,1.0,0.0,0.0,0.0,1.0,0.0,1,0,1,0,1,1,5.964586928733951e-05,3,Spain / Argentina
Pontevedra CF,Spain,2.0,0.0,4.0,0.0,6.0,0.0,6,4,2,4,2,6,0.0001040783002465,3,Spain / Argentina
CD Guadalajara,Spain,2.0,90000.0,5.0,0.0,7.0,90000.0,6,4,2,5,2,7,0.0001153675104681,3,Spain / Argentina
Getafe CF B,Spain,11.0,0.0,3.0,0.0,14.0,0.0,5,3,2,3,11,14,9.164938076872036e-05,3,Spain / Argentina
Zamora CF,Spain,1.0,0.0,1.0,0.0,2.0,0.0,2,1,1,1,1,2,7.120010664217374e-05,3,Spain / Argentina
Celta Vigo B,Spain,20.0,0.0,8.0,0.0,28.0,0.0,11,7,4,8,20,28,0.0001540405132853,3,Spain / Argentina
Club Atlético Cerro,Uruguay,3.0,0.0,3.0,0.0,6.0,0.0,6,3,3,3,3,6,8.775352182523648e-05,2,Italy / Romania
CD Guijuelo,Spain,1.0,0.0,0.0,0.0,1.0,0.0,1,0,1,0,1,1,5.964586928733951e-05,3,Spain / Argentina
Milan Primavera,Italy,35.0,6850000.0,1.0,0.0,36.0,6850000.0,13,1,12,1,35,36,6.914753302789295e-05,2,Italy / Romania
Arsenal Fútbol Club,Argentina,6.0,10825000.0,6.0,0.0,12.0,10825000.0,10,6,4,6,6,12,0.000126501966833,4,Portugal / Brazil
CD Badajoz 1905,Spain,2.0,0.0,2.0,0.0,4.0,0.0,4,2,2,2,2,4,8.303848258381225e-05,3,Spain / Argentina
Real Oviedo Vetusta,Spain,3.0,0.0,4.0,0.0,7.0,0.0,6,3,3,4,3,7,9.629225762450622e-05,3,Spain / Argentina
FC Istres Ouest Provence,France,8.0,2100000.0,7.0,0.0,15.0,2100000.0,12,6,6,7,8,15,0.000135672598759,1,France / Belgium
Espanyol Barcelona U19,Spain,1.0,0.0,0.0,0.0,1.0,0.0,1,0,1,0,1,1,5.964586928733951e-05,3,Spain / Argentina
UD Lanzarote,Spain,1.0,0.0,1.0,0.0,2.0,0.0,2,1,1,1,1,2,6.864013886266999e-05,3,Spain / Argentina
AAD Vitória das Tabocas (PE),Brazil,1.0,0.0,0.0,0.0,1.0,0.0,1,0,1,0,1,1,5.964586928733951e-05,3,Spain / Argentina
Rayo Vallecano B,Spain,9.0,0.0,1.0,0.0,10.0,0.0,3,1,2,1,9,10,7.10392195662234e-05,3,Spain / Argentina
Universitario de Deportes,Peru,5.0,400000.0,3.0,200000.0,8.0,600000.0,7,3,4,3,5,8,8.888281918104981e-05,1,France / Belgium
Audax Italiano,Chile,3.0,3500000.0,2.0,0.0,5.0,3500000.0,5,2,3,2,3,5,7.485591709764396e-05,3,Spain / Argentina
Orihuela CF,Spain,1.0,0.0,0.0,0.0,1.0,0.0,1,0,1,0,1,1,5.964586928733951e-05,3,Spain / Argentina
Karpaty Lviv (-2021),Ukraine,9.0,2200000.0,7.0,0.0,16.0,2200000.0,12,6,6,7,9,16,0.0001211527970192,3,Spain / Argentina
Neuchâtel Xamax FCS,Switzerland,5.0,0.0,6.0,650000.0,11.0,650000.0,10,6,4,6,5,11,0.0001044002976815,3,Spain / Argentina
AS Bari,Italy,101.0,805590000.0,100.0,557947000.0,201.0,1363537000.0,90,36,54,100,101,201,0.0010645589168033,2,Italy / Romania
Dinamo Moscow,Russia,14.0,8279000.0,18.0,48700000.0,32.0,56979000.0,26,15,11,18,14,32,0.0002518579375119,1,France / Belgium
Calcio Catania,Italy,196.0,1143578000.0,146.0,563640000.0,342.0,1707218000.0,173,76,97,146,196,342,0.0027634138951414,2,Italy / Romania
CD Lugo,Spain,26.0,3700000.0,40.0,0.0,66.0,3700000.0,42,24,18,40,26,66,0.0004795200101441,3,Spain / Argentina
FC Aarau,Switzerland,5.0,750000.0,10.0,250000.0,15.0,1000000.0,13,9,4,10,5,15,0.0001396920177559,2,Italy / Romania
Atlético Baleares,Spain,3.0,0.0,3.0,0.0,6.0,0.0,6,3,3,3,3,6,9.54144532178739e-05,3,Spain / Argentina
Real Betis B,Spain,13.0,350000.0,1.0,0.0,14.0,350000.0,4,1,3,1,13,14,6.889630783234163e-05,3,Spain / Argentina
Caravaca CF (- 2012),Spain,1.0,0.0,1.0,0.0,2.0,0.0,2,1,1,1,1,2,7.120010664217374e-05,3,Spain / Argentina
AC Cesena,Italy,193.0,1092790000.0,213.0,556115000.0,406.0,1648905000.0,130,51,79,213,193,406,0.0019038121240673,2,Italy / Romania
Novara Calcio 1908,Italy,48.0,17490000.0,108.0,1017601000.0,156.0,1035091000.0,60,34,26,108,48,156,0.0010040639575789,2,Italy / Romania
Samsunspor,Turkey,4.0,0.0,6.0,0.0,10.0,0.0,10,6,4,6,4,10,0.0001376647063768,5,Netherlands / Belgium
Levante UD B,Spain,4.0,0.0,1.0,0.0,5.0,0.0,2,1,1,1,4,5,7.017841179139171e-05,3,Spain / Argentina
Real Jaén CF,Spain,5.0,0.0,6.0,0.0,11.0,0.0,9,5,4,6,5,11,0.0001236404820631,3,Spain / Argentina
Asteras Tripolis,Greece,10.0,3130000.0,17.0,0.0,27.0,3130000.0,26,17,9,17,10,27,0.0002297352169289,3,Spain / Argentina
TSV 1860 Munich,Germany,37.0,14700000.0,31.0,5465000.0,68.0,20165000.0,39,18,21,31,37,68,0.0003816806243985,6,Germany / Austria
Club de Gimnasia y Esgrima La Plata,Argentina,3.0,2420000.0,5.0,0.0,8.0,2420000.0,7,4,3,5,3,8,0.0001007141934853,2,Italy / Romania
Club Libertad Asunción,Paraguay,1.0,300000.0,3.0,0.0,4.0,300000.0,4,3,1,3,1,4,8.73631801662566e-05,3,Spain / Argentina
Ulsan Hyundai,"Korea, South",1.0,0.0,5.0,1300000.0,6.0,1300000.0,6,5,1,5,1,6,0.0001170186050131,1,France / Belgium
SC Olhanense,Portugal,166.0,5200000.0,191.0,350000.0,357.0,5550000.0,161,90,71,191,166,357,0.003272557049046,4,Portugal / Brazil
AD Alcorcón,Spain,27.0,3500000.0,47.0,0.0,74.0,3500000.0,44,28,16,47,27,74,0.0005657103936742,3,Spain / Argentina
CSD Colo Colo,Chile,5.0,7315000.0,2.0,0.0,7.0,7315000.0,7,2,5,2,5,7,8.16522595562809e-05,1,France / Belgium
Figueirense Futebol Clube,Brazil,11.0,100000.0,10.0,0.0,21.0,100000.0,21,10,11,10,11,21,0.0001921717247495,4,Portugal / Brazil
Videoton FC,Hungary,15.0,1400000.0,14.0,100000.0,29.0,1500000.0,22,9,13,14,15,29,0.0002342759416892,4,Portugal / Brazil
Shandong Luneng Taishan,China,3.0,0.0,9.0,24825000.0,12.0,24825000.0,12,9,3,9,3,12,0.0001613847046542,4,Portugal / Brazil
Malmö FF,Sweden,16.0,12975000.0,11.0,1442000.0,27.0,14417000.0,25,10,15,11,16,27,0.0001708239367357,2,Italy / Romania
Örebro SK,Sweden,3.0,0.0,5.0,0.0,8.0,0.0,7,4,3,5,3,8,0.0001249257708024,1,France / Belgium
CD Ourense (- 2014),Spain,1.0,20000.0,0.0,0.0,1.0,20000.0,1,0,1,0,1,1,5.964586928733951e-05,3,Spain / Argentina
União São João Esporte Clube (SP),Brazil,3.0,0.0,0.0,0.0,3.0,0.0,3,0,3,0,3,3,5.964586928733951e-05,4,Portugal / Brazil
CD Mirandés,Spain,23.0,0.0,37.0,0.0,60.0,0.0,31,18,13,37,23,60,0.0004405374674328,3,Spain / Argentina
Celta de Vigo U19,Spain,1.0,0.0,0.0,0.0,1.0,0.0,1,0,1,0,1,1,5.964586928733951e-05,3,Spain / Argentina
SC Beira-Mar,Portugal,111.0,5875000.0,118.0,250000.0,229.0,6125000.0,104,54,50,118,111,229,0.0021879160570176,4,Portugal / Brazil
Esporte Clube Vitória,Brazil,11.0,6300000.0,7.0,0.0,18.0,6300000.0,15,6,9,7,11,18,0.0001517161241557,4,Portugal / Brazil
RAEC Mons,Belgium,4.0,1700000.0,9.0,0.0,13.0,1700000.0,13,9,4,9,4,13,0.0001578797263691,1,France / Belgium
Wydad Casablanca,Morocco,5.0,1850000.0,3.0,0.0,8.0,1850000.0,7,3,4,3,5,8,9.70666375952676e-05,4,Portugal / Brazil
Académica Coimbra,Portugal,198.0,7700000.0,228.0,185000.0,426.0,7885000.0,175,86,89,228,198,426,0.0040534764226164,4,Portugal / Brazil
San Francisco FC,Panama,1.0,400000.0,0.0,0.0,1.0,400000.0,1,0,1,0,1,1,5.964586928733951e-05,3,Spain / Argentina
Widzew Lodz,Poland,3.0,420000.0,1.0,0.0,4.0,420000.0,4,1,3,1,3,4,6.986997783909923e-05,6,Germany / Austria
Rangers de Talca,Chile,6.0,4380000.0,6.0,0.0,12.0,4380000.0,10,5,5,6,6,12,0.0001278811310182,1,France / Belgium
Club Atlético Colón,Argentina,7.0,6800000.0,8.0,600000.0,15.0,7400000.0,12,6,6,8,7,15,0.0001378640432973,4,Portugal / Brazil
Valenciennes FC,France,85.0,50700000.0,89.0,17850000.0,174.0,68550000.0,88,47,41,89,85,174,0.0012398470766521,1,France / Belgium
Orduspor,Turkey,3.0,0.0,6.0,0.0,9.0,0.0,9,6,3,6,3,9,0.0001256761435388,4,Portugal / Brazil
Johor Darul Ta'zim,Malaysia,2.0,0.0,6.0,400000.0,8.0,400000.0,8,6,2,6,2,8,0.0001256244925693,3,Spain / Argentina
Chiapas FC,Mexico,3.0,1830000.0,2.0,0.0,5.0,1830000.0,5,2,3,2,3,5,8.038558213443871e-05,3,Spain / Argentina
Atlético de Rafaela,Argentina,2.0,1050000.0,2.0,0.0,4.0,1050000.0,4,2,2,2,2,4,9.34607618758691e-05,3,Spain / Argentina
FC Vaduz,Switzerland,6.0,50000.0,2.0,0.0,8.0,50000.0,8,2,6,2,6,8,8.189272889473731e-05,5,Netherlands / Belgium
Club Atlético San Martín (SJ),Argentina,1.0,0.0,0.0,0.0,1.0,0.0,1,0,1,0,1,1,5.964586928733951e-05,3,Spain / Argentina
Once Caldas,Colombia,4.0,4750000.0,3.0,0.0,7.0,4750000.0,7,3,4,3,4,7,9.254100589745388e-05,4,Portugal / Brazil
Deportivo Cali,Colombia,10.0,18480000.0,4.0,0.0,14.0,18480000.0,11,4,7,4,10,14,0.000112399064007,5,Netherlands / Belgium
Unión Española,Chile,3.0,2500000.0,3.0,0.0,6.0,2500000.0,6,3,3,3,3,6,8.059314252357201e-05,1,France / Belgium
Clube Náutico Capibaribe,Brazil,12.0,2573000.0,8.0,0.0,20.0,2573000.0,15,6,9,8,12,20,0.0001835949358215,4,Portugal / Brazil
JS Kabylie,Algeria,1.0,0.0,2.0,0.0,3.0,0.0,3,2,1,2,1,3,8.885453120010761e-05,3,Spain / Argentina
Doxa Katokopias,Cyprus,6.0,0.0,9.0,0.0,15.0,0.0,13,7,6,9,6,15,0.0001999385841515,4,Portugal / Brazil
UCAM Murcia CF,Spain,4.0,0.0,12.0,0.0,16.0,0.0,13,9,4,12,4,16,0.0001907395344483,3,Spain / Argentina
Beitar Jerusalem,Israel,4.0,750000.0,5.0,0.0,9.0,750000.0,7,4,3,5,4,9,0.0001223846774998,3,Spain / Argentina
Dalian Aerbin,China,2.0,0.0,2.0,2000000.0,4.0,2000000.0,4,2,2,2,2,4,7.445053727539466e-05,3,Spain / Argentina
Levski Sofia,Bulgaria,7.0,3400000.0,17.0,1440000.0,24.0,4840000.0,22,16,6,17,7,24,0.0002667905865229,1,France / Belgium
Elche Ilicitano,Spain,4.0,0.0,0.0,0.0,4.0,0.0,1,0,1,0,4,4,5.964586928733951e-05,3,Spain / Argentina
Maccabi Tel Aviv,Israel,12.0,6900000.0,19.0,1880000.0,31.0,8780000.0,28,18,10,19,12,31,0.0002515336457458,3,Spain / Argentina
Cagliari Calcio,Italy,369.0,834599000.0,285.0,852295000.0,654.0,1686894000.0,231,91,140,285,369,654,0.0031007029316783,2,Italy / Romania
La Hoya Lorca CF,Spain,2.0,0.0,0.0,0.0,2.0,0.0,1,0,1,0,2,2,5.964586928733951e-05,3,Spain / Argentina
Barakaldo CF,Spain,5.0,0.0,5.0,0.0,10.0,0.0,7,4,3,5,5,10,0.0001166001964321,3,Spain / Argentina
GD Ribeirão,Portugal,26.0,350000.0,16.0,0.0,42.0,350000.0,13,7,6,16,26,42,0.0002960107261666,4,Portugal / Brazil
Sestao River,Spain,2.0,0.0,0.0,0.0,2.0,0.0,2,0,2,0,2,2,5.9645869287338735e-05,3,Spain / Argentina
SCG Muangthong United,Thailand,1.0,0.0,2.0,0.0,3.0,0.0,3,2,1,2,1,3,8.686856473505723e-05,3,Spain / Argentina
CD Toledo,Spain,2.0,0.0,2.0,0.0,4.0,0.0,3,2,1,2,2,4,8.482194737666023e-05,3,Spain / Argentina
Gaziantepspor,Turkey,7.0,0.0,15.0,2950000.0,22.0,2950000.0,20,13,7,15,7,22,0.0002184171787617,4,Portugal / Brazil
Haro Deportivo,Spain,1.0,0.0,0.0,0.0,1.0,0.0,1,0,1,0,1,1,5.964586928733951e-05,3,Spain / Argentina
Genclerbirligi Ankara,Turkey,8.0,4300000.0,16.0,1000000.0,24.0,5300000.0,21,14,7,16,8,24,0.0002412630532023,5,Netherlands / Belgium
Arenas Club,Spain,1.0,0.0,0.0,0.0,1.0,0.0,1,0,1,0,1,1,5.964586928733951e-05,3,Spain / Argentina
Delfino Pescara 1936,Italy,152.0,618920000.0,213.0,572110000.0,365.0,1191030000.0,130,56,74,213,152,365,0.0018756297377077,2,Italy / Romania
Astra Giurgiu,Romania,12.0,0.0,14.0,200000.0,26.0,200000.0,20,12,8,14,12,26,0.0002270510135959,4,Portugal / Brazil
PAE Veria,Greece,3.0,0.0,8.0,0.0,11.0,0.0,10,7,3,8,3,11,0.0001426245379699,3,Spain / Argentina
CD La Equidad Seguros SA,Colombia,4.0,4120000.0,3.0,0.0,7.0,4120000.0,6,2,4,3,4,7,0.0001039071451708,4,Portugal / Brazil
Udinese Primavera,Italy,18.0,0.0,0.0,0.0,18.0,0.0,3,0,3,0,18,18,5.964586928733951e-05,2,Italy / Romania
Gil Vicente FC,Portugal,202.0,7050000.0,227.0,153000.0,429.0,7203000.0,232,123,109,227,202,429,0.0044069494936624,4,Portugal / Brazil
CE L’Hospitalet,Spain,1.0,0.0,1.0,0.0,2.0,0.0,2,1,1,1,1,2,7.120010664217374e-05,3,Spain / Argentina
Sassuolo Primavera,Italy,13.0,0.0,2.0,0.0,15.0,0.0,4,2,2,2,13,15,7.640937396969536e-05,2,Italy / Romania
Grêmio Osasco Audax (SP),Brazil,5.0,0.0,4.0,0.0,9.0,0.0,8,4,4,4,5,9,0.0001218932882143,4,Portugal / Brazil
Atlético Levante UD,Spain,10.0,0.0,0.0,0.0,10.0,0.0,1,0,1,0,10,10,5.964586928733951e-05,3,Spain / Argentina
AC Ajaccio,France,66.0,2500000.0,79.0,200000.0,145.0,2700000.0,82,40,42,79,66,145,0.0010326938741647,1,France / Belgium
Al-Gharafa SC,Qatar,3.0,0.0,12.0,16750000.0,15.0,16750000.0,14,11,3,12,3,15,0.0001824565569323,1,France / Belgium
SL Benfica B,Portugal,104.0,5100000.0,57.0,1250000.0,161.0,6350000.0,49,22,27,57,104,161,0.0009003823305149,4,Portugal / Brazil
Atlético de Kolkata,India,2.0,0.0,5.0,0.0,7.0,0.0,6,4,2,5,2,7,0.0001185824138492,3,Spain / Argentina
Al-Rayyan SC,Qatar,2.0,0.0,9.0,16300000.0,11.0,16300000.0,9,7,2,9,2,11,0.0001459346419311,3,Spain / Argentina
BATE Borisov,Belarus,4.0,3000000.0,1.0,0.0,5.0,3000000.0,5,1,4,1,4,5,7.029224612845858e-05,1,France / Belgium
Córdoba CF B,Spain,1.0,0.0,0.0,0.0,1.0,0.0,1,0,1,0,1,1,5.964586928733951e-05,3,Spain / Argentina
Moreirense FC,Portugal,248.0,30080000.0,261.0,2000000.0,509.0,32080000.0,238,116,122,261,248,509,0.004744443876282,4,Portugal / Brazil
PSV Eindhoven U21,Netherlands,54.0,3575000.0,8.0,0.0,62.0,3575000.0,21,5,16,8,54,62,0.0001480130384802,5,Netherlands / Belgium
OFK Beograd,Serbia,7.0,3700000.0,5.0,0.0,12.0,3700000.0,12,5,7,5,7,12,0.0001133835099636,4,Portugal / Brazil
Ludogorets Razgrad,Bulgaria,8.0,19700000.0,14.0,6950000.0,22.0,26650000.0,20,12,8,14,8,22,0.000216275303059,3,Spain / Argentina
Al-Arabi SC,Qatar,6.0,0.0,8.0,7500000.0,14.0,7500000.0,14,8,6,8,6,14,0.0001284884911799,5,Netherlands / Belgium
Beijing Guoan,China,5.0,1500000.0,9.0,59300000.0,14.0,60800000.0,14,9,5,9,5,14,0.0001668364416735,4,Portugal / Brazil
CD Atlético Huila,Colombia,4.0,2800000.0,0.0,0.0,4.0,2800000.0,4,0,4,0,4,4,5.964586928733951e-05,4,Portugal / Brazil
Lierse SK (- 2018),Belgium,14.0,1400000.0,8.0,0.0,22.0,1400000.0,22,8,14,8,14,22,0.0001457489361197,6,Germany / Austria
CD Eldense,Spain,1.0,0.0,0.0,0.0,1.0,0.0,1,0,1,0,1,1,5.964586928733951e-05,3,Spain / Argentina
Quilmes Atlético Club,Argentina,5.0,4250000.0,2.0,0.0,7.0,4250000.0,7,2,5,2,5,7,8.142421519393332e-05,3,Spain / Argentina
Lechia Gdansk,Poland,20.0,6585000.0,18.0,550000.0,38.0,7135000.0,29,14,15,18,20,38,0.000267264342532,4,Portugal / Brazil
SD Leioa,Spain,1.0,0.0,0.0,0.0,1.0,0.0,1,0,1,0,1,1,5.964586928733951e-05,3,Spain / Argentina
CD Lagun Onak,Spain,1.0,0.0,1.0,0.0,2.0,0.0,2,1,1,1,1,2,7.215847102697954e-05,3,Spain / Argentina
SD Amorebieta,Spain,1.0,0.0,1.0,0.0,2.0,0.0,2,1,1,1,1,2,7.215847102697954e-05,3,Spain / Argentina
El Gouna FC,Egypt,1.0,300000.0,1.0,0.0,2.0,300000.0,2,1,1,1,1,2,6.971175129723224e-05,5,Netherlands / Belgium
SV Sandhausen,Germany,16.0,2100000.0,22.0,210000.0,38.0,2310000.0,32,18,14,22,16,38,0.0003094300237936,6,Germany / Austria
Real Balompédica Linense,Spain,2.0,0.0,1.0,0.0,3.0,0.0,3,1,2,1,2,3,6.986997783909923e-05,3,Spain / Argentina
Al-Dhafra SCC,United Arab Emirates,3.0,0.0,3.0,0.0,6.0,0.0,6,3,3,3,3,6,9.684487383728474e-05,4,Portugal / Brazil
FC Porto B,Portugal,90.0,3000000.0,54.0,2100000.0,144.0,5100000.0,44,19,25,54,90,144,0.0008537557819896,4,Portugal / Brazil
US Sassuolo,Italy,388.0,513265000.0,267.0,1088847000.0,655.0,1602112000.0,194,68,126,267,388,655,0.0028576221871422,2,Italy / Romania
Belenenses SAD,Portugal,104.0,7800000.0,129.0,450000.0,233.0,8250000.0,125,65,60,129,104,233,0.0023080654943782,4,Portugal / Brazil
CF União Madeira,Portugal,40.0,0.0,52.0,0.0,92.0,0.0,59,34,25,52,40,92,0.0010292612332381,4,Portugal / Brazil
Club Atlético Huracán,Argentina,5.0,22200000.0,1.0,0.0,6.0,22200000.0,6,1,5,1,5,6,6.40611233289008e-05,5,Netherlands / Belgium
CF Rayo Majadahonda,Spain,6.0,0.0,8.0,0.0,14.0,0.0,13,7,6,8,6,14,0.0001633660700395,3,Spain / Argentina
ESTAC Troyes,France,100.0,42150000.0,112.0,26435000.0,212.0,68585000.0,111,54,57,112,100,212,0.0014045247937377,1,France / Belgium
CF Gavà,Spain,2.0,0.0,0.0,0.0,2.0,0.0,2,0,2,0,2,2,5.964586928733951e-05,3,Spain / Argentina
CF Villanovense,Spain,1.0,0.0,0.0,0.0,1.0,0.0,1,0,1,0,1,1,5.964586928733951e-05,3,Spain / Argentina
Real Oviedo,Spain,9.0,0.0,29.0,0.0,38.0,0.0,29,20,9,29,9,38,0.0003540252617289,3,Spain / Argentina
Deportivo Lara,Venezuela,1.0,300000.0,0.0,0.0,1.0,300000.0,1,0,1,0,1,1,5.964586928733951e-05,3,Spain / Argentina
Instituto AC Córdoba,Argentina,2.0,12300000.0,0.0,0.0,2.0,12300000.0,2,0,2,0,2,2,5.964586928733951e-05,3,Spain / Argentina
Burgos CF,Spain,2.0,0.0,6.0,0.0,8.0,0.0,7,5,2,6,2,8,0.000132462676051,3,Spain / Argentina
CD Tudelano,Spain,1.0,0.0,1.0,0.0,2.0,0.0,2,1,1,1,1,2,7.088389255477891e-05,3,Spain / Argentina
Club Atlético Rosario Central,Argentina,14.0,26540000.0,11.0,1230000.0,25.0,27770000.0,22,11,11,11,14,25,0.0001658081802788,2,Italy / Romania
Club Olimpo,Argentina,5.0,500000.0,2.0,0.0,7.0,500000.0,4,1,3,2,5,7,8.078137945140732e-05,3,Spain / Argentina
KSC Lokeren (- 2020),Belgium,16.0,3850000.0,11.0,275000.0,27.0,4125000.0,22,9,13,11,16,27,0.0001807991505771,5,Netherlands / Belgium
CD Nacional,Portugal,267.0,46980000.0,266.0,9640000.0,533.0,56620000.0,271,132,139,266,267,533,0.0053581633382551,4,Portugal / Brazil
Hebei China Fortune,China,4.0,2000000.0,9.0,43500000.0,13.0,45500000.0,13,9,4,9,4,13,0.0001417197078882,3,Spain / Argentina
Sport Club do Recife,Brazil,7.0,2850000.0,10.0,1500000.0,17.0,4350000.0,16,10,6,10,7,17,0.0001699388731328,4,Portugal / Brazil
Al-Sailiya SC,Qatar,2.0,0.0,4.0,0.0,6.0,0.0,5,3,2,4,2,6,9.817945836397968e-05,1,France / Belgium
Beijing Enterprises,China,1.0,0.0,0.0,0.0,1.0,0.0,1,0,1,0,1,1,5.964586928733951e-05,3,Spain / Argentina
CF Reus Deportiu (-2020),Spain,5.0,0.0,8.0,0.0,13.0,0.0,12,7,5,8,5,13,0.0001500984463434,3,Spain / Argentina
FK Krasnodar,Russia,8.0,3600000.0,16.0,61000000.0,24.0,64600000.0,20,13,7,16,8,24,0.0002485424234397,4,Portugal / Brazil
UE Llagostera,Spain,2.0,0.0,6.0,0.0,8.0,0.0,6,4,2,6,2,8,0.0001342140032817,3,Spain / Argentina
FC Astana,Kazakhstan,6.0,3000000.0,7.0,850000.0,13.0,3850000.0,12,6,6,7,6,13,0.0001417862411139,3,Spain / Argentina
Las Palmas Atlético,Spain,1.0,0.0,0.0,0.0,1.0,0.0,1,0,1,0,1,1,5.964586928733951e-05,3,Spain / Argentina
Betis Deportivo Balompié,Spain,13.0,0.0,5.0,0.0,18.0,0.0,6,5,1,5,13,18,0.0001172341144859,3,Spain / Argentina
AJ Auxerre B,France,14.0,0.0,1.0,0.0,15.0,0.0,3,1,2,1,14,15,6.996715431010398e-05,1,France / Belgium
Carabobo FC,Venezuela,3.0,450000.0,2.0,0.0,5.0,450000.0,4,2,2,2,3,5,9.068098883114868e-05,3,Spain / Argentina
Guizhou Hengfeng,China,3.0,0.0,3.0,0.0,6.0,0.0,6,3,3,3,3,6,9.3161445183681e-05,3,Spain / Argentina
Girona FC B,Spain,1.0,0.0,0.0,0.0,1.0,0.0,1,0,1,0,1,1,5.964586928733951e-05,3,Spain / Argentina
Club Atlético Boston River,Uruguay,3.0,2150000.0,4.0,1000000.0,7.0,3150000.0,6,4,2,4,3,7,0.000100862657944,1,France / Belgium
SpVgg Greuther Fürth,Germany,73.0,24990000.0,95.0,9650000.0,168.0,34640000.0,82,44,38,95,73,168,0.0013759636977327,6,Germany / Austria
Jiangsu Suning,China,4.0,15000000.0,9.0,44700000.0,13.0,59700000.0,10,7,3,9,4,13,0.0001272560766571,3,Spain / Argentina
Club Rápido de Bouzas,Spain,1.0,0.0,0.0,0.0,1.0,0.0,1,0,1,0,1,1,5.964586928733951e-05,3,Spain / Argentina
Club Necaxa,Mexico,2.0,0.0,3.0,1330000.0,5.0,1330000.0,5,3,2,3,2,5,9.088783843149712e-05,4,Portugal / Brazil
Tianjin Teda Reserves,China,2.0,0.0,0.0,0.0,2.0,0.0,2,0,2,0,2,2,5.964586928733951e-05,3,Spain / Argentina
MSK Zilina,Slovakia,7.0,22000000.0,1.0,250000.0,8.0,22250000.0,8,1,7,1,7,8,6.41575416815005e-05,2,Italy / Romania
CD Feirense,Portugal,133.0,11146000.0,149.0,425000.0,282.0,11571000.0,156,78,78,149,133,282,0.0028592523302541,4,Portugal / Brazil
Club Tijuana,Mexico,4.0,3800000.0,6.0,3830000.0,10.0,7630000.0,9,5,4,6,4,10,0.000112805892007,3,Spain / Argentina
Al-Nassr Riad,Saudi Arabia,3.0,0.0,12.0,33880000.0,15.0,33880000.0,14,11,3,12,3,15,0.0001864550147787,5,Netherlands / Belgium
Lorca FC,Spain,3.0,0.0,2.0,0.0,5.0,0.0,5,2,3,2,3,5,8.116624011925468e-05,3,Spain / Argentina
Al-Ahli SC,Qatar,3.0,1600000.0,5.0,0.0,8.0,1600000.0,8,5,3,5,3,8,0.0001132098018268,3,Spain / Argentina
FC Crotone,Italy,137.0,34550000.0,210.0,520660000.0,347.0,555210000.0,142,61,81,210,137,347,0.0020098271170069,2,Italy / Romania
Asociación Atlética Argentinos Juniors U20,Argentina,1.0,2000000.0,0.0,0.0,1.0,2000000.0,1,0,1,0,1,1,5.964586928733951e-05,3,Spain / Argentina
CD Leganés B,Spain,2.0,0.0,0.0,0.0,2.0,0.0,1,0,1,0,2,2,5.964586928733951e-05,3,Spain / Argentina
Deportivo Alavés B,Spain,6.0,0.0,1.0,0.0,7.0,0.0,2,1,1,1,6,7,7.102061095872824e-05,3,Spain / Argentina
NK Rudes,Croatia,6.0,0.0,7.0,0.0,13.0,0.0,6,4,2,7,6,13,0.0001318579607829,3,Spain / Argentina
Chicago Fire,United States,4.0,1700000.0,7.0,790000.0,11.0,2490000.0,9,5,4,7,4,11,0.0001285072890503,5,Netherlands / Belgium
Cultural Leonesa,Spain,6.0,0.0,8.0,0.0,14.0,0.0,14,8,6,8,6,14,0.0001521517920848,3,Spain / Argentina
CF Peralada,Spain,2.0,0.0,4.0,0.0,6.0,0.0,4,3,1,4,2,6,9.700971946548294e-05,3,Spain / Argentina
Zorya Lugansk,Ukraine,1.0,8500000.0,0.0,0.0,1.0,8500000.0,1,0,1,0,1,1,5.964586928733951e-05,3,Spain / Argentina
Osmanlispor FK,Turkey,4.0,2700000.0,10.0,500000.0,14.0,3200000.0,14,10,4,10,4,14,0.0001662503207203,4,Portugal / Brazil
Shanghai SIPG,China,1.0,2000000.0,2.0,85000000.0,3.0,87000000.0,3,2,1,2,1,3,8.04505647002565e-05,0,England / Scotland
Varzim SC,Portugal,41.0,0.0,46.0,25000.0,87.0,25000.0,42,24,18,46,41,87,0.0008192205579188,4,Portugal / Brazil
Club Athletico Paranaense,Brazil,9.0,49500000.0,4.0,100000.0,13.0,49600000.0,13,4,9,4,9,13,0.0001051634188549,4,Portugal / Brazil
Atlético de San Luis,Mexico,4.0,0.0,3.0,0.0,7.0,0.0,4,2,2,3,4,7,8.851893896357154e-05,3,Spain / Argentina
Deportivo Alavés U19,Spain,1.0,0.0,0.0,0.0,1.0,0.0,1,0,1,0,1,1,5.964586928733951e-05,3,Spain / Argentina
CF Fuenlabrada,Spain,8.0,2300000.0,16.0,0.0,24.0,2300000.0,14,9,5,16,8,24,0.0002388107636787,3,Spain / Argentina
Salamanca CF UDS,Spain,2.0,0.0,2.0,0.0,4.0,0.0,4,2,2,2,2,4,8.160697464825727e-05,3,Spain / Argentina
FC Lugano,Switzerland,5.0,1450000.0,35.0,2555000.0,40.0,4005000.0,21,17,4,35,5,40,0.0002659399361178,2,Italy / Romania
Venezia FC,Italy,23.0,5000000.0,57.0,518790000.0,80.0,523790000.0,51,33,18,57,23,80,0.0005804950339444,2,Italy / Romania
Melbourne Victory,Australia,7.0,500000.0,9.0,0.0,16.0,500000.0,16,9,7,9,7,16,0.0001633549254138,5,Netherlands / Belgium
CD Tondela,Portugal,191.0,6050000.0,204.0,645000.0,395.0,6695000.0,216,107,109,204,191,395,0.0036071654489001,4,Portugal / Brazil
FK Radnik Surdulica,Serbia,2.0,1300000.0,1.0,0.0,3.0,1300000.0,3,1,2,1,2,3,8.011323374911483e-05,5,Netherlands / Belgium
SSD Palermo,Italy,9.0,2500000.0,4.0,0.0,13.0,2500000.0,8,3,5,4,9,13,0.0001051665622692,2,Italy / Romania
Piast Gliwice,Poland,6.0,3150000.0,5.0,50000.0,11.0,3200000.0,8,3,5,5,6,11,0.0001212638197984,4,Portugal / Brazil
Lleida Esportiu,Spain,3.0,0.0,3.0,0.0,6.0,0.0,6,3,3,3,3,6,8.593054746251988e-05,3,Spain / Argentina
Marbella FC,Spain,1.0,0.0,5.0,0.0,6.0,0.0,6,5,1,5,1,6,0.0001131479150187,3,Spain / Argentina
Istanbul Basaksehir FK,Turkey,6.0,14450000.0,15.0,8100000.0,21.0,22550000.0,19,14,5,15,6,21,0.0001904330400889,5,Netherlands / Belgium
NK Lokomotiva Zagreb,Croatia,1.0,3500000.0,1.0,0.0,2.0,3500000.0,2,1,1,1,1,2,7.148100472290707e-05,3,Spain / Argentina
Clermont Foot 63,France,44.0,19400000.0,38.0,0.0,82.0,19400000.0,54,24,30,38,44,82,0.0006696647521438,1,France / Belgium
FC Villarreal C,Spain,2.0,0.0,1.0,0.0,3.0,0.0,3,1,2,1,2,3,6.986997783909923e-05,3,Spain / Argentina
NK Osijek,Croatia,10.0,9900000.0,9.0,3050000.0,19.0,12950000.0,17,7,10,9,10,19,0.0001530627232119,4,Portugal / Brazil
Wolfsberger AC,Austria,4.0,4000000.0,4.0,0.0,8.0,4000000.0,8,4,4,4,4,8,0.0001052028924686,5,Netherlands / Belgium
CD Badajoz,Spain,2.0,0.0,4.0,0.0,6.0,0.0,6,4,2,4,2,6,0.0001105625631448,3,Spain / Argentina
Konyaspor,Turkey,7.0,7700000.0,11.0,1000000.0,18.0,8700000.0,15,9,6,11,7,18,0.0001710071027846,4,Portugal / Brazil
Al-Wahda FC Abu Dhabi,United Arab Emirates,2.0,0.0,5.0,4500000.0,7.0,4500000.0,7,5,2,5,2,7,0.0001129849227423,1,France / Belgium
Cádiz CF B,Spain,2.0,0.0,2.0,0.0,4.0,0.0,3,1,2,2,2,4,9.18501914283416e-05,3,Spain / Argentina
Gaziantep FK,Turkey,3.0,0.0,8.0,400000.0,11.0,400000.0,10,7,3,8,3,11,0.0001682356190976,3,Spain / Argentina
FC St. Gallen 1879,Switzerland,12.0,2450000.0,17.0,2100000.0,29.0,4550000.0,27,15,12,17,12,29,0.0002222872676675,1,France / Belgium
SD Ejea,Spain,3.0,0.0,0.0,0.0,3.0,0.0,1,0,1,0,3,3,5.964586928733951e-05,3,Spain / Argentina
Göztepe,Turkey,3.0,0.0,9.0,400000.0,12.0,400000.0,11,8,3,9,3,12,0.0001753208457545,4,Portugal / Brazil
Defensa y Justicia,Argentina,2.0,7000000.0,4.0,0.0,6.0,7000000.0,6,4,2,4,2,6,9.57361630543217e-05,3,Spain / Argentina
CD Vitoria,Spain,1.0,0.0,3.0,0.0,4.0,0.0,2,1,1,3,1,4,9.718367450625938e-05,3,Spain / Argentina
FC Barcelona U19,Spain,5.0,6150000.0,0.0,0.0,5.0,6150000.0,4,0,4,0,5,5,5.964586928733951e-05,6,Germany / Austria
Club Cerro Porteño,Paraguay,9.0,5850000.0,8.0,1000000.0,17.0,6850000.0,15,7,8,8,9,17,0.0001467139579422,4,Portugal / Brazil
FK Sutjeska Niksic,Montenegro,2.0,0.0,0.0,0.0,2.0,0.0,2,0,2,0,2,2,5.964586928733951e-05,3,Spain / Argentina
FC Hermannstadt,Romania,3.0,0.0,6.0,0.0,9.0,0.0,9,6,3,6,3,9,0.0001308617293676,4,Portugal / Brazil
Al-Wahda Mekka,Saudi Arabia,3.0,0.0,3.0,0.0,6.0,0.0,6,3,3,3,3,6,9.78869879093566e-05,4,Portugal / Brazil
Dinamo Tbilisi,Georgia,4.0,1300000.0,1.0,0.0,5.0,1300000.0,5,1,4,1,4,5,7.148409852699365e-05,3,Spain / Argentina
NK Istra 1961,Croatia,6.0,400000.0,10.0,0.0,16.0,400000.0,8,6,2,10,6,16,0.0001469691692875,3,Spain / Argentina
Fatih Karagümrük,Turkey,1.0,0.0,7.0,0.0,8.0,0.0,6,5,1,7,1,8,0.0001373505544201,5,Netherlands / Belgium
Slovan Bratislava,Slovakia,7.0,11300000.0,6.0,0.0,13.0,11300000.0,12,5,7,6,7,13,0.0001213161503421,5,Netherlands / Belgium
Las Rozas CF,Spain,2.0,0.0,2.0,0.0,4.0,0.0,4,2,2,2,2,4,8.089651262919043e-05,3,Spain / Argentina
Treviso FBC 1993,Italy,5.0,0.0,3.0,0.0,8.0,0.0,6,3,3,3,5,8,8.873797335988263e-05,2,Italy / Romania
Legnano AC,Italy,1.0,500000000.0,0.0,0.0,1.0,500000000.0,1,0,1,0,1,1,5.964586928733951e-05,2,Italy / Romania
US Grosseto FC,Italy,8.0,5900000.0,49.0,201000.0,57.0,6101000.0,24,17,7,49,8,57,0.0004318945502706,2,Italy / Romania
Rimini FC,Italy,7.0,2800000.0,25.0,0.0,32.0,2800000.0,20,14,6,25,7,32,0.0002506784652672,2,Italy / Romania
Inter Milan Primavera,Italy,43.0,4950000.0,5.0,1000000.0,48.0,5950000.0,10,2,8,5,43,48,9.29461832998914e-05,2,Italy / Romania
Liberty Professionals FC,Ghana,3.0,0.0,2.0,0.0,5.0,0.0,5,2,3,2,3,5,7.546838142520562e-05,2,Italy / Romania
Empoli FC,Italy,186.0,180958000.0,191.0,56015000.0,377.0,236973000.0,135,48,87,191,186,377,0.0018308008933961,2,Italy / Romania
US Foggia,Italy,3.0,210000.0,19.0,207000.0,22.0,417000.0,14,12,2,19,3,22,0.0002030519378401,2,Italy / Romania
FC Südtirol-Alto Adige,Italy,2.0,0.0,47.0,500000000.0,49.0,500000000.0,21,19,2,47,2,49,0.0003963710416888,2,Italy / Romania
Palermo Juniores,Italy,20.0,0.0,0.0,0.0,20.0,0.0,2,0,2,0,20,20,5.964586928733951e-05,2,Italy / Romania
Scafatese Calcio 1922,Italy,1.0,0.0,1.0,0.0,2.0,0.0,2,1,1,1,1,2,7.163006219994274e-05,2,Italy / Romania
Ternana Calcio,Italy,8.0,4471000.0,71.0,507083000.0,79.0,511554000.0,32,25,7,71,8,79,0.0005085867170188,2,Italy / Romania
AC Carpenedolo,Italy,2.0,0.0,5.0,64000.0,7.0,64000.0,3,2,1,5,2,7,0.0001040488423715,2,Italy / Romania
US Lecce,Italy,125.0,30052000.0,148.0,19352000.0,273.0,49404000.0,123,52,71,148,125,273,0.0013553205233659,2,Italy / Romania
Varese 1910,Italy,16.0,5050000.0,41.0,70000.0,57.0,5120000.0,26,17,9,41,16,57,0.0002943798208715,2,Italy / Romania
FBC Unione Venezia,Italy,3.0,0.0,19.0,1000.0,22.0,1000.0,15,12,3,19,3,22,0.0001719048036572,2,Italy / Romania
Pescara Primavera,Italy,8.0,2300000.0,3.0,1000000.0,11.0,3300000.0,4,1,3,3,8,11,8.647233018512411e-05,2,Italy / Romania
AC Mantova 1911,Italy,1.0,0.0,3.0,100000.0,4.0,100000.0,3,2,1,3,1,4,8.490995001955481e-05,2,Italy / Romania
Parma Primavera,Italy,8.0,0.0,0.0,0.0,8.0,0.0,4,0,4,0,8,8,5.964586928733951e-05,2,Italy / Romania
UC AlbinoLeffe,Italy,14.0,6750000.0,23.0,1100000.0,37.0,7850000.0,20,10,10,23,14,37,0.0002107708701081,2,Italy / Romania
US Pergocrema 1932,Italy,3.0,0.0,17.0,0.0,20.0,0.0,15,13,2,17,3,20,0.0001932234070915,2,Italy / Romania
Genoa Primavera,Italy,37.0,3700000.0,1.0,0.0,38.0,3700000.0,4,1,3,1,37,38,6.478453820312686e-05,2,Italy / Romania
US Triestina,Italy,10.0,900000.0,34.0,601000.0,44.0,1501000.0,26,19,7,34,10,44,0.0003351344544802,2,Italy / Romania
Sapri Calcio 1928,Italy,1.0,75000.0,0.0,0.0,1.0,75000.0,1,0,1,0,1,1,5.964586928733951e-05,2,Italy / Romania
AS Gubbio 1910,Italy,5.0,130000.0,85.0,500200000.0,90.0,500330000.0,27,25,2,85,5,90,0.0006884853134876,2,Italy / Romania
Avellino Calcio SSD,Italy,2.0,0.0,0.0,0.0,2.0,0.0,2,0,2,0,2,2,5.964586928733951e-05,2,Italy / Romania
Arrone Calcio,Italy,1.0,0.0,0.0,0.0,1.0,0.0,1,0,1,0,1,1,5.964586928733951e-05,2,Italy / Romania
Ascoli Calcio 1898,Italy,12.0,508560000.0,41.0,552730000.0,53.0,1061290000.0,20,15,5,41,12,53,0.0003885971182682,2,Italy / Romania
AC Reggiana 1919,Italy,10.0,575000.0,38.0,500300000.0,48.0,500875000.0,21,16,5,38,10,48,0.0003165976500278,2,Italy / Romania
Fiorentina Primavera,Italy,28.0,151000.0,0.0,0.0,28.0,151000.0,3,0,3,0,28,28,5.964586928733951e-05,2,Italy / Romania
Tiburones Rojos de Veracruz,Mexico,1.0,900000.0,4.0,0.0,5.0,900000.0,5,4,1,4,1,5,0.0001017302438021,2,Italy / Romania
Calcio Lecco 1912,Italy,3.0,0.0,29.0,0.0,32.0,0.0,17,14,3,29,3,32,0.0002177026017752,2,Italy / Romania
Atalanta Primavera,Italy,19.0,2450000.0,1.0,0.0,20.0,2450000.0,3,1,2,1,19,20,7.590597148532713e-05,2,Italy / Romania
Lazio U19,Italy,34.0,0.0,0.0,0.0,34.0,0.0,3,0,3,0,34,34,5.964586928733951e-05,2,Italy / Romania
Slaven Belupo Koprivnica,Croatia,3.0,3850000.0,1.0,0.0,4.0,3850000.0,4,1,3,1,3,4,7.540346358882255e-05,2,Italy / Romania
AC Pisa 1909,Italy,7.0,504175000.0,53.0,250580000.0,60.0,754755000.0,29,23,6,53,7,60,0.0003913535023711,2,Italy / Romania
Siena Juniores,Italy,4.0,0.0,1.0,0.0,5.0,0.0,2,1,1,1,4,5,6.57982052096803e-05,2,Italy / Romania
FC Moscow,Russia,3.0,7200000.0,0.0,0.0,3.0,7200000.0,2,0,2,0,3,3,5.964586928733951e-05,2,Italy / Romania
SS Villacidrese,Italy,1.0,0.0,5.0,0.0,6.0,0.0,5,4,1,5,1,6,9.13950912904844e-05,2,Italy / Romania
ASD Manfredonia Calcio,Italy,1.0,0.0,2.0,0.0,3.0,0.0,3,2,1,2,1,3,8.219048509849781e-05,2,Italy / Romania
Cassino Calcio 1924,Italy,1.0,0.0,2.0,0.0,3.0,0.0,3,2,1,2,1,3,6.94731485072669e-05,2,Italy / Romania
Potenza Sport Club,Italy,3.0,0.0,2.0,0.0,5.0,0.0,4,2,2,2,3,5,8.084624175883128e-05,2,Italy / Romania
VF Colligiana,Italy,3.0,0.0,9.0,0.0,12.0,0.0,7,4,3,9,3,12,0.0001361618841582,2,Italy / Romania
Celano FC Olimpia,Italy,3.0,700000.0,5.0,0.0,8.0,700000.0,6,4,2,5,3,8,9.307200730867915e-05,2,Italy / Romania
FC Pavia 1911,Italy,4.0,0.0,31.0,0.0,35.0,0.0,21,17,4,31,4,35,0.0002941366323927,2,Italy / Romania
Catanzaro FC,Italy,1.0,0.0,1.0,0.0,2.0,0.0,2,1,1,1,1,2,7.541772670035187e-05,2,Italy / Romania
Frosinone Calcio,Italy,49.0,5700000.0,125.0,19870000.0,174.0,25570000.0,74,37,37,125,49,174,0.0010544664517204,2,Italy / Romania
AS Cittadella,Italy,12.0,18000000.0,49.0,1260000.0,61.0,19260000.0,28,21,7,49,12,61,0.0003561948957729,2,Italy / Romania
AC Sambonifacese,Italy,2.0,0.0,3.0,0.0,5.0,0.0,4,3,1,3,2,5,7.539188454590036e-05,2,Italy / Romania
Gsd Nuova Tor Tre Teste,Italy,1.0,0.0,0.0,0.0,1.0,0.0,1,0,1,0,1,1,5.964586928733951e-05,2,Italy / Romania
Treviso Juniores,Italy,1.0,0.0,0.0,0.0,1.0,0.0,1,0,1,0,1,1,5.964586928733951e-05,2,Italy / Romania
Foligno Calcio,Italy,7.0,150000.0,14.0,200000.0,21.0,350000.0,12,8,4,14,7,21,0.000160686915662,2,Italy / Romania
Chievo Primavera,Italy,14.0,0.0,0.0,0.0,14.0,0.0,1,0,1,0,14,14,5.964586928733951e-05,2,Italy / Romania
Vicenza Calcio,Italy,28.0,518720000.0,91.0,1508726000.0,119.0,2027446000.0,47,28,19,91,28,119,0.0006216476108668,2,Italy / Romania
AC Bellinzona,Switzerland,2.0,1000000.0,6.0,0.0,8.0,1000000.0,5,3,2,6,2,8,8.811991238653065e-05,2,Italy / Romania
Grasshopper Club Zürich U21,Switzerland,1.0,533000.0,0.0,0.0,1.0,533000.0,1,0,1,0,1,1,5.964586928733951e-05,2,Italy / Romania
CD Puertollano (- 2015),Spain,1.0,0.0,0.0,0.0,1.0,0.0,1,0,1,0,1,1,5.964586928733951e-05,2,Italy / Romania
Llaneros de Guanare EF,Venezuela,1.0,0.0,0.0,0.0,1.0,0.0,1,0,1,0,1,1,5.964586928733951e-05,2,Italy / Romania
AC Arles-Avignon,France,4.0,0.0,4.0,0.0,8.0,0.0,7,4,3,4,4,8,0.000102221133947,1,France / Belgium
Alghero 1945,Italy,1.0,500000000.0,4.0,0.0,5.0,500000000.0,3,2,1,4,1,5,8.276145862751676e-05,2,Italy / Romania
Cagliari Primavera,Italy,14.0,0.0,0.0,0.0,14.0,0.0,1,0,1,0,14,14,5.964586928733951e-05,2,Italy / Romania
AS Andria BAT,Italy,1.0,50000.0,12.0,500000000.0,13.0,500050000.0,6,5,1,12,1,13,0.0001707724986884,2,Italy / Romania
AC Bellaria Igea Marina,Italy,3.0,500000000.0,27.0,500000000.0,30.0,1000000000.0,10,7,3,27,3,30,0.0002973253933717,2,Italy / Romania
Bologna Primavera,Italy,18.0,1000000.0,2.0,0.0,20.0,1000000.0,5,2,3,2,18,20,8.175344552795948e-05,2,Italy / Romania
Carrarese Calcio 1908,Italy,3.0,150000.0,57.0,500000000.0,60.0,500150000.0,25,22,3,57,3,60,0.0004153583157815,2,Italy / Romania
FC Mendrisio-Stabio,Switzerland,1.0,0.0,1.0,0.0,2.0,0.0,2,1,1,1,1,2,6.485513661486118e-05,2,Italy / Romania
Livorno Primavera,Italy,1.0,0.0,0.0,0.0,1.0,0.0,1,0,1,0,1,1,5.964586928733951e-05,2,Italy / Romania
Fredrikstad FK,Norway,2.0,1400000.0,3.0,0.0,5.0,1400000.0,4,2,2,3,2,5,7.879147449750464e-05,2,Italy / Romania
Piacenza FC,Italy,9.0,553300000.0,22.0,0.0,31.0,553300000.0,20,13,7,22,9,31,0.0002053663616203,2,Italy / Romania
Napoli Primavera,Italy,11.0,0.0,0.0,0.0,11.0,0.0,1,0,1,0,11,11,5.964586928733951e-05,2,Italy / Romania
Calcio Padova,Italy,13.0,6650000.0,92.0,12051000.0,105.0,18701000.0,38,29,9,92,13,105,0.0006941182236368,2,Italy / Romania
US Pro Vercelli,Italy,1.0,0.0,1.0,0.0,2.0,0.0,2,1,1,1,1,2,6.955794533801583e-05,2,Italy / Romania
Città di Gela,Italy,1.0,0.0,6.0,0.0,7.0,0.0,5,4,1,6,1,7,9.946073124373264e-05,2,Italy / Romania
ASG Nocerina,Italy,6.0,0.0,26.0,100000.0,32.0,100000.0,20,16,4,26,6,32,0.0002783942632366,2,Italy / Romania
Nissa FC,Italy,1.0,0.0,0.0,0.0,1.0,0.0,1,0,1,0,1,1,5.964586928733951e-05,2,Italy / Romania
Free State Stars,South Africa,1.0,500000.0,0.0,0.0,1.0,500000.0,1,0,1,0,1,1,5.964586928733951e-05,2,Italy / Romania
Berekum Arsenal,Ghana,1.0,500000.0,0.0,0.0,1.0,500000.0,1,0,1,0,1,1,5.964586928733951e-05,2,Italy / Romania
SK Sturm Graz,Austria,10.0,4450000.0,17.0,500000.0,27.0,4950000.0,24,14,10,17,10,27,0.0002155325551597,6,Germany / Austria
Monte Alegre Futebol Clube (SP),Brazil,1.0,200000.0,0.0,0.0,1.0,200000.0,1,0,1,0,1,1,5.964586928733951e-05,2,Italy / Romania
ASD Liberty Monopoli,Italy,1.0,0.0,1.0,0.0,2.0,0.0,2,1,1,1,1,2,6.57982052096803e-05,2,Italy / Romania
SS Milazzo,Italy,7.0,250000.0,16.0,0.0,23.0,250000.0,6,3,3,16,7,23,0.0002460141281386,2,Italy / Romania
ASD HinterReggio Calcio,Italy,1.0,0.0,3.0,0.0,4.0,0.0,4,3,1,3,1,4,7.854047343307153e-05,2,Italy / Romania
Taranto FC 1927,Italy,5.0,0.0,19.0,0.0,24.0,0.0,15,10,5,19,5,24,0.0001873691493365,2,Italy / Romania
Atromitos Athen,Greece,5.0,1185000.0,10.0,0.0,15.0,1185000.0,14,10,4,10,5,15,0.0001789678051486,1,France / Belgium
ASD Boca Pietri Carpi,Italy,1.0,0.0,0.0,0.0,1.0,0.0,1,0,1,0,1,1,5.964586928733951e-05,2,Italy / Romania
Modena FC,Italy,11.0,1210000.0,73.0,940000.0,84.0,2150000.0,29,22,7,73,11,84,0.0004908784579134,2,Italy / Romania
Lokomotiv Moscow II,Russia,2.0,1770000.0,0.0,0.0,2.0,1770000.0,2,0,2,0,2,2,5.964586928733951e-05,2,Italy / Romania
SSD US Ancona,Italy,2.0,0.0,1.0,0.0,3.0,0.0,3,1,2,1,2,3,6.394781414062478e-05,2,Italy / Romania
Sampdoria Primavera,Italy,13.0,0.0,0.0,0.0,13.0,0.0,2,0,2,0,13,13,5.964586928733951e-05,2,Italy / Romania
Unión San Felipe,Chile,4.0,2500000.0,0.0,0.0,4.0,2500000.0,2,0,2,0,4,4,5.964586928733951e-05,4,Portugal / Brazil
ASD Perugia Calcio,Italy,1.0,0.0,0.0,0.0,1.0,0.0,1,0,1,0,1,1,5.964586928733951e-05,2,Italy / Romania
LB Châteauroux,France,40.0,12700000.0,38.0,750000.0,78.0,13450000.0,49,23,26,38,40,78,0.0004775470093309,1,France / Belgium
Paganese Calcio 1926,Italy,5.0,0.0,47.0,0.0,52.0,0.0,23,20,3,47,5,52,0.0004508145864404,2,Italy / Romania
Perugia Primavera,Italy,1.0,0.0,0.0,0.0,1.0,0.0,1,0,1,0,1,1,5.964586928733951e-05,2,Italy / Romania
Salernitana Calcio 1919,Italy,2.0,0.0,14.0,400000.0,16.0,400000.0,12,10,2,14,2,16,0.0001684810324726,2,Italy / Romania
AC Mantova,Italy,2.0,0.0,20.0,0.0,22.0,0.0,12,10,2,20,2,22,0.0001785083309905,2,Italy / Romania
Lyngby BK,Denmark,8.0,3020000.0,5.0,0.0,13.0,3020000.0,11,5,6,5,8,13,0.000116513077572,6,Germany / Austria
SPAL 1907,Italy,4.0,0.0,12.0,100000.0,16.0,100000.0,8,6,2,12,4,16,0.0001615966242879,2,Italy / Romania
Terrassa FC,Spain,1.0,0.0,0.0,0.0,1.0,0.0,1,0,1,0,1,1,5.964586928733951e-05,2,Italy / Romania
AC Prato,Italy,2.0,0.0,44.0,50000000.0,46.0,50000000.0,18,17,1,44,2,46,0.0003363619030223,2,Italy / Romania
FC Banik Ostrava,Czech Republic,4.0,4000000.0,1.0,0.0,5.0,4000000.0,4,1,3,1,4,5,6.87237218549641e-05,1,France / Belgium
Liberty Professionals FC U19,Ghana,1.0,0.0,0.0,0.0,1.0,0.0,1,0,1,0,1,1,5.964586928733951e-05,2,Italy / Romania
Bari Primavera,Italy,1.0,0.0,0.0,0.0,1.0,0.0,1,0,1,0,1,1,5.964586928733951e-05,2,Italy / Romania
Naval 1º de Maio,Portugal,40.0,3800000.0,38.0,0.0,78.0,3800000.0,53,26,27,38,40,78,0.0009158896159574,4,Portugal / Brazil
Debreceni VSC,Hungary,6.0,3030000.0,4.0,0.0,10.0,3030000.0,10,4,6,4,6,10,0.00010995836241,4,Portugal / Brazil
Pavia Juniores,Italy,1.0,0.0,0.0,0.0,1.0,0.0,1,0,1,0,1,1,5.964586928733951e-05,2,Italy / Romania
Eretum Monterotondo,Italy,1.0,0.0,0.0,0.0,1.0,0.0,1,0,1,0,1,1,5.964586928733951e-05,2,Italy / Romania
SL Benfica U19,Portugal,16.0,0.0,2.0,0.0,18.0,0.0,6,2,4,2,16,18,9.38444747260409e-05,4,Portugal / Brazil
AC Monza Brianza,Italy,5.0,320000.0,24.0,0.0,29.0,320000.0,17,12,5,24,5,29,0.0001857417851558,2,Italy / Romania
Brescia Primavera,Italy,8.0,4200000.0,0.0,0.0,8.0,4200000.0,4,0,4,0,8,8,5.964586928733951e-05,2,Italy / Romania
FK Rad,Serbia,13.0,5890000.0,5.0,0.0,18.0,5890000.0,13,4,9,5,13,18,0.0001027288433956,2,Italy / Romania
NK Zagreb,Croatia,5.0,3080000.0,4.0,0.0,9.0,3080000.0,8,3,5,4,5,9,8.831163591513605e-05,2,Italy / Romania
Atletico Roma,Italy,5.0,700000.0,8.0,101000.0,13.0,801000.0,9,6,3,8,5,13,0.0001176548899058,2,Italy / Romania
ND Gorica,Slovenia,7.0,1100000.0,45.0,0.0,52.0,1100000.0,12,8,4,45,7,52,0.0004899184761655,2,Italy / Romania
Polisportiva Nuova Campobasso Calcio,Italy,2.0,0.0,9.0,0.0,11.0,0.0,7,5,2,9,2,11,0.00013895340871,2,Italy / Romania
Hammarby IF,Sweden,6.0,5700000.0,5.0,0.0,11.0,5700000.0,11,5,6,5,6,11,0.0001026081662639,1,France / Belgium
FC Koper,Slovenia,5.0,980000.0,8.0,0.0,13.0,980000.0,12,7,5,8,5,13,0.0001217849944622,2,Italy / Romania
SK Brann,Norway,5.0,1700000.0,9.0,43000.0,14.0,1743000.0,12,7,5,9,5,14,0.0001531396778671,5,Netherlands / Belgium
Spartak Trnava,Slovakia,4.0,1350000.0,5.0,0.0,9.0,1350000.0,9,5,4,5,4,9,0.0001019837168966,2,Italy / Romania
AS Avellino 1912,Italy,4.0,400000.0,28.0,190000.0,32.0,590000.0,16,12,4,28,4,32,0.0002260250299449,2,Italy / Romania
Unione Sanremo,Italy,1.0,0.0,4.0,0.0,5.0,0.0,3,2,1,4,1,5,8.402103523552221e-05,2,Italy / Romania
Cavese 1919,Italy,3.0,0.0,16.0,0.0,19.0,0.0,13,10,3,16,3,19,0.0001563786803423,2,Italy / Romania
US Poggibonsi,Italy,2.0,0.0,11.0,0.0,13.0,0.0,9,7,2,11,2,13,0.0001248634153977,2,Italy / Romania
Cesena Primavera,Italy,5.0,0.0,0.0,0.0,5.0,0.0,1,0,1,0,5,5,5.964586928733951e-05,2,Italy / Romania
CA Rentistas,Uruguay,3.0,3500000.0,2.0,0.0,5.0,3500000.0,4,2,2,2,3,5,8.333625900036357e-05,4,Portugal / Brazil
Unione Sportiva Siracusa,Italy,1.0,0.0,5.0,0.0,6.0,0.0,4,3,1,5,1,6,9.30799445141009e-05,2,Italy / Romania
Mjällby AIF,Sweden,4.0,520000.0,4.0,0.0,8.0,520000.0,6,3,3,4,4,8,0.0001032160579107,5,Netherlands / Belgium
Cagliari Youth,Italy,2.0,0.0,0.0,0.0,2.0,0.0,1,0,1,0,2,2,5.964586928733951e-05,2,Italy / Romania
Santarcangelo Calcio,Italy,4.0,0.0,32.0,0.0,36.0,0.0,17,13,4,32,4,36,0.0002798396402421,2,Italy / Romania
SSD Città di Brindisi,Italy,1.0,0.0,7.0,0.0,8.0,0.0,7,6,1,7,1,8,0.0001160847697487,2,Italy / Romania
FC Lustenau,Austria,1.0,263000.0,0.0,0.0,1.0,263000.0,1,0,1,0,1,1,5.964586928733951e-05,2,Italy / Romania
US Cremonese,Italy,5.0,900000.0,90.0,4456000.0,95.0,5356000.0,32,28,4,90,5,95,0.0006629764762738,2,Italy / Romania
Salerno Calcio,Italy,2.0,0.0,1.0,0.0,3.0,0.0,3,1,2,1,2,3,6.727103291713188e-05,2,Italy / Romania
Lecce Primavera,Italy,2.0,0.0,0.0,0.0,2.0,0.0,1,0,1,0,2,2,5.964586928733951e-05,2,Italy / Romania
Club Juan Aurich,Peru,3.0,1000000.0,4.0,250000.0,7.0,1250000.0,6,3,3,4,3,7,0.0001115233533655,4,Portugal / Brazil
Valle Grecanica,Italy,1.0,0.0,0.0,0.0,1.0,0.0,1,0,1,0,1,1,5.964586928733951e-05,2,Italy / Romania
Szombathelyi Haladás,Hungary,1.0,980000.0,5.0,0.0,6.0,980000.0,6,5,1,5,1,6,0.0001147212849529,6,Germany / Austria
Montevideo Wanderers,Uruguay,1.0,250000.0,3.0,0.0,4.0,250000.0,4,3,1,3,1,4,8.610452229793323e-05,2,Italy / Romania
FC Bayern Munich II,Germany,36.0,7850000.0,11.0,200000.0,47.0,8050000.0,23,9,14,11,36,47,0.0001795316403646,6,Germany / Austria
AC Renate,Italy,3.0,77000.0,45.0,85000.0,48.0,162000.0,19,17,2,45,3,48,0.0003623800673507,2,Italy / Romania
SF Aversa Normanna,Italy,1.0,30000.0,13.0,0.0,14.0,30000.0,10,9,1,13,1,14,0.0001414639426134,2,Italy / Romania
FC Chiasso,Switzerland,5.0,750000.0,15.0,600000.0,20.0,1350000.0,16,12,4,15,5,20,0.0001852055550099,2,Italy / Romania
Uberaba Sport Club (MG),Brazil,2.0,0.0,0.0,0.0,2.0,0.0,2,0,2,0,2,2,5.964586928733951e-05,4,Portugal / Brazil
SS Juve Stabia,Italy,8.0,1500000.0,64.0,0.0,72.0,1500000.0,28,23,5,64,8,72,0.0004883058319119,2,Italy / Romania
Club Atlético Belgrano,Argentina,5.0,10450000.0,1.0,0.0,6.0,10450000.0,6,1,5,1,5,6,6.426388117974522e-05,2,Italy / Romania
FC Pro Vercelli 1892,Italy,9.0,9010000.0,76.0,505700000.0,85.0,514710000.0,28,22,6,76,9,85,0.0005611322824542,2,Italy / Romania
Cruzeiro Esporte Clube U20,Brazil,3.0,3770000.0,0.0,0.0,3.0,3770000.0,3,0,3,0,3,3,5.964586928733951e-05,2,Italy / Romania
Sport Club Internacional U20,Brazil,1.0,700000.0,0.0,0.0,1.0,700000.0,1,0,1,0,1,1,5.964586928733951e-05,2,Italy / Romania
FK Suduva Marijampole,Lithuania,1.0,250000.0,0.0,0.0,1.0,250000.0,1,0,1,0,1,1,5.964586928733951e-05,2,Italy / Romania
Zulia FC,Venezuela,3.0,1700000.0,1.0,0.0,4.0,1700000.0,4,1,3,1,3,4,6.955794533801583e-05,2,Italy / Romania
MFK Dubnica,Slovakia,1.0,0.0,0.0,0.0,1.0,0.0,1,0,1,0,1,1,5.964586928733951e-05,2,Italy / Romania
US Tor di Quinto,Italy,1.0,0.0,0.0,0.0,1.0,0.0,1,0,1,0,1,1,5.964586928733951e-05,2,Italy / Romania
L'Aquila Calcio,Italy,2.0,0.0,13.0,150000.0,15.0,150000.0,8,7,1,13,2,15,0.0001551578094776,2,Italy / Romania
Vicenza Primavera,Italy,1.0,0.0,0.0,0.0,1.0,0.0,1,0,1,0,1,1,5.964586928733951e-05,2,Italy / Romania
Gubbio Berretti,Italy,1.0,0.0,0.0,0.0,1.0,0.0,1,0,1,0,1,1,5.964586928733951e-05,2,Italy / Romania
Losone Sportiva,Switzerland,1.0,0.0,0.0,0.0,1.0,0.0,1,0,1,0,1,1,5.964586928733951e-05,2,Italy / Romania
Casarano Calcio,Italy,1.0,0.0,0.0,0.0,1.0,0.0,1,0,1,0,1,1,5.964586928733951e-05,2,Italy / Romania
Pierantonio Sport,Italy,1.0,0.0,1.0,0.0,2.0,0.0,2,1,1,1,1,2,6.640363740911812e-05,2,Italy / Romania
AC Isola Liri,Italy,1.0,0.0,4.0,0.0,5.0,0.0,5,4,1,4,1,5,9.939698934724952e-05,2,Italy / Romania
Lupa Piacenza,Italy,1.0,130000.0,0.0,0.0,1.0,130000.0,1,0,1,0,1,1,5.964586928733951e-05,2,Italy / Romania
FK Proleter Novi Sad,Serbia,1.0,25000.0,1.0,0.0,2.0,25000.0,2,1,1,1,1,2,8.011323374911483e-05,5,Netherlands / Belgium
AC Giacomense,Italy,1.0,0.0,8.0,0.0,9.0,0.0,7,6,1,8,1,9,0.000118857901924,2,Italy / Romania
AS Lucchese Libertas,Italy,1.0,0.0,21.0,0.0,22.0,0.0,12,11,1,21,1,22,0.00018627446888,2,Italy / Romania
US Vibonese,Italy,1.0,0.0,11.0,0.0,12.0,0.0,9,8,1,11,1,12,0.0001485463969906,2,Italy / Romania
Foggia Calcio,Italy,1.0,0.0,23.0,0.0,24.0,0.0,18,17,1,23,1,24,0.0002316286220759,2,Italy / Romania
Ismaily SC,Egypt,1.0,1500000.0,0.0,0.0,1.0,1500000.0,1,0,1,0,1,1,5.964586928733951e-05,2,Italy / Romania
Ajax Amsterdam U21,Netherlands,105.0,14000000.0,31.0,3900000.0,136.0,17900000.0,47,19,28,31,105,136,0.000399582561714,5,Netherlands / Belgium
US Pergolettese 1932,Italy,1.0,0.0,9.0,0.0,10.0,0.0,8,7,1,9,1,10,0.0001261026336409,2,Italy / Romania
Valenzana Mado SSD,Italy,1.0,0.0,3.0,0.0,4.0,0.0,2,1,1,3,1,4,8.479986367268528e-05,2,Italy / Romania
GAIS Göteborg,Sweden,2.0,2000000.0,0.0,0.0,2.0,2000000.0,2,0,2,0,2,2,5.964586928733951e-05,5,Netherlands / Belgium
CSKA Moscow II,Russia,1.0,300000.0,0.0,0.0,1.0,300000.0,1,0,1,0,1,1,5.964586928733951e-05,2,Italy / Romania
Mogren Budva,Montenegro,1.0,3000000.0,0.0,0.0,1.0,3000000.0,1,0,1,0,1,1,5.964586928733951e-05,2,Italy / Romania
SSD Chieti Calcio,Italy,1.0,300000.0,11.0,0.0,12.0,300000.0,7,6,1,11,1,12,0.0001471043212756,2,Italy / Romania
Torino Primavera,Italy,22.0,0.0,1.0,0.0,23.0,0.0,2,1,1,1,22,23,7.290365525945788e-05,2,Italy / Romania
CFR Cluj,Romania,27.0,17200000.0,41.0,2780000.0,68.0,19980000.0,42,25,17,41,27,68,0.0005377165944422,4,Portugal / Brazil
Calcio Portogruaro-Summaga,Italy,1.0,0.0,19.0,0.0,20.0,0.0,9,8,1,19,1,20,0.0001565725352741,2,Italy / Romania
Alma Juventus Fano 1906,Italy,1.0,0.0,20.0,0.0,21.0,0.0,13,12,1,20,1,21,0.0002184038078282,2,Italy / Romania
Anagennisi Epanomis,Greece,1.0,0.0,0.0,0.0,1.0,0.0,1,0,1,0,1,1,5.964586928733951e-05,2,Italy / Romania
Atletico Arezzo,Italy,2.0,0.0,0.0,0.0,2.0,0.0,2,0,2,0,2,2,5.964586928733951e-05,4,Portugal / Brazil
US Latina Calcio,Italy,4.0,2200000.0,60.0,502800000.0,64.0,505000000.0,23,19,4,60,4,64,0.0004378252776043,2,Italy / Romania
Polonia Warsaw,Poland,3.0,1100000.0,3.0,0.0,6.0,1100000.0,6,3,3,3,3,6,8.608419173932389e-05,2,Italy / Romania
Empoli Primavera,Italy,10.0,4700000.0,0.0,0.0,10.0,4700000.0,5,0,5,0,10,10,5.964586928733951e-05,2,Italy / Romania
AC Bra,Italy,1.0,100000.0,2.0,0.0,3.0,100000.0,2,1,1,2,1,3,6.92565863129192e-05,2,Italy / Romania
FC Aprilia,Italy,2.0,0.0,12.0,0.0,14.0,0.0,10,8,2,12,2,14,0.0001567177104021,2,Italy / Romania
SS Barletta Calcio,Italy,1.0,500000000.0,21.0,0.0,22.0,500000000.0,14,13,1,21,1,22,0.000215976481676,2,Italy / Romania
Zaglebie Lubin II,Poland,1.0,250000.0,0.0,0.0,1.0,250000.0,1,0,1,0,1,1,5.964586928733951e-05,2,Italy / Romania
GC Biaschesi,Switzerland,1.0,0.0,4.0,0.0,5.0,0.0,2,1,1,4,1,5,9.929417349004476e-05,2,Italy / Romania
Arzachena Costa Smeralda,Italy,1.0,0.0,2.0,0.0,3.0,0.0,3,2,1,2,1,3,8.098612340010342e-05,2,Italy / Romania
Catania Primavera,Italy,2.0,0.0,1.0,0.0,3.0,0.0,2,1,1,1,2,3,6.419990598931032e-05,2,Italy / Romania
AS Sestese Juniores,Italy,1.0,0.0,0.0,0.0,1.0,0.0,1,0,1,0,1,1,5.964586928733951e-05,2,Italy / Romania
FC Paris Saint-Germain B,France,35.0,1500000.0,3.0,0.0,38.0,1500000.0,15,2,13,3,35,38,8.686715976109744e-05,1,France / Belgium
Calcio Como,Italy,5.0,50000.0,43.0,281000.0,48.0,331000.0,25,20,5,43,5,48,0.0003106756285369,2,Italy / Romania
US Alessandria Calcio 1912,Italy,1.0,0.0,53.0,370000.0,54.0,370000.0,23,22,1,53,1,54,0.0003944755673614,2,Italy / Romania
Deportes Quindío,Colombia,2.0,3930000.0,0.0,0.0,2.0,3930000.0,2,0,2,0,2,2,5.964586928733951e-05,2,Italy / Romania
RNK Split,Croatia,1.0,4500000.0,2.0,0.0,3.0,4500000.0,3,2,1,2,1,3,8.151296212462742e-05,2,Italy / Romania
Inter Allies FC,Ghana,1.0,610000.0,0.0,0.0,1.0,610000.0,1,0,1,0,1,1,5.964586928733951e-05,2,Italy / Romania
US Salernitana 1919,Italy,48.0,20880000.0,111.0,6641000.0,159.0,27521000.0,56,32,24,111,48,159,0.001100280109197,2,Italy / Romania
Varese Primavera,Italy,1.0,0.0,0.0,0.0,1.0,0.0,1,0,1,0,1,1,5.964586928733951e-05,2,Italy / Romania
US Palermo Youth,Italy,1.0,0.0,0.0,0.0,1.0,0.0,1,0,1,0,1,1,5.964586928733951e-05,2,Italy / Romania
FK Viktoria Zizkov,Czech Republic,1.0,0.0,0.0,0.0,1.0,0.0,1,0,1,0,1,1,5.964586928733951e-05,2,Italy / Romania
Genoa CFC Youth,Italy,2.0,0.0,0.0,0.0,2.0,0.0,1,0,1,0,2,2,5.964586928733951e-05,2,Italy / Romania
Red Star Belgrade U19,Serbia,2.0,500000.0,0.0,0.0,2.0,500000.0,2,0,2,0,2,2,5.964586928733951e-05,5,Netherlands / Belgium
FUS Rabat,Morocco,4.0,2350000.0,1.0,0.0,5.0,2350000.0,4,1,3,1,4,5,8.126331706241422e-05,4,Portugal / Brazil
Arzanese Calcio,Italy,4.0,75000.0,7.0,0.0,11.0,75000.0,3,2,1,7,4,11,0.000123779016602,2,Italy / Romania
Sporting CP B,Portugal,52.0,0.0,32.0,1750000.0,84.0,1750000.0,26,11,15,32,52,84,0.000540816156067,4,Portugal / Brazil
Río Abajo FC,Panama,1.0,0.0,0.0,0.0,1.0,0.0,1,0,1,0,1,1,5.964586928733951e-05,2,Italy / Romania
FBC Casale,Italy,1.0,0.0,2.0,0.0,3.0,0.0,3,2,1,2,1,3,6.929621059728787e-05,2,Italy / Romania
Fondi Calcio,Italy,2.0,0.0,8.0,0.0,10.0,0.0,3,2,1,8,2,10,0.0001342396689695,2,Italy / Romania
Fidelis Andria,Italy,2.0,20000.0,5.0,0.0,7.0,20000.0,7,5,2,5,2,7,9.56727192160714e-05,2,Italy / Romania
AS Melfi,Italy,2.0,0.0,16.0,0.0,18.0,0.0,13,11,2,16,2,18,0.0001760533679593,2,Italy / Romania
FC Bohemians Prague 1905,Czech Republic,1.0,0.0,1.0,0.0,2.0,0.0,2,1,1,1,1,2,6.41575416815005e-05,2,Italy / Romania
Vigor Lamezia Calcio,Italy,2.0,0.0,13.0,100000.0,15.0,100000.0,4,3,1,13,2,15,0.000179026642088,2,Italy / Romania
SSD Spoleto Calcio,Italy,1.0,0.0,0.0,0.0,1.0,0.0,1,0,1,0,1,1,5.964586928733951e-05,2,Italy / Romania
Sorrento Calcio,Italy,2.0,0.0,10.0,0.0,12.0,0.0,9,7,2,10,2,12,0.0001377940892284,2,Italy / Romania
Portogruaro Calcio ASD,Italy,1.0,0.0,0.0,0.0,1.0,0.0,1,0,1,0,1,1,5.964586928733951e-05,2,Italy / Romania
FK Tauras Taurage,Lithuania,1.0,0.0,0.0,0.0,1.0,0.0,1,0,1,0,1,1,5.964586928733951e-05,2,Italy / Romania
US Arezzo,Italy,1.0,0.0,15.0,0.0,16.0,0.0,12,11,1,15,1,16,0.0001726067173726,2,Italy / Romania
La Storta,Italy,1.0,0.0,0.0,0.0,1.0,0.0,1,0,1,0,1,1,5.964586928733951e-05,2,Italy / Romania
SSD Riccione Calcio 1929,Italy,1.0,0.0,0.0,0.0,1.0,0.0,1,0,1,0,1,1,5.964586928733951e-05,2,Italy / Romania
Calcio Del Duca Ribelle,Italy,1.0,0.0,2.0,0.0,3.0,0.0,3,2,1,2,1,3,7.469661425380318e-05,2,Italy / Romania
CS Turnu-Severin,Romania,1.0,0.0,0.0,0.0,1.0,0.0,1,0,1,0,1,1,5.964586928733951e-05,2,Italy / Romania
Vigor Lamezia Youth,Italy,1.0,0.0,0.0,0.0,1.0,0.0,1,0,1,0,1,1,5.964586928733951e-05,2,Italy / Romania
San Marino,Italy,2.0,600000.0,24.0,0.0,26.0,600000.0,14,12,2,24,2,26,0.0002316699193673,2,Italy / Romania
Foligno Juniores,Italy,1.0,0.0,0.0,0.0,1.0,0.0,1,0,1,0,1,1,5.964586928733951e-05,2,Italy / Romania
SSD Imperia 1923,Italy,1.0,0.0,0.0,0.0,1.0,0.0,1,0,1,0,1,1,5.964586928733951e-05,2,Italy / Romania
Savona FBC,Italy,3.0,0.0,41.0,0.0,44.0,0.0,13,11,2,41,3,44,0.0003573110608519,2,Italy / Romania
Parma FC Youth,Italy,2.0,0.0,0.0,0.0,2.0,0.0,1,0,1,0,2,2,5.964586928733951e-05,2,Italy / Romania
Górnik Zabrze,Poland,7.0,9440000.0,5.0,200000.0,12.0,9640000.0,11,4,7,5,7,12,9.920890491636886e-05,2,Italy / Romania
US Campobasso 1919,Italy,1.0,0.0,0.0,0.0,1.0,0.0,1,0,1,0,1,1,5.964586928733951e-05,2,Italy / Romania
Montevideo Wanderers U19,Uruguay,1.0,0.0,0.0,0.0,1.0,0.0,1,0,1,0,1,1,5.964586928733951e-05,2,Italy / Romania
ACD Grifoponte Torgiano,Italy,1.0,0.0,0.0,0.0,1.0,0.0,1,0,1,0,1,1,5.964586928733951e-05,2,Italy / Romania
San Donato - Tavarnelle,Italy,1.0,0.0,3.0,0.0,4.0,0.0,2,1,1,3,1,4,8.474555895486722e-05,2,Italy / Romania
Enyimba Aba,Nigeria,1.0,0.0,0.0,0.0,1.0,0.0,1,0,1,0,1,1,5.964586928733951e-05,2,Italy / Romania
Clube de Regatas do Flamengo U20,Brazil,1.0,2650000.0,0.0,0.0,1.0,2650000.0,1,0,1,0,1,1,5.964586928733951e-05,2,Italy / Romania
SS Matera Calcio,Italy,2.0,0.0,12.0,34000.0,14.0,34000.0,12,10,2,12,2,14,0.0001447333931191,2,Italy / Romania
US Gavorrano,Italy,3.0,0.0,20.0,0.0,23.0,0.0,13,11,2,20,3,23,0.0002236823795973,2,Italy / Romania
Genoa Under 17,Italy,1.0,0.0,0.0,0.0,1.0,0.0,1,0,1,0,1,1,5.964586928733951e-05,2,Italy / Romania
Club León FC,Mexico,1.0,1000000.0,4.0,5400000.0,5.0,6400000.0,5,4,1,4,1,5,9.714998995470468e-05,2,Italy / Romania
FK Donji Srem Pecinci,Serbia,1.0,0.0,2.0,0.0,3.0,0.0,3,2,1,2,1,3,7.674676128694406e-05,2,Italy / Romania
SSD Monza 1912,Italy,4.0,20000.0,10.0,0.0,14.0,20000.0,11,7,4,10,4,14,0.0001171787335665,2,Italy / Romania
Clube Atlético Bragantino (SP),Brazil,6.0,0.0,6.0,0.0,12.0,0.0,12,6,6,6,6,12,0.0001464701824532,4,Portugal / Brazil
AS Martina Franca,Italy,1.0,0.0,6.0,0.0,7.0,0.0,6,5,1,6,1,7,9.557569710126052e-05,2,Italy / Romania
Hellas Verona Primavera,Italy,11.0,1000000.0,1.0,2500000.0,12.0,3500000.0,3,1,2,1,11,12,6.426388117974522e-05,2,Italy / Romania
AS Pizzighettone,Italy,1.0,0.0,0.0,0.0,1.0,0.0,1,0,1,0,1,1,5.964586928733951e-05,2,Italy / Romania
AC Milan Youth,Italy,1.0,0.0,0.0,0.0,1.0,0.0,1,0,1,0,1,1,5.964586928733951e-05,2,Italy / Romania
Latina Primavera,Italy,2.0,1070000.0,0.0,0.0,2.0,1070000.0,2,0,2,0,2,2,5.964586928733951e-05,2,Italy / Romania
Biancoscudati Padova,Italy,1.0,0.0,2.0,0.0,3.0,0.0,3,2,1,2,1,3,7.278520296396092e-05,2,Italy / Romania
Ascoli Picchio Primavera,Italy,1.0,0.0,0.0,0.0,1.0,0.0,1,0,1,0,1,1,5.964586928733951e-05,2,Italy / Romania
NK Istra 1961 U19,Croatia,1.0,20000.0,0.0,0.0,1.0,20000.0,1,0,1,0,1,1,5.964586928733951e-05,2,Italy / Romania
Ascoli Picchio,Italy,4.0,6000000.0,40.0,1220000.0,44.0,7220000.0,17,15,2,40,4,44,0.0002927979939602,2,Italy / Romania
US Città di Pontedera,Italy,3.0,124000.0,39.0,8000.0,42.0,132000.0,20,17,3,39,3,42,0.0003403829705933,2,Italy / Romania
AC Tuttocuoio,Italy,1.0,360000.0,15.0,350000.0,16.0,710000.0,9,8,1,15,1,16,0.000171652929639,2,Italy / Romania
Litex Lovech,Bulgaria,3.0,5600000.0,3.0,200000.0,6.0,5800000.0,6,3,3,3,3,6,9.632173144821726e-05,4,Portugal / Brazil
Club de Regatas Vasco da Gama U17,Brazil,1.0,0.0,0.0,0.0,1.0,0.0,1,0,1,0,1,1,5.964586928733951e-05,2,Italy / Romania
SS Virtus Lanciano,Italy,5.0,4200000.0,47.0,3200000.0,52.0,7400000.0,24,21,3,47,5,52,0.0003474667514158,2,Italy / Romania
Spezia Primavera,Italy,4.0,2750000.0,1.0,0.0,5.0,2750000.0,3,1,2,1,4,5,6.955794533801583e-05,2,Italy / Romania
FC Nitra,Slovakia,2.0,0.0,0.0,0.0,2.0,0.0,2,0,2,0,2,2,5.964586928733951e-05,5,Netherlands / Belgium
Juventud de Las Piedras,Uruguay,1.0,2300000.0,2.0,0.0,3.0,2300000.0,2,1,1,2,1,3,6.841107805243808e-05,2,Italy / Romania
US Avellino 1912,Italy,5.0,5500000.0,42.0,120000.0,47.0,5620000.0,20,16,4,42,5,47,0.0002904444969418,2,Italy / Romania
FC Baniyas,United Arab Emirates,3.0,0.0,4.0,2000000.0,7.0,2000000.0,7,4,3,4,3,7,0.0001124185639349,4,Portugal / Brazil
SL Benfica U17,Portugal,1.0,190000.0,0.0,0.0,1.0,190000.0,1,0,1,0,1,1,5.964586928733951e-05,2,Italy / Romania
CA Fénix,Uruguay,4.0,7600000.0,5.0,0.0,9.0,7600000.0,9,5,4,5,4,9,0.0001142317787742,2,Italy / Romania
Club Ferro Carril Oeste,Argentina,1.0,0.0,0.0,0.0,1.0,0.0,1,0,1,0,1,1,5.964586928733951e-05,2,Italy / Romania
Catania Berretti,Italy,1.0,0.0,0.0,0.0,1.0,0.0,1,0,1,0,1,1,5.964586928733951e-05,2,Italy / Romania
FK Borac Cacak,Serbia,3.0,300000.0,4.0,0.0,7.0,300000.0,7,4,3,4,3,7,0.0001103025480928,4,Portugal / Brazil
Deportivo La Guaira,Venezuela,1.0,770000.0,0.0,0.0,1.0,770000.0,1,0,1,0,1,1,5.964586928733951e-05,2,Italy / Romania
Stella Club d'Adjamé,Cote d'Ivoire,1.0,1500000.0,0.0,0.0,1.0,1500000.0,1,0,1,0,1,1,5.964586928733951e-05,2,Italy / Romania
Aurora Pro Patria,Italy,1.0,0.0,26.0,0.0,27.0,0.0,18,17,1,26,1,27,0.0001974153996676,2,Italy / Romania
Budapest Honvéd FC,Hungary,2.0,500000.0,10.0,0.0,12.0,500000.0,11,9,2,10,2,12,0.0001220344224081,2,Italy / Romania
PSV Eindhoven U19,Netherlands,8.0,0.0,0.0,0.0,8.0,0.0,3,0,3,0,8,8,5.964586928733951e-05,5,Netherlands / Belgium
Abano Calcio,Italy,1.0,0.0,0.0,0.0,1.0,0.0,1,0,1,0,1,1,5.964586928733951e-05,2,Italy / Romania
Carpi Primavera,Italy,1.0,0.0,0.0,0.0,1.0,0.0,1,0,1,0,1,1,5.964586928733951e-05,2,Italy / Romania
US Pistoiese 1921,Italy,1.0,220000.0,48.0,0.0,49.0,220000.0,20,19,1,48,1,49,0.0003457534014661,2,Italy / Romania
Trapani Calcio,Italy,5.0,2050000.0,50.0,100000.0,55.0,2150000.0,26,21,5,50,5,55,0.0004245865851952,2,Italy / Romania
SV Ried,Austria,7.0,1650000.0,4.0,0.0,11.0,1650000.0,10,4,6,4,7,11,9.974216901883176e-05,6,Germany / Austria
SEF Torres 1903,Italy,1.0,0.0,8.0,0.0,9.0,0.0,8,7,1,8,1,9,0.0001147811456188,2,Italy / Romania
NK Celje,Slovenia,4.0,350000.0,2.0,0.0,6.0,350000.0,5,2,3,2,4,6,8.636637400543274e-05,5,Netherlands / Belgium
Nuorese Calcio,Italy,2.0,0.0,2.0,0.0,4.0,0.0,3,2,1,2,2,4,7.159376842865674e-05,2,Italy / Romania
IF Elfsborg,Sweden,9.0,14250000.0,4.0,560000.0,13.0,14810000.0,11,4,7,4,9,13,0.00010633687494,5,Netherlands / Belgium
AS Saint-Étienne B,France,31.0,0.0,3.0,0.0,34.0,0.0,4,2,2,3,31,34,9.08280170319287e-05,1,France / Belgium
SS Racing Club Roma,Italy,1.0,0.0,4.0,0.0,5.0,0.0,4,3,1,4,1,5,9.27237383553616e-05,2,Italy / Romania
Crotone Primavera,Italy,3.0,0.0,1.0,0.0,4.0,0.0,2,1,1,1,3,4,7.21155995753389e-05,2,Italy / Romania
AD Valdinievole Montecatini,Italy,1.0,0.0,1.0,0.0,2.0,0.0,2,1,1,1,1,2,6.801243250984875e-05,2,Italy / Romania
Cavese Berretti,Italy,1.0,0.0,0.0,0.0,1.0,0.0,1,0,1,0,1,1,5.964586928733951e-05,2,Italy / Romania
Puskás Akadémia FC,Hungary,2.0,300000.0,4.0,50000.0,6.0,350000.0,6,4,2,4,2,6,0.0001092446187509,5,Netherlands / Belgium
Sant'Omero Palmense,Italy,1.0,300000.0,0.0,0.0,1.0,300000.0,1,0,1,0,1,1,5.964586928733951e-05,2,Italy / Romania
BK Häcken,Sweden,4.0,2500000.0,6.0,0.0,10.0,2500000.0,10,6,4,6,4,10,0.0001330156586993,5,Netherlands / Belgium
AC Perugia Calcio,Italy,8.0,13900000.0,107.0,7630000.0,115.0,21530000.0,31,25,6,107,8,115,0.000694282787457,2,Italy / Romania
Cortuluá,Colombia,1.0,1400000.0,0.0,0.0,1.0,1400000.0,1,0,1,0,1,1,5.964586928733951e-05,2,Italy / Romania
NK Olimpija Ljubljana,Slovenia,5.0,8300000.0,5.0,200000.0,10.0,8500000.0,9,4,5,5,5,10,9.98952722385598e-05,2,Italy / Romania
SPAL 2013,Italy,31.0,894000.0,68.0,15985000.0,99.0,16879000.0,46,25,21,68,31,99,0.0007068546722105,2,Italy / Romania
Associação Atlética Ponte Preta,Brazil,11.0,8465000.0,8.0,0.0,19.0,8465000.0,18,8,10,8,11,19,0.000144496630193,4,Portugal / Brazil
GIF Sundsvall,Sweden,1.0,800000.0,2.0,0.0,3.0,800000.0,3,2,1,2,1,3,7.984885469069974e-05,2,Italy / Romania
ASD Akragas 2018,Italy,1.0,0.0,5.0,0.0,6.0,0.0,6,5,1,5,1,6,9.585995372627232e-05,2,Italy / Romania
APOEL Nicosia,Cyprus,14.0,5150000.0,27.0,1275000.0,41.0,6425000.0,34,21,13,27,14,41,0.0003992953870926,4,Portugal / Brazil
ASD Due Torri,Italy,1.0,0.0,0.0,0.0,1.0,0.0,1,0,1,0,1,1,5.964586928733951e-05,2,Italy / Romania
Sportivo Luqueño,Paraguay,5.0,5000000.0,1.0,0.0,6.0,5000000.0,4,1,3,1,5,6,6.699163161791367e-05,2,Italy / Romania
Siracusa Calcio,Italy,1.0,0.0,7.0,0.0,8.0,0.0,6,5,1,7,1,8,0.0001163978107613,2,Italy / Romania
Royal Excelsior Virton U19,Belgium,1.0,0.0,0.0,0.0,1.0,0.0,1,0,1,0,1,1,5.964586928733951e-05,2,Italy / Romania
Olbia Calcio 1905,Italy,4.0,1105000.0,22.0,0.0,26.0,1105000.0,7,6,1,22,4,26,0.0001954533509709,2,Italy / Romania
Ternana Unicusano Calcio,Italy,1.0,500000.0,8.0,0.0,9.0,500000.0,6,5,1,8,1,9,0.0001314502417054,2,Italy / Romania
Ciliverghe Calcio,Italy,1.0,0.0,0.0,0.0,1.0,0.0,1,0,1,0,1,1,5.964586928733951e-05,2,Italy / Romania
Mineros de Guayana,Venezuela,3.0,1500000.0,4.0,0.0,7.0,1500000.0,5,2,3,4,3,7,0.0001027867309398,4,Portugal / Brazil
Slavia Sofia,Bulgaria,1.0,1700000.0,3.0,0.0,4.0,1700000.0,4,3,1,3,1,4,9.880946261766397e-05,2,Italy / Romania
Odds BK,Norway,3.0,1500000.0,2.0,0.0,5.0,1500000.0,4,1,3,2,3,5,8.199562594175378e-05,5,Netherlands / Belgium
Wisla Kraków,Poland,13.0,7600000.0,12.0,0.0,25.0,7600000.0,24,12,12,12,13,25,0.0001736343265054,4,Portugal / Brazil
Latina Calcio 1932,Italy,1.0,0.0,3.0,0.0,4.0,0.0,4,3,1,3,1,4,7.596436952283442e-05,2,Italy / Romania
ASDC Gozzano,Italy,1.0,0.0,2.0,0.0,3.0,0.0,3,2,1,2,1,3,8.223152704892301e-05,2,Italy / Romania
SPAL Primavera,Italy,6.0,1000000.0,2.0,0.0,8.0,1000000.0,5,2,3,2,6,8,8.434681200439086e-05,2,Italy / Romania
Paganese Berretti,Italy,1.0,0.0,0.0,0.0,1.0,0.0,1,0,1,0,1,1,5.964586928733951e-05,2,Italy / Romania
Antalyaspor,Turkey,9.0,450000.0,23.0,6550000.0,32.0,7000000.0,29,20,9,23,9,32,0.0002968200155864,2,Italy / Romania
Benevento Primavera,Italy,3.0,0.0,0.0,0.0,3.0,0.0,1,0,1,0,3,3,5.964586928733951e-05,2,Italy / Romania
FK Cukaricki U19,Serbia,1.0,0.0,0.0,0.0,1.0,0.0,1,0,1,0,1,1,5.964586928733951e-05,2,Italy / Romania
Raja Club Athletic,Morocco,2.0,650000.0,1.0,200000.0,3.0,850000.0,3,1,2,1,2,3,7.654500695831868e-05,1,France / Belgium
Wisla Plock,Poland,3.0,3700000.0,4.0,150000.0,7.0,3850000.0,6,3,3,4,3,7,9.910642019094054e-05,1,France / Belgium
AC Pisa Berretti,Italy,1.0,50000.0,0.0,0.0,1.0,50000.0,1,0,1,0,1,1,5.9645869287338735e-05,2,Italy / Romania
ACD Campodarsego,Italy,1.0,100000.0,0.0,0.0,1.0,100000.0,1,0,1,0,1,1,5.964586928733951e-05,2,Italy / Romania
Porto Torres,Italy,1.0,0.0,0.0,0.0,1.0,0.0,1,0,1,0,1,1,5.964586928733951e-05,2,Italy / Romania
SSC Bari,Italy,9.0,0.0,17.0,0.0,26.0,0.0,14,7,7,17,9,26,0.0001878742602329,2,Italy / Romania
FC Bassano 1903,Italy,1.0,0.0,0.0,0.0,1.0,0.0,1,0,1,0,1,1,5.964586928733951e-05,2,Italy / Romania
RC Cesena,Italy,3.0,0.0,2.0,0.0,5.0,0.0,5,2,3,2,3,5,7.266389220053816e-05,2,Italy / Romania
Arka Gdynia,Poland,2.0,0.0,7.0,775000.0,9.0,775000.0,8,6,2,7,2,9,0.0001393225488597,5,Netherlands / Belgium
SS Arezzo,Italy,3.0,250000.0,16.0,0.0,19.0,250000.0,12,9,3,16,3,19,0.0001571788247239,2,Italy / Romania
SPAL,Italy,91.0,101250000.0,103.0,111750000.0,194.0,213000000.0,83,33,50,103,91,194,0.0009117650321323,2,Italy / Romania
ASD Chieri Calcio,Italy,1.0,0.0,1.0,0.0,2.0,0.0,2,1,1,1,1,2,6.445122780012936e-05,2,Italy / Romania
Ascoli Calcio,Italy,6.0,7500000.0,37.0,700000.0,43.0,8200000.0,26,20,6,37,6,43,0.0003440670970766,2,Italy / Romania
Santos FC U20,Brazil,1.0,0.0,0.0,0.0,1.0,0.0,1,0,1,0,1,1,5.964586928733951e-05,2,Italy / Romania
Standard de Liège U21,Belgium,4.0,0.0,2.0,0.0,6.0,0.0,6,2,4,2,4,6,8.80795413404436e-05,4,Portugal / Brazil
Real SC,Portugal,29.0,4100000.0,25.0,0.0,54.0,4100000.0,21,10,11,25,29,54,0.00044588071759,4,Portugal / Brazil
Nocerina Calcio,Italy,2.0,0.0,3.0,0.0,5.0,0.0,5,3,2,3,2,5,8.512776293524329e-05,2,Italy / Romania
ASD Villabiagio,Italy,1.0,0.0,0.0,0.0,1.0,0.0,1,0,1,0,1,1,5.964586928733951e-05,2,Italy / Romania
USD Real Forte Querceta,Italy,1.0,0.0,0.0,0.0,1.0,0.0,1,0,1,0,1,1,5.964586928733951e-05,2,Italy / Romania
US Pianese,Italy,1.0,0.0,5.0,0.0,6.0,0.0,5,4,1,5,1,6,9.2651794752146e-05,2,Italy / Romania
ASD Lanusei Calcio,Italy,1.0,0.0,1.0,0.0,2.0,0.0,2,1,1,1,1,2,6.858802291993441e-05,2,Italy / Romania
Inter Under 17,Italy,1.0,0.0,0.0,0.0,1.0,0.0,1,0,1,0,1,1,5.964586928733951e-05,2,Italy / Romania
Vicenza Youth,Italy,1.0,0.0,0.0,0.0,1.0,0.0,1,0,1,0,1,1,5.964586928733951e-05,2,Italy / Romania
Club Africain Tunis,Tunisia,8.0,3200000.0,5.0,1000000.0,13.0,4200000.0,11,4,7,5,8,13,0.0001150669690189,1,France / Belgium
Associação Chapecoense de Futebol,Brazil,6.0,3900000.0,3.0,0.0,9.0,3900000.0,8,3,5,3,6,9,9.415960178974478e-05,4,Portugal / Brazil
Rende Calcio 1968,Italy,1.0,1000000.0,7.0,0.0,8.0,1000000.0,8,7,1,7,1,8,0.0001118968770711,2,Italy / Romania
Montespaccato Savoia,Italy,1.0,0.0,0.0,0.0,1.0,0.0,1,0,1,0,1,1,5.964586928733951e-05,2,Italy / Romania
SS Monopoli 1966,Italy,1.0,0.0,21.0,0.0,22.0,0.0,10,9,1,21,1,22,0.0001724821255487,2,Italy / Romania
HJK Helsinki,Finland,10.0,3500000.0,7.0,60000.0,17.0,3560000.0,15,7,8,7,10,17,0.0001221902624636,6,Germany / Austria
GSD Ambrosiana,Italy,1.0,93000.0,1.0,0.0,2.0,93000.0,2,1,1,1,1,2,6.41575416815005e-05,2,Italy / Romania
Mantova 1911,Italy,1.0,0.0,12.0,0.0,13.0,0.0,5,4,1,12,1,13,0.0001437811995069,2,Italy / Romania
Lucchese 1905,Italy,1.0,0.0,5.0,0.0,6.0,0.0,6,5,1,5,1,6,8.876196206542693e-05,2,Italy / Romania
FC Rieti,Italy,2.0,310000.0,10.0,0.0,12.0,310000.0,8,7,1,10,2,12,0.0001196146105177,2,Italy / Romania
FCSB,Romania,4.0,15000000.0,2.0,0.0,6.0,15000000.0,6,2,4,2,4,6,8.575432902784984e-05,2,Italy / Romania
Virtus Francavilla Calcio,Italy,1.0,1000000.0,12.0,0.0,13.0,1000000.0,9,8,1,12,1,13,0.000135698760041,2,Italy / Romania
US Catanzaro,Italy,1.0,765000.0,35.0,250000.0,36.0,1015000.0,21,20,1,35,1,36,0.0003249720260821,2,Italy / Romania
ACD Sangiustese,Italy,1.0,93000.0,0.0,0.0,1.0,93000.0,1,0,1,0,1,1,5.964586928733951e-05,2,Italy / Romania
Reggio Audace FC,Italy,1.0,0.0,5.0,0.0,6.0,0.0,5,4,1,5,1,6,8.878354614360977e-05,2,Italy / Romania
Caykur Rizespor U21,Turkey,1.0,0.0,0.0,0.0,1.0,0.0,1,0,1,0,1,1,5.964586928733951e-05,2,Italy / Romania
Esporte Clube Bahia,Brazil,12.0,12050000.0,11.0,0.0,23.0,12050000.0,19,10,9,11,12,23,0.0002123034227411,4,Portugal / Brazil
Potenza Calcio,Italy,2.0,175000.0,10.0,0.0,12.0,175000.0,7,6,1,10,2,12,0.0001322544782716,2,Italy / Romania
Juventus U23,Italy,20.0,21890000.0,22.0,28305000.0,42.0,50195000.0,25,14,11,22,20,42,0.0002422475486613,2,Italy / Romania
FC Ponsacco 1920,Italy,1.0,35000.0,1.0,0.0,2.0,35000.0,2,1,1,1,1,2,6.801243250984875e-05,2,Italy / Romania
Stabæk Fotball,Norway,7.0,4050000.0,5.0,250000.0,12.0,4300000.0,11,5,6,5,7,12,0.0001131388701966,5,Netherlands / Belgium
Al-Ahli Jeddah,Saudi Arabia,8.0,0.0,18.0,28200000.0,26.0,28200000.0,22,15,7,18,8,26,0.0002485837251941,4,Portugal / Brazil
Club de Foot Montréal,United States,1.0,97000.0,2.0,0.0,3.0,97000.0,2,1,1,2,1,3,7.433739394848777e-05,2,Italy / Romania
CD 1º de Agosto,Angola,4.0,1000000.0,4.0,0.0,8.0,1000000.0,7,3,4,4,4,8,0.0001134511902149,4,Portugal / Brazil
Spartaks Jurmala,Latvia,1.0,1500000.0,0.0,0.0,1.0,1500000.0,1,0,1,0,1,1,5.964586928733951e-05,2,Italy / Romania
FC Messina,Italy,1.0,0.0,0.0,0.0,1.0,0.0,1,0,1,0,1,1,5.964586928733951e-05,2,Italy / Romania
Polisportiva Vastogirardi,Italy,1.0,0.0,0.0,0.0,1.0,0.0,1,0,1,0,1,1,5.964586928733951e-05,2,Italy / Romania
Olympique Lyon B,France,51.0,6190000.0,3.0,0.0,54.0,6190000.0,10,2,8,3,51,54,8.48924663035356e-05,1,France / Belgium
Sanremese Calcio,Italy,1.0,0.0,1.0,0.0,2.0,0.0,2,1,1,1,1,2,6.886204884622808e-05,2,Italy / Romania
Club Atlético Boca Juniors II,Argentina,1.0,0.0,2.0,0.0,3.0,0.0,2,1,1,2,1,3,8.171982712257828e-05,4,Portugal / Brazil
KRC Genk U18,Belgium,1.0,0.0,0.0,0.0,1.0,0.0,1,0,1,0,1,1,5.964586928733951e-05,2,Italy / Romania
Shanghai Shenhua,China,1.0,0.0,1.0,0.0,2.0,0.0,2,1,1,1,1,2,6.857554878483316e-05,0,England / Scotland
FC Südtirol,Italy,1.0,0.0,26.0,200000.0,27.0,200000.0,13,12,1,26,1,27,0.0002000379766891,2,Italy / Romania
FC Empoli,Italy,38.0,51400000.0,30.0,16300000.0,68.0,67700000.0,43,16,27,30,38,68,0.0003656027354485,2,Italy / Romania
SS Teramo Calcio,Italy,1.0,250000.0,43.0,1000.0,44.0,251000.0,21,20,1,43,1,44,0.0003669055440758,2,Italy / Romania
Pordenone Calcio,Italy,1.0,2000000.0,37.0,1000.0,38.0,2001000.0,18,17,1,37,1,38,0.0002752964143194,2,Italy / Romania
Shanghai Port,China,1.0,3000000.0,1.0,4500000.0,2.0,7500000.0,2,1,1,1,1,2,7.141051317897425e-05,0,England / Scotland
SönderjyskE,Denmark,5.0,800000.0,13.0,0.0,18.0,800000.0,13,8,5,13,5,18,0.0002146538666618,1,France / Belgium
SC Braga B,Portugal,49.0,6200000.0,20.0,0.0,69.0,6200000.0,31,13,18,20,49,69,0.0003665661327522,4,Portugal / Brazil
US Grosseto 1912,Italy,1.0,0.0,8.0,0.0,9.0,0.0,6,5,1,8,1,9,0.000114626257822,2,Italy / Romania
US Livorno 1915,Italy,2.0,0.0,2.0,0.0,4.0,0.0,4,2,2,2,2,4,9.312448800322772e-05,2,Italy / Romania
Ural Yekaterinburg,Russia,2.0,0.0,0.0,0.0,2.0,0.0,2,0,2,0,2,2,5.964586928733951e-05,4,Portugal / Brazil
Etoile Sportive du Sahel,Tunisia,6.0,2450000.0,1.0,0.0,7.0,2450000.0,7,1,6,1,6,7,6.943715534823796e-05,1,France / Belgium
ASD Oasi Sanfeliciana,Italy,1.0,0.0,0.0,0.0,1.0,0.0,1,0,1,0,1,1,5.964586928733951e-05,2,Italy / Romania
1913 Seregno Calcio,Italy,1.0,0.0,11.0,0.0,12.0,0.0,6,5,1,11,1,12,0.0002198155951634,2,Italy / Romania
LASK,Austria,5.0,5250000.0,4.0,0.0,9.0,5250000.0,8,4,4,4,5,9,9.853522272765604e-05,6,Germany / Austria
Arminia Bielefeld,Germany,58.0,3500000.0,61.0,9890000.0,119.0,13390000.0,88,45,43,61,58,119,0.0008894743314464,6,Germany / Austria
VfL Bochum U19,Germany,4.0,0.0,0.0,0.0,4.0,0.0,2,0,2,0,4,4,5.964586928733951e-05,6,Germany / Austria
VfL Bochum II,Germany,4.0,0.0,0.0,0.0,4.0,0.0,2,0,2,0,4,4,5.964586928733951e-05,6,Germany / Austria
VfL Bochum,Germany,46.0,13750000.0,61.0,4050000.0,107.0,17800000.0,55,27,28,61,46,107,0.0007355820221552,6,Germany / Austria
Trelleborgs FF,Sweden,1.0,460000.0,0.0,0.0,1.0,460000.0,1,0,1,0,1,1,5.964586928733951e-05,6,Germany / Austria
Al-Ahli Dubai Club,United Arab Emirates,5.0,500000.0,10.0,23530000.0,15.0,24030000.0,14,9,5,10,5,15,0.0001644497095044,4,Portugal / Brazil
Hertha BSC U19,Germany,15.0,500000.0,0.0,0.0,15.0,500000.0,3,0,3,0,15,15,5.964586928733951e-05,6,Germany / Austria
VfB Stuttgart II,Germany,26.0,100000.0,10.0,0.0,36.0,100000.0,10,3,7,10,26,36,0.0001635583722435,6,Germany / Austria
TuS Koblenz,Germany,6.0,0.0,5.0,190000.0,11.0,190000.0,10,5,5,5,6,11,0.0001130007265771,6,Germany / Austria
Hamburger SV II,Germany,22.0,0.0,9.0,0.0,31.0,0.0,8,3,5,9,22,31,0.0001481933693636,6,Germany / Austria
Hamburger SV U19,Germany,10.0,0.0,0.0,0.0,10.0,0.0,2,0,2,0,10,10,5.964586928733951e-05,6,Germany / Austria
SV Kapfenberg,Austria,4.0,400000.0,2.0,0.0,6.0,400000.0,5,2,3,2,4,6,7.817317285487718e-05,6,Germany / Austria
FC Energie Cottbus,Germany,16.0,7700000.0,26.0,1450000.0,42.0,9150000.0,27,15,12,26,16,42,0.0003537743938636,6,Germany / Austria
Rot Weiss Ahlen,Germany,5.0,1000000.0,5.0,50000.0,10.0,1050000.0,10,5,5,5,5,10,0.0001204040995648,5,Netherlands / Belgium
Borussia Dortmund II,Germany,24.0,0.0,14.0,120000.0,38.0,120000.0,16,8,8,14,24,38,0.0002060160691205,6,Germany / Austria
Al-Ettifaq,Saudi Arabia,3.0,0.0,7.0,5300000.0,10.0,5300000.0,8,5,3,7,3,10,0.0001645776637006,1,France / Belgium
TSG 1899 Hoffenheim II,Germany,27.0,200000.0,9.0,0.0,36.0,200000.0,6,3,3,9,27,36,0.0001497010240452,6,Germany / Austria
TSG 1899 Hoffenheim U19,Germany,16.0,0.0,0.0,0.0,16.0,0.0,1,0,1,0,16,16,5.964586928733951e-05,6,Germany / Austria
Kickers Offenbach,Germany,7.0,700000.0,3.0,75000.0,10.0,775000.0,9,3,6,3,7,10,9.029784177268378e-05,6,Germany / Austria
Alemannia Aachen,Germany,13.0,5400000.0,16.0,100000.0,29.0,5500000.0,25,14,11,16,13,29,0.0002518828510056,6,Germany / Austria
Bohemians 1905,Czech Republic,1.0,1500000.0,0.0,0.0,1.0,1500000.0,1,0,1,0,1,1,5.964586928733951e-05,6,Germany / Austria
1.FC Nuremberg II,Germany,12.0,0.0,12.0,0.0,24.0,0.0,7,4,3,12,12,24,0.0001923216275962,6,Germany / Austria
Alemannia Aachen U19,Germany,1.0,0.0,0.0,0.0,1.0,0.0,1,0,1,0,1,1,5.964586928733951e-05,6,Germany / Austria
FC Schalke 04 U19,Germany,33.0,350000.0,0.0,0.0,33.0,350000.0,5,0,5,0,33,33,5.964586928733951e-05,6,Germany / Austria
Neftchi Baku,Azerbaijan,2.0,0.0,5.0,200000.0,7.0,200000.0,6,4,2,5,2,7,0.0001416003991782,4,Portugal / Brazil
Bayer 04 Leverkusen U19,Germany,30.0,100000.0,0.0,0.0,30.0,100000.0,3,0,3,0,30,30,5.964586928733951e-05,6,Germany / Austria
Bayer 04 Leverkusen II,Germany,5.0,0.0,0.0,0.0,5.0,0.0,2,0,2,0,5,5,5.964586928733951e-05,6,Germany / Austria
VfL Osnabrück,Germany,15.0,250000.0,20.0,80000.0,35.0,330000.0,24,14,10,20,15,35,0.0002853955550476,6,Germany / Austria
SV Werder Bremen II,Germany,34.0,0.0,8.0,0.0,42.0,0.0,9,3,6,8,34,42,0.0001403084721545,6,Germany / Austria
Hannover 96 II,Germany,18.0,0.0,8.0,0.0,26.0,0.0,4,3,1,8,18,26,0.0001462439733659,6,Germany / Austria
1.FC Köln U19,Germany,15.0,800000.0,0.0,0.0,15.0,800000.0,5,0,5,0,15,15,5.964586928733951e-05,6,Germany / Austria
1.FC Köln II,Germany,19.0,0.0,3.0,0.0,22.0,0.0,3,1,2,3,19,22,9.30249564509173e-05,6,Germany / Austria
Eintracht Frankfurt II,Germany,5.0,0.0,0.0,0.0,5.0,0.0,1,0,1,0,5,5,5.964586928733951e-05,6,Germany / Austria
Eintracht Frankfurt U19,Germany,32.0,0.0,0.0,0.0,32.0,0.0,2,0,2,0,32,32,5.964586928733951e-05,6,Germany / Austria
Borussia Mönchengladbach U19,Germany,12.0,0.0,0.0,0.0,12.0,0.0,3,0,3,0,12,12,5.964586928733951e-05,6,Germany / Austria
Stuttgarter Kickers,Germany,2.0,350000.0,3.0,0.0,5.0,350000.0,5,3,2,3,2,5,0.0001025998370266,6,Germany / Austria
SC Freiburg U19,Germany,4.0,0.0,0.0,0.0,4.0,0.0,1,0,1,0,4,4,5.964586928733951e-05,6,Germany / Austria
SpVgg Unterhaching,Germany,5.0,600000.0,5.0,100000.0,10.0,700000.0,9,4,5,5,5,10,0.0001113005986644,6,Germany / Austria
1.FSV Mainz 05 U19,Germany,17.0,0.0,0.0,0.0,17.0,0.0,4,0,4,0,17,17,5.964586928733951e-05,6,Germany / Austria
1.FSV Mainz 05 II,Germany,20.0,0.0,18.0,0.0,38.0,0.0,6,4,2,18,20,38,0.0002470739281437,6,Germany / Austria
Enosis Neon Paralimniou,Cyprus,2.0,0.0,3.0,0.0,5.0,0.0,5,3,2,3,2,5,0.0001005543585423,4,Portugal / Brazil
Deportivo Táchira,Venezuela,3.0,450000.0,3.0,0.0,6.0,450000.0,6,3,3,3,3,6,9.707259427097308e-05,1,France / Belgium
Yverdon Sport FC,Switzerland,1.0,500000.0,0.0,0.0,1.0,500000.0,1,0,1,0,1,1,5.964586928733951e-05,6,Germany / Austria
Renova Dzepciste,North Macedonia,2.0,750000.0,0.0,0.0,2.0,750000.0,2,0,2,0,2,2,5.964586928733951e-05,1,France / Belgium
SpVgg Neckarelz,Germany,1.0,150000.0,0.0,0.0,1.0,150000.0,1,0,1,0,1,1,5.964586928733951e-05,6,Germany / Austria
Tromsø IL,Norway,6.0,1000000.0,3.0,100000.0,9.0,1100000.0,7,3,4,3,6,9,9.104743257652332e-05,6,Germany / Austria
Tianjin Teda,China,5.0,0.0,7.0,15500000.0,12.0,15500000.0,10,7,3,7,5,12,0.0001414920276728,4,Portugal / Brazil
Associação Portuguesa de Desportos (SP) B,Brazil,2.0,0.0,1.0,0.0,3.0,0.0,2,1,1,1,2,3,6.948369358491738e-05,6,Germany / Austria
SC Freiburg II,Germany,31.0,0.0,6.0,0.0,37.0,0.0,3,2,1,6,31,37,0.0001236177616675,6,Germany / Austria
Terek Grozny,Russia,2.0,0.0,2.0,1000000.0,4.0,1000000.0,4,2,2,2,2,4,6.867913522130658e-05,2,Italy / Romania
Cerezo Osaka,Japan,4.0,2000000.0,4.0,5100000.0,8.0,7100000.0,8,4,4,4,4,8,9.083633313903872e-05,6,Germany / Austria
Kashima Antlers,Japan,5.0,4300000.0,4.0,2000000.0,9.0,6300000.0,7,3,4,4,5,9,0.0001208686693403,4,Portugal / Brazil
FC Schalke 04 II,Germany,15.0,100000.0,15.0,0.0,30.0,100000.0,7,3,4,15,15,30,0.0002058368774161,6,Germany / Austria
Preußen Münster,Germany,6.0,0.0,8.0,50000.0,14.0,50000.0,13,7,6,8,6,14,0.0001477615343171,6,Germany / Austria
Borussia Mönchengladbach II,Germany,20.0,3000000.0,8.0,0.0,28.0,3000000.0,5,1,4,8,20,28,0.0001390221874204,6,Germany / Austria
SC Paderborn 07,Germany,68.0,15400000.0,81.0,5875000.0,149.0,21275000.0,86,44,42,81,68,149,0.001120502292954,6,Germany / Austria
Akademisk Boldklub,Denmark,2.0,800000.0,0.0,0.0,2.0,800000.0,2,0,2,0,2,2,5.964586928733951e-05,6,Germany / Austria
Rot-Weiß Oberhausen,Germany,3.0,150000.0,4.0,0.0,7.0,150000.0,7,4,3,4,3,7,0.0001060504352249,6,Germany / Austria
Hannover 96 U19,Germany,9.0,0.0,0.0,0.0,9.0,0.0,1,0,1,0,9,9,5.964586928733951e-05,6,Germany / Austria
VfL Wolfsburg U19,Germany,17.0,500000.0,0.0,0.0,17.0,500000.0,3,0,3,0,17,17,5.964586928733951e-05,6,Germany / Austria
SV Werder Bremen U19,Germany,11.0,0.0,0.0,0.0,11.0,0.0,1,0,1,0,11,11,5.964586928733951e-05,6,Germany / Austria
Maccabi Netanya,Israel,3.0,0.0,3.0,0.0,6.0,0.0,6,3,3,3,3,6,0.0001070316393155,4,Portugal / Brazil
Dinamo Minsk,Belarus,2.0,500000.0,1.0,0.0,3.0,500000.0,3,1,2,1,2,3,7.79192864355802e-05,1,France / Belgium
Albirex Niigata,Japan,5.0,2500000.0,3.0,0.0,8.0,2500000.0,7,3,4,3,5,8,8.826055766623476e-05,1,France / Belgium
1.FC Saarbrücken,Germany,5.0,400000.0,6.0,0.0,11.0,400000.0,11,6,5,6,5,11,0.0001354888351158,6,Germany / Austria
FK Horizont Turnovo,North Macedonia,1.0,200000.0,1.0,0.0,2.0,200000.0,2,1,1,1,1,2,7.018926116645838e-05,6,Germany / Austria
Portsmouth FC U21,England,1.0,0.0,0.0,0.0,1.0,0.0,1,0,1,0,1,1,5.964586928733951e-05,6,Germany / Austria
Rapid Bucharest,Romania,13.0,2700000.0,12.0,1500000.0,25.0,4200000.0,22,11,11,12,13,25,0.0002201970059125,4,Portugal / Brazil
FC Carl Zeiss Jena,Germany,6.0,0.0,8.0,0.0,14.0,0.0,12,7,5,8,6,14,0.000149748195604,6,Germany / Austria
1.FC Kaiserslautern II,Germany,2.0,0.0,6.0,0.0,8.0,0.0,3,2,1,6,2,8,0.0001314158618783,6,Germany / Austria
Steel Azin FC,Iran,1.0,0.0,1.0,0.0,2.0,0.0,2,1,1,1,1,2,7.082074761454668e-05,6,Germany / Austria
Urawa Red Diamonds,Japan,8.0,500000.0,12.0,8200000.0,20.0,8700000.0,13,7,6,12,8,20,0.0002131570284646,4,Portugal / Brazil
Shimizu S-Pulse,Japan,4.0,0.0,7.0,3750000.0,11.0,3750000.0,11,7,4,7,4,11,0.0001650050473658,4,Portugal / Brazil
Jeju United,"Korea, South",4.0,4075000.0,2.0,0.0,6.0,4075000.0,4,1,3,2,4,6,7.932151788249513e-05,6,Germany / Austria
VfL Wolfsburg II,Germany,23.0,200000.0,11.0,210000.0,34.0,410000.0,11,6,5,11,23,34,0.000174074677829,6,Germany / Austria
1.FC Nürnberg U19,Germany,3.0,0.0,0.0,0.0,3.0,0.0,1,0,1,0,3,3,5.964586928733951e-05,6,Germany / Austria
Tom Tomsk,Russia,1.0,0.0,2.0,100000.0,3.0,100000.0,3,2,1,2,1,3,8.11265667009031e-05,6,Germany / Austria
Chemnitzer FC,Germany,7.0,225000.0,8.0,0.0,15.0,225000.0,15,8,7,8,7,15,0.0001542897222423,6,Germany / Austria
Eintracht Braunschweig,Germany,22.0,7400000.0,30.0,3550000.0,52.0,10950000.0,31,15,16,30,22,52,0.0004091673063623,6,Germany / Austria
Kashiwa Reysol,Japan,6.0,2350000.0,1.0,170000.0,7.0,2520000.0,6,1,5,1,6,7,7.120025334415832e-05,4,Portugal / Brazil
Adelaide United,Australia,6.0,275000.0,4.0,0.0,10.0,275000.0,10,4,6,4,6,10,0.0001028160447569,5,Netherlands / Belgium
FK Baumit Jablonec,Czech Republic,2.0,3000000.0,1.0,800000.0,3.0,3800000.0,2,1,1,1,2,3,6.976732185616294e-05,6,Germany / Austria
FC Thun,Switzerland,5.0,400000.0,6.0,0.0,11.0,400000.0,10,6,4,6,5,11,0.0001151387472829,6,Germany / Austria
SG Dynamo Dresden,Germany,27.0,5450000.0,33.0,2525000.0,60.0,7975000.0,40,20,20,33,27,60,0.0004131021315658,6,Germany / Austria
1.FC Kaiserslautern U19,Germany,4.0,0.0,0.0,0.0,4.0,0.0,2,0,2,0,4,4,5.964586928733951e-05,6,Germany / Austria
SV Wehen Wiesbaden,Germany,8.0,400000.0,16.0,50000.0,24.0,450000.0,20,12,8,16,8,24,0.000245658253175,6,Germany / Austria
1.FC Heidenheim 1846,Germany,11.0,6300000.0,20.0,5500000.0,31.0,11800000.0,21,12,9,20,11,31,0.0002769984643703,6,Germany / Austria
FC Augsburg U19,Germany,10.0,0.0,0.0,0.0,10.0,0.0,1,0,1,0,10,10,5.964586928733951e-05,6,Germany / Austria
Kaizer Chiefs,South Africa,3.0,1500000.0,3.0,0.0,6.0,1500000.0,5,3,2,3,3,6,9.20529307184457e-05,1,France / Belgium
Hertha BSC II,Germany,18.0,0.0,14.0,0.0,32.0,0.0,6,2,4,14,18,32,0.0002112218734089,6,Germany / Austria
Flamurtari FC,Albania,1.0,0.0,3.0,0.0,4.0,0.0,4,3,1,3,1,4,8.874453090245633e-05,2,Italy / Romania
Shkendija Tetovo,North Macedonia,2.0,550000.0,0.0,0.0,2.0,550000.0,2,0,2,0,2,2,5.964586928733951e-05,5,Netherlands / Belgium
FC Twente Enschede U21,Netherlands,45.0,100000.0,12.0,0.0,57.0,100000.0,10,4,6,12,45,57,0.0002020496632634,5,Netherlands / Belgium
Goiás Esporte Clube,Brazil,11.0,5600000.0,9.0,0.0,20.0,5600000.0,18,8,10,9,11,20,0.0001588218152504,4,Portugal / Brazil
Assyriska FF,Sweden,1.0,280000.0,0.0,0.0,1.0,280000.0,1,0,1,0,1,1,5.964586928733951e-05,6,Germany / Austria
Polonia Bytom,Poland,1.0,420000.0,0.0,0.0,1.0,420000.0,1,0,1,0,1,1,5.964586928733951e-05,6,Germany / Austria
FC Bayern Munich U19,Germany,11.0,100000.0,0.0,0.0,11.0,100000.0,5,0,5,0,11,11,5.964586928733951e-05,6,Germany / Austria
SSV Jahn Regensburg,Germany,16.0,1500000.0,19.0,100000.0,35.0,1600000.0,19,11,8,19,16,35,0.0002627569528247,6,Germany / Austria
Eintracht Frankfurt U17,Germany,3.0,0.0,0.0,0.0,3.0,0.0,1,0,1,0,3,3,5.964586928733951e-05,6,Germany / Austria
Jönköpings Södra IF,Sweden,2.0,400000.0,1.0,0.0,3.0,400000.0,3,1,2,1,2,3,6.955794533801583e-05,6,Germany / Austria
SC Wiener Neustadt,Austria,2.0,0.0,2.0,0.0,4.0,0.0,4,2,2,2,2,4,8.001137114711107e-05,6,Germany / Austria
VfR Aalen,Germany,5.0,0.0,6.0,150000.0,11.0,150000.0,11,6,5,6,5,11,0.0001329809907634,6,Germany / Austria
FC Hradec Kralove,Czech Republic,1.0,1500000.0,0.0,0.0,1.0,1500000.0,1,0,1,0,1,1,5.964586928733951e-05,6,Germany / Austria
Buriram United,Thailand,2.0,50000.0,3.0,420000.0,5.0,470000.0,5,3,2,3,2,5,9.046732055707276e-05,6,Germany / Austria
TSV 1860 München U19,Germany,1.0,0.0,0.0,0.0,1.0,0.0,1,0,1,0,1,1,5.964586928733951e-05,6,Germany / Austria
Volyn Lutsk,Ukraine,1.0,0.0,1.0,0.0,2.0,0.0,2,1,1,1,1,2,6.995398685193468e-05,6,Germany / Austria
Dreams FC,Ghana,1.0,0.0,0.0,0.0,1.0,0.0,1,0,1,0,1,1,5.964586928733951e-05,6,Germany / Austria
SpVgg Greuther Fürth II,Germany,3.0,0.0,2.0,0.0,5.0,0.0,2,1,1,2,3,5,9.168885950851316e-05,6,Germany / Austria
Esporte Clube Pelotas (RS),Brazil,1.0,0.0,1.0,0.0,2.0,0.0,2,1,1,1,1,2,6.938019332392608e-05,6,Germany / Austria
Clube Atlético Linense (SP),Brazil,2.0,800000.0,2.0,0.0,4.0,800000.0,4,2,2,2,2,4,8.718711565270173e-05,4,Portugal / Brazil
Fortuna Düsseldorf II,Germany,3.0,0.0,3.0,0.0,6.0,0.0,4,2,2,3,3,6,0.0001041964575752,6,Germany / Austria
Mirassol Futebol Clube (SP),Brazil,11.0,1550000.0,6.0,0.0,17.0,1550000.0,11,4,7,6,11,17,0.0001479770960668,4,Portugal / Brazil
Nagoya Grampus,Japan,4.0,0.0,3.0,1450000.0,7.0,1450000.0,6,3,3,3,4,7,8.390342818654575e-05,5,Netherlands / Belgium
Pandurii Targu Jiu,Romania,4.0,2650000.0,2.0,0.0,6.0,2650000.0,6,2,4,2,4,6,8.661059866432868e-05,1,France / Belgium
FK Haugesund,Norway,2.0,1600000.0,0.0,0.0,2.0,1600000.0,2,0,2,0,2,2,5.964586928733951e-05,6,Germany / Austria
TSV Buchbach,Germany,1.0,0.0,0.0,0.0,1.0,0.0,1,0,1,0,1,1,5.964586928733951e-05,6,Germany / Austria
SK Tavriya Simferopol,Ukraine,2.0,900000.0,0.0,0.0,2.0,900000.0,2,0,2,0,2,2,5.964586928733951e-05,6,Germany / Austria
Club Alianza Lima,Peru,7.0,1350000.0,4.0,0.0,11.0,1350000.0,9,4,5,4,7,11,0.0001090216736653,4,Portugal / Brazil
Hallescher FC,Germany,4.0,0.0,13.0,0.0,17.0,0.0,16,12,4,13,4,17,0.0002238955612986,6,Germany / Austria
FC Winterthur,Switzerland,1.0,0.0,1.0,0.0,2.0,0.0,2,1,1,1,1,2,7.029224612845858e-05,6,Germany / Austria
FC Erzgebirge Aue,Germany,11.0,3400000.0,14.0,100000.0,25.0,3500000.0,21,12,9,14,11,25,0.0002055037435222,6,Germany / Austria
SV Wacker Burghausen,Germany,1.0,0.0,0.0,0.0,1.0,0.0,1,0,1,0,1,1,5.964586928733951e-05,6,Germany / Austria
FC Lahti,Finland,1.0,200000.0,1.0,0.0,2.0,200000.0,2,1,1,1,1,2,7.513473426793271e-05,6,Germany / Austria
Borussia Mönchengladbach U17,Germany,1.0,0.0,0.0,0.0,1.0,0.0,1,0,1,0,1,1,5.964586928733951e-05,6,Germany / Austria
VfB Stuttgart U19,Germany,8.0,0.0,0.0,0.0,8.0,0.0,5,0,5,0,8,8,5.964586928733951e-05,6,Germany / Austria
CS Marítimo B,Portugal,27.0,0.0,19.0,0.0,46.0,0.0,11,7,4,19,27,46,0.0003756481846874,4,Portugal / Brazil
FC Augsburg II,Germany,9.0,0.0,7.0,0.0,16.0,0.0,2,1,1,7,9,16,0.0001390574901658,6,Germany / Austria
SV Grödig,Austria,3.0,700000.0,2.0,0.0,5.0,700000.0,5,2,3,2,3,5,8.518468321495663e-05,5,Netherlands / Belgium
Wuhan Zall,China,1.0,0.0,5.0,7800000.0,6.0,7800000.0,6,5,1,5,1,6,0.0001112648842921,3,Spain / Argentina
Botev Plovdiv,Bulgaria,6.0,3150000.0,10.0,150000.0,16.0,3300000.0,13,8,5,10,6,16,0.0001715072086878,6,Germany / Austria
Shakhtar 3 Donetsk,Ukraine,1.0,255000.0,0.0,0.0,1.0,255000.0,1,0,1,0,1,1,5.964586928733951e-05,6,Germany / Austria
Rydaholms GoIF,Sweden,1.0,50000.0,0.0,0.0,1.0,50000.0,1,0,1,0,1,1,5.964586928733951e-05,6,Germany / Austria
Elazigspor,Turkey,3.0,0.0,5.0,360000.0,8.0,360000.0,8,5,3,5,3,8,0.0001124176480301,1,France / Belgium
Kardemir Karabükspor,Turkey,5.0,0.0,9.0,2930000.0,14.0,2930000.0,13,8,5,9,5,14,0.0001558473490201,4,Portugal / Brazil
Calgary South West United,Canada,1.0,0.0,0.0,0.0,1.0,0.0,1,0,1,0,1,1,5.964586928733951e-05,6,Germany / Austria
SV Lippstadt 08,Germany,2.0,50000.0,3.0,0.0,5.0,50000.0,4,2,2,3,2,5,0.0001006938262961,6,Germany / Austria
SC Paderborn 07 U19,Germany,2.0,0.0,0.0,0.0,2.0,0.0,1,0,1,0,2,2,5.964586928733951e-05,6,Germany / Austria
FBC Melgar,Peru,2.0,1500000.0,1.0,0.0,3.0,1500000.0,2,1,1,1,2,3,7.000619759178127e-05,6,Germany / Austria
SC Fortuna Köln,Germany,2.0,0.0,7.0,0.0,9.0,0.0,6,5,1,7,2,9,0.0001376331281448,6,Germany / Austria
Kyung Hee University,"Korea, South",1.0,0.0,0.0,0.0,1.0,0.0,1,0,1,0,1,1,5.964586928733951e-05,6,Germany / Austria
Santa Cruz Futebol Clube (PE),Brazil,5.0,0.0,4.0,0.0,9.0,0.0,9,4,5,4,5,9,0.0001057075939662,4,Portugal / Brazil
Anorthosis Famagusta,Cyprus,5.0,0.0,13.0,400000.0,18.0,400000.0,16,11,5,13,5,18,0.0002105954882326,4,Portugal / Brazil
Kuban Krasnodar (-2018),Russia,4.0,3000000.0,10.0,17000000.0,14.0,20000000.0,14,10,4,10,4,14,0.0001684950985368,1,France / Belgium
FC Vysocina Jihlava,Czech Republic,1.0,1500000.0,0.0,0.0,1.0,1500000.0,1,0,1,0,1,1,5.964586928733951e-05,6,Germany / Austria
SV Darmstadt 98 U19,Germany,8.0,0.0,0.0,0.0,8.0,0.0,1,0,1,0,8,8,5.964586928733951e-05,6,Germany / Austria
SV Mattersburg,Austria,1.0,0.0,0.0,0.0,1.0,0.0,1,0,1,0,1,1,5.964586928733951e-05,6,Germany / Austria
Bayer 04 Leverkusen U17,Germany,2.0,0.0,0.0,0.0,2.0,0.0,1,0,1,0,2,2,5.964586928733951e-05,6,Germany / Austria
FC Wil 1900,Switzerland,1.0,0.0,7.0,50000.0,8.0,50000.0,7,6,1,7,1,8,0.0001250860952158,6,Germany / Austria
Grasshopper Club Zürich U18,Switzerland,1.0,138000.0,0.0,0.0,1.0,138000.0,1,0,1,0,1,1,5.964586928733951e-05,6,Germany / Austria
Altinordu FK,Turkey,3.0,8430000.0,2.0,0.0,5.0,8430000.0,5,2,3,2,3,5,8.652982597668186e-05,6,Germany / Austria
RasenBallsport Leipzig U19,Germany,17.0,0.0,1.0,0.0,18.0,0.0,5,1,4,1,17,18,6.995398685193468e-05,6,Germany / Austria
Karlsruher SC U19,Germany,1.0,60000.0,0.0,0.0,1.0,60000.0,1,0,1,0,1,1,5.964586928733951e-05,6,Germany / Austria
Ultimate Strikers Academy,Nigeria,1.0,3500000.0,0.0,0.0,1.0,3500000.0,1,0,1,0,1,1,5.964586928733951e-05,6,Germany / Austria
Panetolikos GFS,Greece,11.0,0.0,17.0,0.0,28.0,0.0,22,13,9,17,11,28,0.00029115408485,4,Portugal / Brazil
Universidad San Martín de Porres,Peru,3.0,500000.0,5.0,0.0,8.0,500000.0,6,4,2,5,3,8,0.0001221173575656,1,France / Belgium
RasenBallsport Leipzig II,Germany,2.0,0.0,2.0,0.0,4.0,0.0,2,1,1,2,2,4,7.889685665772833e-05,6,Germany / Austria
SC Braga U19,Portugal,8.0,3000000.0,0.0,0.0,8.0,3000000.0,2,0,2,0,8,8,5.964586928733951e-05,4,Portugal / Brazil
Rot-Weiß Oberhausen U19,Germany,1.0,0.0,0.0,0.0,1.0,0.0,1,0,1,0,1,1,5.964586928733951e-05,6,Germany / Austria
California Golden Bears (UC Berkeley),United States,1.0,0.0,0.0,0.0,1.0,0.0,1,0,1,0,1,1,5.964586928733951e-05,6,Germany / Austria
1.FC Magdeburg,Germany,7.0,1900000.0,14.0,400000.0,21.0,2300000.0,14,9,5,14,7,21,0.0002133176064103,6,Germany / Austria
AS Nancy-Lorraine U19,France,1.0,250000.0,0.0,0.0,1.0,250000.0,1,0,1,0,1,1,5.964586928733951e-05,6,Germany / Austria
Sagan Tosu,Japan,2.0,1600000.0,3.0,500000.0,5.0,2100000.0,4,2,2,3,2,5,8.269011536896796e-05,6,Germany / Austria
FC Viktoria Köln,Germany,6.0,0.0,10.0,0.0,16.0,0.0,14,8,6,10,6,16,0.00017329668815,6,Germany / Austria
SC Wiedenbrück,Germany,1.0,0.0,1.0,0.0,2.0,0.0,2,1,1,1,1,2,6.948369358491738e-05,6,Germany / Austria
Caracas FC,Venezuela,9.0,2600000.0,6.0,0.0,15.0,2600000.0,10,3,7,6,9,15,0.0001356915712616,4,Portugal / Brazil
Hamburger SV U17,Germany,1.0,0.0,0.0,0.0,1.0,0.0,1,0,1,0,1,1,5.964586928733951e-05,6,Germany / Austria
Holstein Kiel,Germany,12.0,0.0,19.0,400000.0,31.0,400000.0,21,14,7,19,12,31,0.0002687218967438,6,Germany / Austria
RSC Anderlecht U21,Belgium,3.0,1800000.0,3.0,0.0,6.0,1800000.0,6,3,3,3,3,6,8.998520816806643e-05,5,Netherlands / Belgium
FC Zbrojovka Brno,Czech Republic,1.0,0.0,1.0,0.0,2.0,0.0,2,1,1,1,1,2,6.99609664143821e-05,6,Germany / Austria
SCR Altach,Austria,4.0,0.0,2.0,0.0,6.0,0.0,6,2,4,2,4,6,7.905389244984312e-05,1,France / Belgium
HSK Zrinjski Mostar,Bosnia-Herzegovina,2.0,400000.0,0.0,0.0,2.0,400000.0,2,0,2,0,2,2,5.964586928733951e-05,6,Germany / Austria
Yeni Malatyaspor,Turkey,2.0,0.0,8.0,0.0,10.0,0.0,10,8,2,8,2,10,0.0001418685475074,1,France / Belgium
Liaoning FC,China,1.0,3800000.0,4.0,14000000.0,5.0,17800000.0,4,3,1,4,1,5,9.85522491025765e-05,6,Germany / Austria
Guarani Futebol Clube (SP),Brazil,6.0,0.0,7.0,0.0,13.0,0.0,10,6,4,7,6,13,0.00018053734596,4,Portugal / Brazil
Tianjin Tianhai (-2019),China,1.0,20000000.0,0.0,0.0,1.0,20000000.0,1,0,1,0,1,1,5.964586928733951e-05,6,Germany / Austria
BSG Chemie Leipzig,Germany,1.0,0.0,1.0,0.0,2.0,0.0,2,1,1,1,1,2,6.927136297253398e-05,6,Germany / Austria
Arminia Bielefeld U19,Germany,4.0,2500000.0,0.0,0.0,4.0,2500000.0,2,0,2,0,4,4,5.964586928733951e-05,6,Germany / Austria
FK Senica,Slovakia,2.0,0.0,7.0,0.0,9.0,0.0,8,6,2,7,2,9,0.0001206341730314,2,Italy / Romania
FC Augsburg U17,Germany,1.0,0.0,0.0,0.0,1.0,0.0,1,0,1,0,1,1,5.964586928733951e-05,6,Germany / Austria
Slask Wroclaw,Poland,4.0,0.0,7.0,0.0,11.0,0.0,11,7,4,7,4,11,0.0001559497996398,4,Portugal / Brazil
SV Meppen,Germany,3.0,0.0,7.0,0.0,10.0,0.0,8,5,3,7,3,10,0.0001402657889736,5,Netherlands / Belgium
Rot-Weiß Erfurt,Germany,2.0,0.0,4.0,0.0,6.0,0.0,6,4,2,4,2,6,0.0001122629658999,6,Germany / Austria
SKN St. Pölten,Austria,2.0,0.0,4.0,0.0,6.0,0.0,4,2,2,4,2,6,0.0001012702460797,6,Germany / Austria
GNK Dinamo Zagreb II,Croatia,4.0,970000.0,4.0,25000.0,8.0,995000.0,8,4,4,4,4,8,0.000114736726814,5,Netherlands / Belgium
Fortuna Düsseldorf U19,Germany,1.0,0.0,0.0,0.0,1.0,0.0,1,0,1,0,1,1,5.964586928733951e-05,6,Germany / Austria
ZFC Meuselwitz,Germany,1.0,0.0,1.0,0.0,2.0,0.0,2,1,1,1,1,2,6.927136297253398e-05,6,Germany / Austria
FC São Paulo B,Brazil,3.0,1800000.0,1.0,0.0,4.0,1800000.0,4,1,3,1,3,4,7.619371837183624e-05,4,Portugal / Brazil
Kairat Almaty,Kazakhstan,1.0,0.0,0.0,0.0,1.0,0.0,1,0,1,0,1,1,5.964586928733951e-05,6,Germany / Austria
FC Pipinsried,Germany,1.0,0.0,1.0,0.0,2.0,0.0,2,1,1,1,1,2,7.082074761454668e-05,6,Germany / Austria
SK Austria Klagenfurt,Austria,1.0,0.0,5.0,50000.0,6.0,50000.0,4,3,1,5,1,6,0.0001212322997783,6,Germany / Austria
Right to Dream Academy,Ghana,1.0,0.0,0.0,0.0,1.0,0.0,1,0,1,0,1,1,5.964586928733951e-05,6,Germany / Austria
FC Wacker Innsbruck,Austria,2.0,0.0,1.0,0.0,3.0,0.0,3,1,2,1,2,3,7.008850306343475e-05,5,Netherlands / Belgium
Sporting CP U23,Portugal,22.0,700000.0,7.0,0.0,29.0,700000.0,12,5,7,7,22,29,0.0001662973677932,4,Portugal / Brazil
Sportfreunde Siegen,Germany,1.0,0.0,0.0,0.0,1.0,0.0,1,0,1,0,1,1,5.964586928733951e-05,6,Germany / Austria
KFC Uerdingen 05,Germany,2.0,0.0,5.0,0.0,7.0,0.0,7,5,2,5,2,7,0.0001121066851261,6,Germany / Austria
Sportfreunde Lotte,Germany,5.0,0.0,3.0,0.0,8.0,0.0,7,2,5,3,5,8,0.0001024629904035,6,Germany / Austria
TSV Hartberg,Austria,2.0,0.0,2.0,0.0,4.0,0.0,4,2,2,2,2,4,8.380763136019018e-05,6,Germany / Austria
1.FC Union Berlin U19,Germany,6.0,0.0,0.0,0.0,6.0,0.0,1,0,1,0,6,6,5.964586928733951e-05,6,Germany / Austria
FSV Union Fürstenwalde,Germany,1.0,0.0,0.0,0.0,1.0,0.0,1,0,1,0,1,1,5.964586928733951e-05,6,Germany / Austria
Korona Kielce,Poland,6.0,50000.0,6.0,0.0,12.0,50000.0,12,6,6,6,6,12,0.0001283351292556,1,France / Belgium
Fortaleza Esporte Clube,Brazil,1.0,0.0,3.0,0.0,4.0,0.0,4,3,1,3,1,4,0.0001027821741706,4,Portugal / Brazil
Dynamo Moscow,Russia,3.0,9500000.0,4.0,3500000.0,7.0,13000000.0,6,4,2,4,3,7,0.000104710033497,6,Germany / Austria
SG Sonnenhof Großaspach,Germany,1.0,0.0,3.0,0.0,4.0,0.0,4,3,1,3,1,4,9.233233240319744e-05,1,France / Belgium
Yokohama F. Marinos,Japan,3.0,900000.0,2.0,1200000.0,5.0,2100000.0,4,2,2,2,3,5,8.485260713975708e-05,6,Germany / Austria
Cercle Brugge,Belgium,33.0,0.0,40.0,2000000.0,73.0,2000000.0,27,16,11,40,33,73,0.0004653497286595,1,France / Belgium
FC Liefering,Austria,3.0,300000.0,1.0,0.0,4.0,300000.0,4,1,3,1,3,4,7.018926116645838e-05,1,France / Belgium
Valmiera FC,Latvia,1.0,500000.0,1.0,0.0,2.0,500000.0,2,1,1,1,1,2,7.077223167519886e-05,6,Germany / Austria
Paris FC,France,23.0,350000.0,36.0,0.0,59.0,350000.0,40,22,18,36,23,59,0.0004717413055451,1,France / Belgium
Odense Boldklub,Denmark,12.0,5350000.0,11.0,650000.0,23.0,6000000.0,19,9,10,11,12,23,0.0001750980920127,5,Netherlands / Belgium
RasenBallsport Leipzig U17,Germany,1.0,0.0,0.0,0.0,1.0,0.0,1,0,1,0,1,1,5.964586928733951e-05,6,Germany / Austria
Paris Saint-Germain U19,France,23.0,0.0,0.0,0.0,23.0,0.0,3,0,3,0,23,23,5.964586928733951e-05,1,France / Belgium
Pohang Steelers,"Korea, South",3.0,0.0,1.0,0.0,4.0,0.0,4,1,3,1,3,4,7.129425741873219e-05,4,Portugal / Brazil
Valencia CF U19,Spain,1.0,0.0,0.0,0.0,1.0,0.0,1,0,1,0,1,1,5.964586928733951e-05,6,Germany / Austria
FC Villarreal Youth,Spain,1.0,0.0,0.0,0.0,1.0,0.0,1,0,1,0,1,1,5.964586928733951e-05,6,Germany / Austria
1.FC Lokomotive Leipzig,Germany,1.0,0.0,1.0,0.0,2.0,0.0,2,1,1,1,1,2,7.082074761454668e-05,6,Germany / Austria
FC Nordsjaelland U19,Denmark,1.0,2500000.0,0.0,0.0,1.0,2500000.0,1,0,1,0,1,1,5.964586928733951e-05,6,Germany / Austria
1.FC Union Berlin U17,Germany,1.0,0.0,0.0,0.0,1.0,0.0,1,0,1,0,1,1,5.964586928733951e-05,6,Germany / Austria
Vejle Boldklub,Denmark,1.0,4500000.0,3.0,0.0,4.0,4500000.0,4,3,1,3,1,4,8.727737463108737e-05,6,Germany / Austria
Júbilo Iwata,Japan,2.0,350000.0,1.0,0.0,3.0,350000.0,3,1,2,1,2,3,8.011323374911483e-05,5,Netherlands / Belgium
Türkgücü München,Germany,2.0,0.0,3.0,0.0,5.0,0.0,5,3,2,3,2,5,9.867160669333671e-05,6,Germany / Austria
TSG 1899 Hoffenheim U17,Germany,1.0,0.0,0.0,0.0,1.0,0.0,1,0,1,0,1,1,5.964586928733951e-05,6,Germany / Austria
FSV Zwickau,Germany,1.0,0.0,2.0,0.0,3.0,0.0,3,2,1,2,1,3,8.499666521761944e-05,6,Germany / Austria
AC Monza,Italy,1.0,0.0,21.0,8150000.0,22.0,8150000.0,12,11,1,21,1,22,0.0001982818770569,2,Italy / Romania
SV Waldhof Mannheim,Germany,3.0,0.0,7.0,0.0,10.0,0.0,9,6,3,7,3,10,0.0001392079266018,6,Germany / Austria
Naestved Boldklub,Denmark,1.0,0.0,1.0,0.0,2.0,0.0,2,1,1,1,1,2,7.268126897233086e-05,6,Germany / Austria
Wuppertaler SV,Germany,3.0,0.0,0.0,0.0,3.0,0.0,2,0,2,0,3,3,5.964586928733951e-05,6,Germany / Austria
Vitória Guimarães SC B,Portugal,45.0,0.0,22.0,100000.0,67.0,100000.0,22,12,10,22,45,67,0.0003611256508424,4,Portugal / Brazil
MFK Karvina,Czech Republic,1.0,0.0,2.0,0.0,3.0,0.0,3,2,1,2,1,3,8.710330516027394e-05,5,Netherlands / Belgium
SpVgg Greuther Fürth U19,Germany,1.0,0.0,0.0,0.0,1.0,0.0,1,0,1,0,1,1,5.964586928733951e-05,6,Germany / Austria
América Futebol Clube (MG),Brazil,8.0,2400000.0,3.0,0.0,11.0,2400000.0,10,3,7,3,8,11,9.456982254436452e-05,4,Portugal / Brazil
Esperance Tunis,Tunisia,6.0,2175000.0,6.0,1775000.0,12.0,3950000.0,12,6,6,6,6,12,0.0001460243068929,4,Portugal / Brazil
FC Gueugnon,France,5.0,0.0,3.0,0.0,8.0,0.0,8,3,5,3,5,8,8.589259961744203e-05,1,France / Belgium
Masvingo United,Zimbabwe,1.0,0.0,0.0,0.0,1.0,0.0,1,0,1,0,1,1,5.964586928733951e-05,1,France / Belgium
US Boulogne B,France,2.0,0.0,0.0,0.0,2.0,0.0,1,0,1,0,2,2,5.964586928733951e-05,1,France / Belgium
FC Valenciennes U19,France,2.0,0.0,0.0,0.0,2.0,0.0,1,0,1,0,2,2,5.964586928733951e-05,1,France / Belgium
Vannes OC,France,8.0,500000.0,13.0,0.0,21.0,500000.0,18,11,7,13,8,21,0.0001953725688262,1,France / Belgium
Grenoble Foot 38 B,France,2.0,0.0,0.0,0.0,2.0,0.0,1,0,1,0,2,2,5.964586928733951e-05,1,France / Belgium
CS Louhans-Cuiseaux 71,France,3.0,0.0,0.0,0.0,3.0,0.0,3,0,3,0,3,3,5.964586928733951e-05,1,France / Belgium
KSV Roeselare (- 2021),Belgium,6.0,0.0,8.0,0.0,14.0,0.0,12,6,6,8,6,14,0.000160522107894,5,Netherlands / Belgium
Canon Yaoundé,Cameroon,1.0,0.0,0.0,0.0,1.0,0.0,1,0,1,0,1,1,5.964586928733951e-05,1,France / Belgium
FC Le Mans B,France,6.0,0.0,1.0,0.0,7.0,0.0,2,1,1,1,6,7,8.175425080002989e-05,1,France / Belgium
Stade Lavallois,France,28.0,7000000.0,33.0,0.0,61.0,7000000.0,38,20,18,33,28,61,0.0004154372379604,1,France / Belgium
Le Mans Union Club 72,France,14.0,21000000.0,22.0,4133000.0,36.0,25133000.0,24,13,11,22,14,36,0.0003641380484443,1,France / Belgium
Tours FC,France,30.0,9800000.0,27.0,0.0,57.0,9800000.0,35,16,19,27,30,57,0.0003470254836497,1,France / Belgium
AS Nancy-Lorraine B,France,14.0,0.0,0.0,0.0,14.0,0.0,1,0,1,0,14,14,5.964586928733951e-05,1,France / Belgium
Entente Sannois Saint-Gratien,France,6.0,0.0,4.0,0.0,10.0,0.0,7,3,4,4,6,10,0.0001010634822672,1,France / Belgium
ZESCO United FC,Zambia,1.0,0.0,0.0,0.0,1.0,0.0,1,0,1,0,1,1,5.964586928733951e-05,1,France / Belgium
Racing Club de France football-Levallois 92,France,1.0,0.0,0.0,0.0,1.0,0.0,1,0,1,0,1,1,5.964586928733951e-05,1,France / Belgium
FC Lorient B,France,29.0,0.0,2.0,0.0,31.0,0.0,4,2,2,2,29,31,8.018511731042626e-05,1,France / Belgium
LOSC Lille B,France,32.0,0.0,13.0,5000000.0,45.0,5000000.0,11,6,5,13,32,45,0.0002413449705014,1,France / Belgium
LOSC Lille U19,France,2.0,0.0,0.0,0.0,2.0,0.0,1,0,1,0,2,2,5.964586928733951e-05,1,France / Belgium
Junior FC,Colombia,5.0,11500000.0,1.0,1830000.0,6.0,13330000.0,5,1,4,1,5,6,7.120025334415832e-05,4,Portugal / Brazil
Olympique Lyon U19,France,7.0,0.0,0.0,0.0,7.0,0.0,1,0,1,0,7,7,5.964586928733951e-05,1,France / Belgium
AFC Tubize,Belgium,6.0,0.0,4.0,0.0,10.0,0.0,9,4,5,4,6,10,0.0001132735446747,1,France / Belgium
HSC Montpellier B,France,33.0,0.0,1.0,0.0,34.0,0.0,2,1,1,1,33,34,7.186919796280061e-05,1,France / Belgium
HSC Montpellier U19,France,3.0,0.0,0.0,0.0,3.0,0.0,1,0,1,0,3,3,5.964586928733951e-05,1,France / Belgium
FC Girondins Bordeaux B,France,46.0,0.0,1.0,0.0,47.0,0.0,3,1,2,1,46,47,7.56986998190941e-05,1,France / Belgium
FC Sochaux-Montbéliard B,France,16.0,0.0,0.0,0.0,16.0,0.0,2,0,2,0,16,16,5.964586928733951e-05,1,France / Belgium
Rodez AF,France,12.0,0.0,13.0,0.0,25.0,0.0,18,10,8,13,12,25,0.0002225253467264,1,France / Belgium
AD São Caetano (SP),Brazil,5.0,2500000.0,2.0,0.0,7.0,2500000.0,7,2,5,2,5,7,9.304785013406944e-05,4,Portugal / Brazil
Pau FC,France,16.0,160000.0,19.0,0.0,35.0,160000.0,23,13,10,19,16,35,0.000293127152414,1,France / Belgium
Toulouse FC B,France,32.0,0.0,0.0,0.0,32.0,0.0,2,0,2,0,32,32,5.964586928733951e-05,1,France / Belgium
LB Châteauroux B,France,1.0,100000.0,0.0,0.0,1.0,100000.0,1,0,1,0,1,1,5.964586928733951e-05,1,France / Belgium
Heart of Lions Kpando,Ghana,1.0,0.0,1.0,0.0,2.0,0.0,2,1,1,1,1,2,6.866232857344218e-05,1,France / Belgium
FC Stade Rennes B,France,49.0,0.0,4.0,0.0,53.0,0.0,5,2,3,4,49,53,9.842698076751796e-05,1,France / Belgium
US Créteil-Lusitanos,France,8.0,0.0,14.0,200000.0,22.0,200000.0,21,13,8,14,8,22,0.0002436924749023,1,France / Belgium
Panthère Sportive du Ndé,Cameroon,1.0,200000.0,0.0,0.0,1.0,200000.0,1,0,1,0,1,1,5.964586928733951e-05,1,France / Belgium
Olympique Marseille U19,France,3.0,0.0,0.0,0.0,3.0,0.0,1,0,1,0,3,3,5.964586928733951e-05,1,France / Belgium
AS Cannes,France,5.0,0.0,10.0,0.0,15.0,0.0,11,7,4,10,5,15,0.0001702396873495,1,France / Belgium
AS Monaco B,Monaco,29.0,6000000.0,5.0,0.0,34.0,6000000.0,10,3,7,5,29,34,0.0001210371888168,1,France / Belgium
Alania Vladikavkaz,Russia,3.0,0.0,2.0,0.0,5.0,0.0,5,2,3,2,3,5,7.951813135429916e-05,5,Netherlands / Belgium
Excelsior Mouscron (- 2009),Belgium,2.0,0.0,0.0,0.0,2.0,0.0,2,0,2,0,2,2,5.964586928733951e-05,1,France / Belgium
AS Moulins Football,France,1.0,0.0,2.0,0.0,3.0,0.0,3,2,1,2,1,3,8.293207237910619e-05,1,France / Belgium
Racing Ferrol,Spain,1.0,0.0,2.0,0.0,3.0,0.0,3,2,1,2,1,3,8.370433339836822e-05,1,France / Belgium
Neuchâtel Xamax,Switzerland,2.0,4000000.0,4.0,0.0,6.0,4000000.0,5,3,2,4,2,6,0.0001025667350323,4,Portugal / Brazil
Stade Brest 29 B,France,7.0,0.0,0.0,0.0,7.0,0.0,2,0,2,0,7,7,5.964586928733951e-05,1,France / Belgium
Amiens SC B,France,8.0,0.0,0.0,0.0,8.0,0.0,3,0,3,0,8,8,5.964586928733951e-05,1,France / Belgium
ES Sétif,Algeria,1.0,0.0,1.0,0.0,2.0,0.0,2,1,1,1,1,2,6.934943587715669e-05,1,France / Belgium
Football Club de Vesoul,France,1.0,0.0,1.0,0.0,2.0,0.0,2,1,1,1,1,2,7.120033875723556e-05,1,France / Belgium
US Quevilly,France,2.0,0.0,0.0,0.0,2.0,0.0,2,0,2,0,2,2,5.964586928733951e-05,1,France / Belgium
Cotonsport de Garoua,Cameroon,1.0,0.0,0.0,0.0,1.0,0.0,1,0,1,0,1,1,5.964586928733951e-05,1,France / Belgium
CS Sedan-Ardennes,France,19.0,5700000.0,12.0,900000.0,31.0,6600000.0,21,8,13,12,19,31,0.0001818931269258,1,France / Belgium
AS Monaco U19,Monaco,10.0,0.0,0.0,0.0,10.0,0.0,1,0,1,0,10,10,5.964586928733951e-05,1,France / Belgium
SO Cassis Carnoux,France,2.0,0.0,5.0,0.0,7.0,0.0,5,3,2,5,2,7,0.0001097067299132,1,France / Belgium
Club Guaraní,Paraguay,1.0,0.0,2.0,0.0,3.0,0.0,3,2,1,2,1,3,8.294112494611909e-05,1,France / Belgium
OGC Nice B,France,43.0,0.0,3.0,0.0,46.0,0.0,5,2,3,3,43,46,9.293447559141548e-05,1,France / Belgium
Fréjus-Saint-Raphaël FC,France,9.0,0.0,11.0,0.0,20.0,0.0,13,8,5,11,9,20,0.0001810021823319,1,France / Belgium
Moghreb Tétouan,Morocco,3.0,0.0,2.0,0.0,5.0,0.0,5,2,3,2,3,5,8.314257124828771e-05,5,Netherlands / Belgium
Athlétic Club Arlésien B,France,1.0,0.0,1.0,0.0,2.0,0.0,2,1,1,1,1,2,7.654500695831964e-05,1,France / Belgium
Perpignan Canet FC,France,1.0,0.0,0.0,0.0,1.0,0.0,1,0,1,0,1,1,5.964586928733951e-05,1,France / Belgium
SM Caen B,France,19.0,0.0,0.0,0.0,19.0,0.0,2,0,2,0,19,19,5.964586928733951e-05,1,France / Belgium
NK Interblock Ljubljana,Slovenia,1.0,0.0,0.0,0.0,1.0,0.0,1,0,1,0,1,1,5.964586928733951e-05,1,France / Belgium
FC Den Bosch,Netherlands,27.0,1650000.0,44.0,0.0,71.0,1650000.0,36,18,18,44,27,71,0.0005694830127682,5,Netherlands / Belgium
CD Motagua Tegucigalpa,Honduras,2.0,0.0,1.0,0.0,3.0,0.0,3,1,2,1,2,3,7.56986998190941e-05,1,France / Belgium
Hapoel Haifa,Israel,1.0,0.0,2.0,0.0,3.0,0.0,3,2,1,2,1,3,8.133200891446708e-05,5,Netherlands / Belgium
FC Paris Saint-Germain Youth,France,1.0,0.0,0.0,0.0,1.0,0.0,1,0,1,0,1,1,5.964586928733951e-05,1,France / Belgium
Hapoel Raanana,Israel,2.0,0.0,2.0,0.0,4.0,0.0,4,2,2,2,2,4,8.381244469734793e-05,5,Netherlands / Belgium
FC Martigues,France,3.0,0.0,4.0,0.0,7.0,0.0,5,3,2,4,3,7,0.000112275192466,1,France / Belgium
US Changéenne,France,1.0,0.0,0.0,0.0,1.0,0.0,1,0,1,0,1,1,5.964586928733951e-05,1,France / Belgium
Luzenac Ariège Pyrénées,France,3.0,0.0,4.0,0.0,7.0,0.0,7,4,3,4,3,7,0.0001086769632402,1,France / Belgium
FCO Dijon B,France,5.0,0.0,0.0,0.0,5.0,0.0,1,0,1,0,5,5,5.964586928733951e-05,1,France / Belgium
Aparecida Esporte Clube (GO),Brazil,1.0,3000000.0,1.0,0.0,2.0,3000000.0,2,1,1,1,1,2,7.818996369136462e-05,1,France / Belgium
Valenciennes FC B,France,7.0,0.0,0.0,0.0,7.0,0.0,2,0,2,0,7,7,5.964586928733951e-05,1,France / Belgium
Apejes FC de Mfou,Cameroon,1.0,0.0,0.0,0.0,1.0,0.0,1,0,1,0,1,1,5.964586928733951e-05,1,France / Belgium
Le Poiré-sur-Vie VF,France,4.0,0.0,5.0,0.0,9.0,0.0,9,5,4,5,4,9,0.0001171422878833,1,France / Belgium
US Jeanne d'Arc Carquefou,France,2.0,0.0,5.0,0.0,7.0,0.0,6,4,2,5,2,7,0.0001152876961644,1,France / Belgium
Gap Foot 05,France,1.0,0.0,0.0,0.0,1.0,0.0,1,0,1,0,1,1,5.964586928733951e-05,1,France / Belgium
UJA Alfortville,France,1.0,0.0,1.0,0.0,2.0,0.0,2,1,1,1,1,2,7.186919796280061e-05,1,France / Belgium
AS Saint-Étienne U19,France,5.0,0.0,0.0,0.0,5.0,0.0,1,0,1,0,5,5,5.964586928733951e-05,1,France / Belgium
AJ Auxerre U19,France,3.0,0.0,0.0,0.0,3.0,0.0,1,0,1,0,3,3,5.964586928733951e-05,1,France / Belgium
Aviron Bayonnais,France,5.0,0.0,7.0,0.0,12.0,0.0,9,5,4,7,5,12,0.0001235367065273,1,France / Belgium
SAS Epinal,France,10.0,0.0,9.0,0.0,19.0,0.0,13,6,7,9,10,19,0.0001691068970504,1,France / Belgium
US Ivry,France,1.0,0.0,1.0,0.0,2.0,0.0,2,1,1,1,1,2,7.910852362643602e-05,1,France / Belgium
D.C. United,United States,2.0,0.0,5.0,0.0,7.0,0.0,7,5,2,5,2,7,0.0001083854195483,3,Spain / Argentina
Seongnam Ilhwa Chunma,"Korea, South",1.0,0.0,2.0,0.0,3.0,0.0,2,1,1,2,1,3,7.564480714205393e-05,1,France / Belgium
Red Star FC,France,16.0,4000000.0,20.0,0.0,36.0,4000000.0,24,13,11,20,16,36,0.0002853238041016,1,France / Belgium
Club Athlétique Bizertin,Tunisia,1.0,400000.0,0.0,0.0,1.0,400000.0,1,0,1,0,1,1,5.964586928733951e-05,1,France / Belgium
AS Cherbourg,France,1.0,0.0,3.0,0.0,4.0,0.0,4,3,1,3,1,4,9.356354293947864e-05,1,France / Belgium
Renaissance de Ngoumou,Cameroon,1.0,0.0,0.0,0.0,1.0,0.0,1,0,1,0,1,1,5.964586928733951e-05,1,France / Belgium
AC Ajaccio B,France,4.0,0.0,0.0,0.0,4.0,0.0,1,0,1,0,4,4,5.964586928733951e-05,1,France / Belgium
Skoda Xanthi,Greece,2.0,0.0,6.0,0.0,8.0,0.0,7,5,2,6,2,8,0.0001266688834617,3,Spain / Argentina
AS Magenta,Neukaledonien,1.0,0.0,0.0,0.0,1.0,0.0,1,0,1,0,1,1,5.964586928733951e-05,1,France / Belgium
Boluspor,Turkey,2.0,0.0,5.0,0.0,7.0,0.0,5,3,2,5,2,7,0.0001221224735859,5,Netherlands / Belgium
FC Cournon-d'Auvergne,France,1.0,0.0,0.0,0.0,1.0,0.0,1,0,1,0,1,1,5.964586928733951e-05,1,France / Belgium
SC Bastia B,France,13.0,0.0,0.0,0.0,13.0,0.0,1,0,1,0,13,13,5.964586928733951e-05,1,France / Belgium
Horoya AC,Guinea,1.0,0.0,0.0,0.0,1.0,0.0,1,0,1,0,1,1,5.964586928733951e-05,1,France / Belgium
US Orléans,France,16.0,1000000.0,26.0,0.0,42.0,1000000.0,26,15,11,26,16,42,0.0003638794634373,1,France / Belgium
Atlético Clube Goianiense,Brazil,6.0,0.0,7.0,0.0,13.0,0.0,13,7,6,7,6,13,0.0001522427445668,4,Portugal / Brazil
Mouscron-Péruwelz,Belgium,10.0,0.0,18.0,0.0,28.0,0.0,9,8,1,18,10,28,0.000247526172579,1,France / Belgium
OGC Nizza U19,France,3.0,0.0,0.0,0.0,3.0,0.0,2,0,2,0,3,3,5.964586928733951e-05,1,France / Belgium
FC Rouen 1899,France,1.0,0.0,4.0,0.0,5.0,0.0,5,4,1,4,1,5,0.0001069047385038,1,France / Belgium
Entente sportive Uzès Pont du Gard,France,2.0,0.0,2.0,0.0,4.0,0.0,4,2,2,2,2,4,8.325135793565878e-05,1,France / Belgium
Stade Reims B,France,18.0,0.0,3.0,0.0,21.0,0.0,3,2,1,3,18,21,9.398116967805852e-05,1,France / Belgium
Thonon Évian Grand Genève FC B,France,5.0,0.0,1.0,0.0,6.0,0.0,2,1,1,1,5,6,7.11374813689035e-05,1,France / Belgium
Dnipro Dnipropetrovsk II,Ukraine,1.0,0.0,0.0,0.0,1.0,0.0,1,0,1,0,1,1,5.964586928733951e-05,1,France / Belgium
USC Corte,France,1.0,0.0,1.0,0.0,2.0,0.0,2,1,1,1,1,2,7.186919796280061e-05,1,France / Belgium
Olympiakos Nicosia,Cyprus,1.0,0.0,6.0,0.0,7.0,0.0,6,5,1,6,1,7,0.0001472162877741,4,Portugal / Brazil
EA Guingamp B,France,11.0,0.0,1.0,0.0,12.0,0.0,3,1,2,1,11,12,7.137760290921018e-05,1,France / Belgium
FC Bourg-Péronnas,France,2.0,0.0,2.0,0.0,4.0,0.0,4,2,2,2,2,4,8.087532199409389e-05,1,France / Belgium
AS Beauvais Oise,France,1.0,0.0,0.0,0.0,1.0,0.0,1,0,1,0,1,1,5.964586928733951e-05,1,France / Belgium
FC Nantes U19,France,3.0,0.0,0.0,0.0,3.0,0.0,2,0,2,0,3,3,5.964586928733951e-05,1,France / Belgium
Umm Salal SC,Qatar,2.0,0.0,7.0,500000.0,9.0,500000.0,9,7,2,7,2,9,0.0001322262070192,1,France / Belgium
TP Mazembe,DR Congo,2.0,1000000.0,0.0,0.0,2.0,1000000.0,1,0,1,0,2,2,5.964586928733951e-05,1,France / Belgium
CA Bastia,France,5.0,0.0,8.0,0.0,13.0,0.0,8,5,3,8,5,13,0.0001643156082581,1,France / Belgium
FC Locomotive Tbilisi,Georgia,1.0,100000.0,1.0,0.0,2.0,100000.0,2,1,1,1,1,2,7.499774149863112e-05,1,France / Belgium
Querétaro FC,Mexico,1.0,0.0,0.0,0.0,1.0,0.0,1,0,1,0,1,1,5.964586928733951e-05,1,France / Belgium
SC Bastia U19,France,1.0,0.0,0.0,0.0,1.0,0.0,1,0,1,0,1,1,5.964586928733951e-05,1,France / Belgium
GS Consolat Marseille,France,1.0,0.0,2.0,0.0,3.0,0.0,3,2,1,2,1,3,8.490981754930745e-05,1,France / Belgium
Chamois Niortais FC,France,15.0,5900000.0,18.0,0.0,33.0,5900000.0,20,10,10,18,15,33,0.0002720504036374,1,France / Belgium
Randers FC,Denmark,9.0,2700000.0,7.0,0.0,16.0,2700000.0,13,5,8,7,9,16,0.0001488637974228,1,France / Belgium
Zamora FC,Venezuela,4.0,1650000.0,0.0,0.0,4.0,1650000.0,4,0,4,0,4,4,5.964586928733951e-05,4,Portugal / Brazil
FC Metz U19,France,2.0,0.0,0.0,0.0,2.0,0.0,1,0,1,0,2,2,5.964586928733951e-05,1,France / Belgium
FC Metz B,France,14.0,0.0,0.0,0.0,14.0,0.0,1,0,1,0,14,14,5.964586928733951e-05,1,France / Belgium
Royal Excelsior Virton,Belgium,1.0,0.0,7.0,0.0,8.0,0.0,8,7,1,7,1,8,0.000134872748468,1,France / Belgium
RWDM Brussels FC,Belgium,2.0,0.0,4.0,0.0,6.0,0.0,4,3,1,4,2,6,9.70518102219294e-05,1,France / Belgium
GS Ergotelis,Greece,2.0,0.0,6.0,0.0,8.0,0.0,8,6,2,6,2,8,0.0001119550718113,1,France / Belgium
FC Nantes B,France,26.0,0.0,3.0,0.0,29.0,0.0,6,2,4,3,26,29,9.253958477292224e-05,1,France / Belgium
Rabotnicki Skopje,North Macedonia,1.0,0.0,1.0,0.0,2.0,0.0,2,1,1,1,1,2,7.511898658276472e-05,5,Netherlands / Belgium
FK Jagodina,Serbia,1.0,800000.0,0.0,0.0,1.0,800000.0,1,0,1,0,1,1,5.964586928733951e-05,1,France / Belgium
ES Pennoise,France,1.0,0.0,0.0,0.0,1.0,0.0,1,0,1,0,1,1,5.964586928733951e-05,1,France / Belgium
US Colomiers,France,1.0,0.0,1.0,0.0,2.0,0.0,2,1,1,1,1,2,7.499774149863112e-05,1,France / Belgium
RC Lens U19,France,1.0,0.0,0.0,0.0,1.0,0.0,1,0,1,0,1,1,5.964586928733951e-05,1,France / Belgium
Club Sportif Sfaxien,Tunisia,3.0,2650000.0,1.0,0.0,4.0,2650000.0,3,1,2,1,3,4,8.413838880999685e-05,1,France / Belgium
FK Liepaja,Latvia,1.0,0.0,1.0,0.0,2.0,0.0,2,1,1,1,1,2,6.858802291993441e-05,1,France / Belgium
AS Béziers,France,7.0,0.0,7.0,0.0,14.0,0.0,12,6,6,7,7,14,0.0001441761404774,1,France / Belgium
FC Girondins Bordeaux U19,France,1.0,0.0,0.0,0.0,1.0,0.0,1,0,1,0,1,1,5.964586928733951e-05,1,France / Belgium
Real Avilés CF,Spain,1.0,0.0,1.0,0.0,2.0,0.0,2,1,1,1,1,2,6.914753302789295e-05,1,France / Belgium
AS Mangasport Moanda,Gabon,1.0,75000.0,0.0,0.0,1.0,75000.0,1,0,1,0,1,1,5.964586928733951e-05,1,France / Belgium
Paradou AC,Algeria,6.0,6050000.0,2.0,0.0,8.0,6050000.0,7,2,5,2,6,8,9.041329236682583e-05,1,France / Belgium
Varese Calcio,Italy,1.0,0.0,1.0,0.0,2.0,0.0,2,1,1,1,1,2,7.680104607202209e-05,1,France / Belgium
FC Stade Rennes U19,France,2.0,0.0,0.0,0.0,2.0,0.0,1,0,1,0,2,2,5.964586928733951e-05,1,France / Belgium
US Concarneau,France,2.0,0.0,6.0,0.0,8.0,0.0,8,6,2,6,2,8,0.0001347395907412,1,France / Belgium
SM Caen U19,France,1.0,0.0,0.0,0.0,1.0,0.0,1,0,1,0,1,1,5.964586928733951e-05,1,France / Belgium
Stade Reims U19,France,1.0,0.0,0.0,0.0,1.0,0.0,1,0,1,0,1,1,5.964586928733951e-05,1,France / Belgium
Toulouse FC U19,France,6.0,0.0,0.0,0.0,6.0,0.0,1,0,1,0,6,6,5.964586928733951e-05,1,France / Belgium
SO Romorantin,France,1.0,0.0,0.0,0.0,1.0,0.0,1,0,1,0,1,1,5.964586928733951e-05,1,France / Belgium
Vendée Luçon Football,France,1.0,0.0,6.0,0.0,7.0,0.0,4,3,1,6,1,7,0.0001381107194806,1,France / Belgium
SCO Angers B,France,6.0,0.0,3.0,0.0,9.0,0.0,5,3,2,3,6,9,8.798681619057585e-05,1,France / Belgium
ESTAC Troyes B,France,2.0,0.0,1.0,0.0,3.0,0.0,2,1,1,1,2,3,7.158433003410997e-05,1,France / Belgium
US Avranches,France,13.0,0.0,17.0,0.0,30.0,0.0,18,9,9,17,13,30,0.0002541496892515,1,France / Belgium
Lekhwiya Sports Club,Qatar,1.0,0.0,7.0,12500000.0,8.0,12500000.0,7,6,1,7,1,8,0.0001372783935232,1,France / Belgium
Orlando Pirates,South Africa,3.0,1840000.0,2.0,0.0,5.0,1840000.0,5,2,3,2,3,5,8.685253337444711e-05,1,France / Belgium
Bourg-en-Bresse Péronnas 01,France,8.0,900000.0,7.0,0.0,15.0,900000.0,11,5,6,7,8,15,0.0001377837889518,1,France / Belgium
KVC Westerlo,Belgium,2.0,0.0,10.0,0.0,12.0,0.0,10,8,2,10,2,12,0.0001434611053207,2,Italy / Romania
Thonon Évian Savoie FC,France,3.0,0.0,0.0,0.0,3.0,0.0,3,0,3,0,3,3,5.964586928733876e-05,1,France / Belgium
Luçon Football Club,France,4.0,0.0,0.0,0.0,4.0,0.0,3,0,3,0,4,4,5.964586928733951e-05,1,France / Belgium
Santa Barbara Gauchos (Uni. of CAL Santa Barbara),United States,1.0,0.0,0.0,0.0,1.0,0.0,1,0,1,0,1,1,5.964586928733951e-05,1,France / Belgium
ASM Belfort,France,1.0,0.0,1.0,0.0,2.0,0.0,2,1,1,1,1,2,7.499774149863112e-05,1,France / Belgium
Ruch Chorzow,Poland,1.0,2000000.0,0.0,0.0,1.0,2000000.0,1,0,1,0,1,1,5.964586928733951e-05,1,France / Belgium
AS Denguélé d’Odienné,Cote d'Ivoire,1.0,0.0,0.0,0.0,1.0,0.0,1,0,1,0,1,1,5.964586928733951e-05,1,France / Belgium
Al-Fujairah SC,United Arab Emirates,1.0,0.0,2.0,0.0,3.0,0.0,3,2,1,2,1,3,8.496305951954787e-05,1,France / Belgium
Al-Kharaitiyat SC,Qatar,1.0,0.0,3.0,0.0,4.0,0.0,4,3,1,3,1,4,9.935222970693576e-05,1,France / Belgium
AFAD Djékanou,Cote d'Ivoire,1.0,0.0,0.0,0.0,1.0,0.0,1,0,1,0,1,1,5.964586928733951e-05,1,France / Belgium
Génération Foot,Senegal,6.0,0.0,0.0,0.0,6.0,0.0,1,0,1,0,6,6,5.964586928733951e-05,1,France / Belgium
RFC Seraing,Belgium,9.0,0.0,10.0,0.0,19.0,0.0,3,2,1,10,9,19,0.0001929723280268,1,France / Belgium
AE Larisa,Greece,4.0,0.0,10.0,200000.0,14.0,200000.0,12,9,3,10,4,14,0.0001769753676081,4,Portugal / Brazil
Al-Fateh,Saudi Arabia,1.0,0.0,4.0,0.0,5.0,0.0,5,4,1,4,1,5,0.0001124027388826,4,Portugal / Brazil
Avaí Futebol Clube (SC),Brazil,4.0,3000000.0,7.0,100000.0,11.0,3100000.0,10,6,4,7,4,11,0.0001651389351215,4,Portugal / Brazil
USL Dunkerque,France,7.0,0.0,9.0,0.0,16.0,0.0,15,8,7,9,7,16,0.0001754356563699,1,France / Belgium
NK Domzale,Slovenia,3.0,1250000.0,1.0,0.0,4.0,1250000.0,3,1,2,1,3,4,7.009527800639807e-05,1,France / Belgium
Diambars Football Club,Senegal,3.0,440000.0,0.0,0.0,3.0,440000.0,3,0,3,0,3,3,5.964586928733951e-05,1,France / Belgium
Quevilly Rouen Métropole,France,12.0,0.0,18.0,0.0,30.0,0.0,20,11,9,18,12,30,0.0002763966229071,1,France / Belgium
Les Herbiers VF,France,1.0,0.0,5.0,0.0,6.0,0.0,4,3,1,5,1,6,0.0001237989543949,1,France / Belgium
ASEC Mimosas,Cote d'Ivoire,2.0,0.0,0.0,0.0,2.0,0.0,2,0,2,0,2,2,5.964586928733951e-05,1,France / Belgium
Akhmat Grozny,Russia,4.0,4800000.0,4.0,0.0,8.0,4800000.0,6,3,3,4,4,8,0.0001101252284548,4,Portugal / Brazil
La Suze-sur-Sarthe FC,France,1.0,0.0,0.0,0.0,1.0,0.0,1,0,1,0,1,1,5.964586928733951e-05,1,France / Belgium
AS Lyon-Duchère,France,1.0,0.0,3.0,0.0,4.0,0.0,4,3,1,3,1,4,9.180822978794337e-05,1,France / Belgium
Rovaniemen Palloseura,Finland,3.0,600000.0,1.0,0.0,4.0,600000.0,3,1,2,1,3,4,7.204158512626235e-05,5,Netherlands / Belgium
Montreal Impact,United States,1.0,0.0,19.0,740000.0,20.0,740000.0,9,8,1,19,1,20,0.000219997532049,2,Italy / Romania
ASC Daco-Getica Bukarest,Romania,1.0,0.0,0.0,0.0,1.0,0.0,1,0,1,0,1,1,5.964586928733951e-05,1,France / Belgium
SO Cholet,France,3.0,800000.0,5.0,0.0,8.0,800000.0,5,3,2,5,3,8,0.0001177531751531,1,France / Belgium
SCO Angers U19,France,2.0,0.0,0.0,0.0,2.0,0.0,1,0,1,0,2,2,5.964586928733951e-05,1,France / Belgium
Football Club Mantois,France,1.0,0.0,0.0,0.0,1.0,0.0,1,0,1,0,1,1,5.964586928733951e-05,1,France / Belgium
Los Angeles FC,United States,2.0,0.0,4.0,10700000.0,6.0,10700000.0,6,4,2,4,2,6,9.5270028227169e-05,4,Portugal / Brazil
FCO Dijon U19,France,2.0,0.0,0.0,0.0,2.0,0.0,1,0,1,0,2,2,5.964586928733951e-05,1,France / Belgium
Istanbulspor,Turkey,1.0,2500000.0,0.0,0.0,1.0,2500000.0,1,0,1,0,1,1,5.964586928733951e-05,1,France / Belgium
Arsenal Tula,Russia,2.0,0.0,5.0,0.0,7.0,0.0,7,5,2,5,2,7,0.0001035036580097,1,France / Belgium
Nîmes Olympique B,France,12.0,0.0,0.0,0.0,12.0,0.0,2,0,2,0,12,12,5.964586928733951e-05,1,France / Belgium
Jura Sud Foot,France,1.0,0.0,0.0,0.0,1.0,0.0,1,0,1,0,1,1,5.964586928733951e-05,1,France / Belgium
GD Chaves,Portugal,114.0,13140000.0,131.0,2500000.0,245.0,15640000.0,110,65,45,131,114,245,0.0022512222767317,4,Portugal / Brazil
Racing Strasbourg U19,France,1.0,0.0,0.0,0.0,1.0,0.0,1,0,1,0,1,1,5.964586928733951e-05,1,France / Belgium
AS Trencin,Slovakia,6.0,2200000.0,9.0,0.0,15.0,2200000.0,10,5,5,9,6,15,0.0001821581888178,5,Netherlands / Belgium
Sainte-Geneviève Sports,France,1.0,0.0,0.0,0.0,1.0,0.0,1,0,1,0,1,1,5.964586928733951e-05,1,France / Belgium
Amiens SC U19,France,1.0,0.0,0.0,0.0,1.0,0.0,1,0,1,0,1,1,5.964586928733951e-05,1,France / Belgium
FC Villefranche-Beaujolais,France,3.0,0.0,2.0,0.0,5.0,0.0,5,2,3,2,3,5,8.258986765257658e-05,1,France / Belgium
Maccabi Petah Tikva,Israel,3.0,0.0,7.0,50000.0,10.0,50000.0,10,7,3,7,3,10,0.0001524885959829,1,France / Belgium
AS Vita Club Kinshasa,DR Congo,1.0,300000.0,0.0,0.0,1.0,300000.0,1,0,1,0,1,1,5.964586928733951e-05,1,France / Belgium
Olympique Saint-Quentin,France,1.0,0.0,0.0,0.0,1.0,0.0,1,0,1,0,1,1,5.964586928733951e-05,1,France / Belgium
Kawkab Marrakech,Morocco,1.0,600000.0,0.0,0.0,1.0,600000.0,1,0,1,0,1,1,5.964586928733951e-05,1,France / Belgium
AS Bamako,Mali,1.0,350000.0,0.0,0.0,1.0,350000.0,1,0,1,0,1,1,5.964586928733951e-05,1,France / Belgium
Al-Adalah FC,Saudi Arabia,1.0,0.0,1.0,0.0,2.0,0.0,2,1,1,1,1,2,7.377632737813466e-05,1,France / Belgium
Al Ittihad Kalba Sports Club,United Arab Emirates,1.0,0.0,6.0,3950000.0,7.0,3950000.0,6,5,1,6,1,7,0.0001388132143903,5,Netherlands / Belgium
Pyramids FC,Egypt,1.0,0.0,2.0,600000.0,3.0,600000.0,3,2,1,2,1,3,8.185957278314154e-05,1,France / Belgium
Al-Raed,Saudi Arabia,1.0,0.0,7.0,350000.0,8.0,350000.0,7,6,1,7,1,8,0.0001465298220486,1,France / Belgium
FC Tours B,France,1.0,0.0,0.0,0.0,1.0,0.0,1,0,1,0,1,1,5.964586928733951e-05,1,France / Belgium
Leixões SC Sub-23,Portugal,1.0,2000000.0,0.0,0.0,1.0,2000000.0,1,0,1,0,1,1,5.964586928733951e-05,1,France / Belgium
Chicago Fire FC,United States,3.0,2300000.0,1.0,2000000.0,4.0,4300000.0,4,1,3,1,3,4,6.912527882190355e-05,1,France / Belgium
Afrique Football Elite,Mali,1.0,0.0,0.0,0.0,1.0,0.0,1,0,1,0,1,1,5.964586928733951e-05,1,France / Belgium
Três Passos Atlético Clube,Brazil,1.0,8000000.0,0.0,0.0,1.0,8000000.0,1,0,1,0,1,1,5.964586928733951e-05,1,France / Belgium
CF Pachuca U20,Mexico,1.0,0.0,0.0,0.0,1.0,0.0,1,0,1,0,1,1,5.964586928733951e-05,1,France / Belgium
Racing Club Abidjan,Cote d'Ivoire,3.0,0.0,0.0,0.0,3.0,0.0,1,0,1,0,3,3,5.964586928733951e-05,1,France / Belgium
Altay SK,Turkey,1.0,1500000.0,1.0,0.0,2.0,1500000.0,2,1,1,1,1,2,7.56986998190941e-05,1,France / Belgium
Al-Shabab Riyadh,Saudi Arabia,3.0,0.0,11.0,17700000.0,14.0,17700000.0,14,11,3,11,3,14,0.0001969913191738,3,Spain / Argentina
Diables Noirs Brazzaville,Congo,1.0,800000.0,1.0,0.0,2.0,800000.0,2,1,1,1,1,2,6.866232857344218e-05,1,France / Belgium
FC Chambly,France,2.0,0.0,7.0,0.0,9.0,0.0,6,5,1,7,2,9,0.0001507726347015,1,France / Belgium
Paris FC B,France,1.0,250000.0,2.0,0.0,3.0,250000.0,3,2,1,2,1,3,7.676152589822822e-05,1,France / Belgium
Stade Briochin,France,3.0,0.0,5.0,0.0,8.0,0.0,6,4,2,5,3,8,0.0001086527353282,1,France / Belgium
Le Puy Foot 43 Auvergne,France,4.0,0.0,3.0,0.0,7.0,0.0,6,3,3,3,4,7,9.844188849356774e-05,1,France / Belgium
Millonarios FC,Colombia,4.0,1500000.0,5.0,0.0,9.0,1500000.0,8,5,3,5,4,9,0.0001064758616956,4,Portugal / Brazil
Rainbow FC Kumasi,Ghana,1.0,0.0,0.0,0.0,1.0,0.0,1,0,1,0,1,1,5.964586928733951e-05,1,France / Belgium
Guédiawaye FC,Senegal,1.0,0.0,0.0,0.0,1.0,0.0,1,0,1,0,1,1,5.964586928733951e-05,1,France / Belgium
FC Bastia-Borgo,France,2.0,0.0,3.0,0.0,5.0,0.0,5,3,2,3,2,5,9.4733565738027e-05,1,France / Belgium
Hatayspor,Turkey,3.0,0.0,8.0,0.0,11.0,0.0,11,8,3,8,3,11,0.0001536693434916,1,France / Belgium
FC Dordrecht,Netherlands,86.0,50000.0,89.0,0.0,175.0,50000.0,56,24,32,89,86,175,0.001184503463879,5,Netherlands / Belgium
FC Sète 34,France,2.0,0.0,4.0,0.0,6.0,0.0,6,4,2,4,2,6,9.640056787565206e-05,1,France / Belgium
AS Dakar Sacré-Cœur,Senegal,1.0,0.0,0.0,0.0,1.0,0.0,1,0,1,0,1,1,5.964586928733951e-05,1,France / Belgium
Lyon - La Duchère,France,1.0,0.0,0.0,0.0,1.0,0.0,1,0,1,0,1,1,5.964586928733951e-05,1,France / Belgium
Derby Académie,Mali,1.0,300000.0,0.0,0.0,1.0,300000.0,1,0,1,0,1,1,5.964586928733951e-05,1,France / Belgium
CD Calahorra,Spain,1.0,0.0,1.0,0.0,2.0,0.0,2,1,1,1,1,2,6.914753302789295e-05,1,France / Belgium
FC Sion U21,Switzerland,2.0,0.0,1.0,0.0,3.0,0.0,3,1,2,1,2,3,7.326951090692592e-05,1,France / Belgium
Stade Plabennecois,France,1.0,0.0,0.0,0.0,1.0,0.0,1,0,1,0,1,1,5.964586928733951e-05,1,France / Belgium
Red Bull Bragantino,Brazil,2.0,0.0,6.0,1600000.0,8.0,1600000.0,6,4,2,6,2,8,0.0001139028373127,6,Germany / Austria
Rukh Lviv,Ukraine,1.0,300000.0,0.0,0.0,1.0,300000.0,1,0,1,0,1,1,5.964586928733951e-05,1,France / Belgium
Büyüksehir Belediye Erzurumspor,Turkey,2.0,0.0,5.0,300000.0,7.0,300000.0,7,5,2,5,2,7,0.0001303315732635,1,France / Belgium
JMG Academy Abidjan,Cote d'Ivoire,1.0,0.0,1.0,0.0,2.0,0.0,2,1,1,1,1,2,7.25825747264824e-05,1,France / Belgium
Vendsyssel FF,Denmark,2.0,0.0,5.0,0.0,7.0,0.0,5,3,2,5,2,7,0.0001132406737558,5,Netherlands / Belgium
SC Austria Lustenau,Austria,4.0,0.0,5.0,0.0,9.0,0.0,3,2,1,5,4,9,0.000122039067885,1,France / Belgium
Salitas Football School,Burkina Faso,1.0,0.0,0.0,0.0,1.0,0.0,1,0,1,0,1,1,5.964586928733951e-05,1,France / Belgium
Cuiabá Esporte Clube (MT),Brazil,2.0,0.0,5.0,0.0,7.0,0.0,6,4,2,5,2,7,0.0001267696296972,4,Portugal / Brazil
Clube Futebol Estrela da Amadora,Portugal,20.0,50000.0,5.0,0.0,25.0,50000.0,13,3,10,5,20,25,0.000126789165533,4,Portugal / Brazil
FC Porto U19,Portugal,13.0,0.0,2.0,0.0,15.0,0.0,5,2,3,2,13,15,9.295078759887926e-05,4,Portugal / Brazil
Gloria Bistrita,Romania,3.0,0.0,2.0,0.0,5.0,0.0,5,2,3,2,3,5,8.774067156644535e-05,4,Portugal / Brazil
CD Trofense,Portugal,26.0,0.0,32.0,0.0,58.0,0.0,31,16,15,32,26,58,0.0005676825420676,4,Portugal / Brazil
SC Covilhã,Portugal,62.0,50000.0,66.0,0.0,128.0,50000.0,39,20,19,66,62,128,0.0011483755836623,4,Portugal / Brazil
CD Santa Clara,Portugal,112.0,24235000.0,130.0,1110000.0,242.0,25345000.0,137,76,61,130,112,242,0.0032272496312207,4,Portugal / Brazil
Sporting CP U19,Portugal,10.0,0.0,0.0,0.0,10.0,0.0,2,0,2,0,10,10,5.964586928733951e-05,4,Portugal / Brazil
Atlético CP,Portugal,21.0,0.0,27.0,0.0,48.0,0.0,25,16,9,27,21,48,0.0004290353197322,4,Portugal / Brazil
CD Fátima,Portugal,26.0,0.0,28.0,0.0,54.0,0.0,19,9,10,28,26,54,0.0004737646214311,4,Portugal / Brazil
Brasa Futebol Clube (SP),Brazil,2.0,2000000.0,1.0,0.0,3.0,2000000.0,3,1,2,1,2,3,7.67866513645544e-05,4,Portugal / Brazil
CD Olivais e Moscavide,Portugal,1.0,0.0,0.0,0.0,1.0,0.0,1,0,1,0,1,1,5.964586928733951e-05,4,Portugal / Brazil
Desportivo Aves,Portugal,145.0,2900000.0,160.0,0.0,305.0,2900000.0,152,76,76,160,145,305,0.0029195063714152,4,Portugal / Brazil
Clube Oriental Lissabon,Portugal,7.0,0.0,8.0,0.0,15.0,0.0,14,8,6,8,7,15,0.0001838189906933,4,Portugal / Brazil
FC Timisoara,Romania,2.0,700000.0,3.0,1300000.0,5.0,2000000.0,5,3,2,3,2,5,9.41067932326294e-05,4,Portugal / Brazil
São Carlos Futebol Clube (SP),Brazil,3.0,150000.0,3.0,0.0,6.0,150000.0,6,3,3,3,3,6,0.00011868045856,4,Portugal / Brazil
CD Nacional U19,Portugal,20.0,0.0,0.0,0.0,20.0,0.0,1,0,1,0,20,20,5.964586928733951e-05,4,Portugal / Brazil
Estudiantes de Mérida,Venezuela,1.0,200000.0,1.0,0.0,2.0,200000.0,2,1,1,1,1,2,6.40611233289008e-05,4,Portugal / Brazil
Aigle Noir AC,Haiti,1.0,0.0,0.0,0.0,1.0,0.0,1,0,1,0,1,1,5.964586928733951e-05,4,Portugal / Brazil
Esporte Clube Santo André (SP),Brazil,3.0,50000.0,6.0,0.0,9.0,50000.0,5,3,2,6,3,9,0.0001725804767557,4,Portugal / Brazil
Nueva Chicago,Argentina,2.0,0.0,0.0,0.0,2.0,0.0,2,0,2,0,2,2,5.964586928733951e-05,4,Portugal / Brazil
Paulista Futebol Clube (SP),Brazil,1.0,0.0,1.0,0.0,2.0,0.0,2,1,1,1,1,2,7.260642404501838e-05,4,Portugal / Brazil
SC Espinho,Portugal,11.0,0.0,9.0,0.0,20.0,0.0,17,8,9,9,11,20,0.0002125280720618,4,Portugal / Brazil
SC Freamunde,Portugal,20.0,0.0,17.0,0.0,37.0,0.0,21,10,11,17,20,37,0.0003288929029781,4,Portugal / Brazil
Hanoi FC,Vietnam,2.0,0.0,2.0,0.0,4.0,0.0,4,2,2,2,2,4,8.467143267056882e-05,5,Netherlands / Belgium
Leixões SC U19,Portugal,1.0,0.0,0.0,0.0,1.0,0.0,1,0,1,0,1,1,5.964586928733951e-05,4,Portugal / Brazil
Padroense FC,Portugal,4.0,0.0,2.0,0.0,6.0,0.0,5,2,3,2,4,6,9.5973783318601e-05,4,Portugal / Brazil
SC Esmoriz,Portugal,1.0,0.0,1.0,0.0,2.0,0.0,2,1,1,1,1,2,7.79192864355802e-05,4,Portugal / Brazil
Amarante FC,Portugal,8.0,0.0,5.0,0.0,13.0,0.0,8,3,5,5,8,13,0.0001494606544389,4,Portugal / Brazil
AE Pafos,Cyprus,2.0,0.0,3.0,0.0,5.0,0.0,5,3,2,3,2,5,0.000111343115822,4,Portugal / Brazil
GD Tourizense,Portugal,20.0,0.0,15.0,0.0,35.0,0.0,13,7,6,15,20,35,0.0003004575198276,4,Portugal / Brazil
Frenaros FC,Cyprus,1.0,0.0,1.0,0.0,2.0,0.0,2,1,1,1,1,2,7.910852362643602e-05,4,Portugal / Brazil
Académica Coimbra B,Portugal,1.0,0.0,0.0,0.0,1.0,0.0,1,0,1,0,1,1,5.964586928733951e-05,4,Portugal / Brazil
Académica Coimbra U19,Portugal,15.0,0.0,0.0,0.0,15.0,0.0,1,0,1,0,15,15,5.964586928733951e-05,4,Portugal / Brazil
União de Leiria,Portugal,102.0,4500000.0,108.0,350000.0,210.0,4850000.0,119,61,58,108,102,210,0.0020876990476134,4,Portugal / Brazil
Club 12 de Octubre de Itauguá,Paraguay,2.0,0.0,0.0,0.0,2.0,0.0,1,0,1,0,2,2,5.964586928733951e-05,4,Portugal / Brazil
J.Malucelli Futebol,Brazil,1.0,0.0,0.0,0.0,1.0,0.0,1,0,1,0,1,1,5.964586928733951e-05,4,Portugal / Brazil
Vitória Guimarães SC U19,Portugal,7.0,0.0,0.0,0.0,7.0,0.0,2,0,2,0,7,7,5.964586928733951e-05,4,Portugal / Brazil
SC Maria da Fonte,Portugal,3.0,0.0,2.0,0.0,5.0,0.0,4,2,2,2,3,5,8.624515349752927e-05,4,Portugal / Brazil
Thrasyvoulos Fylis,Greece,1.0,0.0,0.0,0.0,1.0,0.0,1,0,1,0,1,1,5.964586928733951e-05,4,Portugal / Brazil
FK Khimki,Russia,1.0,0.0,2.0,0.0,3.0,0.0,3,2,1,2,1,3,8.676365427383161e-05,5,Netherlands / Belgium
CS Herediano,Costa Rica,1.0,0.0,2.0,0.0,3.0,0.0,3,2,1,2,1,3,0.0001019453111387,4,Portugal / Brazil
Gondomar SC,Portugal,22.0,0.0,21.0,0.0,43.0,0.0,20,11,9,21,22,43,0.0004120555782893,4,Portugal / Brazil
UD Oliveirense,Portugal,31.0,0.0,38.0,0.0,69.0,0.0,30,18,12,38,31,69,0.0006846594789499,4,Portugal / Brazil
Étoile Filante Ouagadougou,Burkina Faso,1.0,0.0,0.0,0.0,1.0,0.0,1,0,1,0,1,1,5.964586928733951e-05,4,Portugal / Brazil
AD Pontassolense,Portugal,2.0,0.0,0.0,0.0,2.0,0.0,2,0,2,0,2,2,5.964586928733951e-05,4,Portugal / Brazil
Villa Rio Esporte Clube (RJ),Brazil,4.0,0.0,4.0,0.0,8.0,0.0,8,4,4,4,4,8,0.0001257935373504,4,Portugal / Brazil
FC Paços de Ferreira U19,Portugal,26.0,0.0,1.0,0.0,27.0,0.0,2,1,1,1,26,27,7.850986611639273e-05,4,Portugal / Brazil
Rebordosa AC,Portugal,6.0,0.0,4.0,0.0,10.0,0.0,3,2,1,4,6,10,0.0001316923193281,4,Portugal / Brazil
Grêmio Esportivo Anápolis (GO),Brazil,36.0,0.0,30.0,0.0,66.0,0.0,26,12,14,30,36,66,0.0005614954068296,4,Portugal / Brazil
Leça FC,Portugal,3.0,0.0,3.0,0.0,6.0,0.0,4,2,2,3,3,6,0.0001114445243515,4,Portugal / Brazil
Foolad FC,Iran,1.0,0.0,0.0,0.0,1.0,0.0,1,0,1,0,1,1,5.964586928733951e-05,4,Portugal / Brazil
Rio Preto Esporte Clube (SP),Brazil,3.0,0.0,2.0,0.0,5.0,0.0,5,2,3,2,3,5,9.023782770773644e-05,4,Portugal / Brazil
Rio Ave FC U19,Portugal,22.0,0.0,0.0,0.0,22.0,0.0,1,0,1,0,22,22,5.964586928733951e-05,4,Portugal / Brazil
FC Pampilhosa,Portugal,4.0,0.0,4.0,0.0,8.0,0.0,5,2,3,4,4,8,0.0001286040444542,4,Portugal / Brazil
Blois Football 41,France,1.0,0.0,0.0,0.0,1.0,0.0,1,0,1,0,1,1,5.964586928733951e-05,4,Portugal / Brazil
Gazélec Football Club Olympique Ajaccio,France,1.0,0.0,1.0,0.0,2.0,0.0,2,1,1,1,1,2,7.654500695831964e-05,1,France / Belgium
Villemomble Sports,France,2.0,0.0,0.0,0.0,2.0,0.0,1,0,1,0,2,2,5.964586928733951e-05,4,Portugal / Brazil
Olympiakos Volou,Greece,2.0,0.0,0.0,0.0,2.0,0.0,2,0,2,0,2,2,5.964586928733951e-05,5,Netherlands / Belgium
RC La Flèche,France,1.0,0.0,0.0,0.0,1.0,0.0,1,0,1,0,1,1,5.964586928733951e-05,4,Portugal / Brazil
SL Nelas,Portugal,1.0,0.0,0.0,0.0,1.0,0.0,1,0,1,0,1,1,5.964586928733951e-05,4,Portugal / Brazil
Arapongas Esporte Clube (PR),Brazil,1.0,0.0,0.0,0.0,1.0,0.0,1,0,1,0,1,1,5.964586928733951e-05,4,Portugal / Brazil
Atromitos Geroskipou,Cyprus,1.0,0.0,0.0,0.0,1.0,0.0,1,0,1,0,1,1,5.964586928733951e-05,4,Portugal / Brazil
Ayamonte CF,Spain,1.0,0.0,0.0,0.0,1.0,0.0,1,0,1,0,1,1,5.964586928733951e-05,4,Portugal / Brazil
Vitória Setúbal FC U19,Portugal,23.0,0.0,0.0,0.0,23.0,0.0,1,0,1,0,23,23,5.964586928733951e-05,4,Portugal / Brazil
CD Pinhalnovense,Portugal,11.0,0.0,15.0,0.0,26.0,0.0,10,5,5,15,11,26,0.0003144082883355,4,Portugal / Brazil
Persija Jakarta,Indonesia,1.0,0.0,0.0,0.0,1.0,0.0,1,0,1,0,1,1,5.964586928733951e-05,4,Portugal / Brazil
Hangzhou Greentown,China,1.0,0.0,0.0,0.0,1.0,0.0,1,0,1,0,1,1,5.964586928733951e-05,4,Portugal / Brazil
GD Lagoa,Portugal,4.0,0.0,1.0,0.0,5.0,0.0,3,1,2,1,4,5,7.619371837183624e-05,4,Portugal / Brazil
Louletano DC,Portugal,12.0,0.0,16.0,0.0,28.0,0.0,17,10,7,16,12,28,0.0003393804119375,4,Portugal / Brazil
CD Mafra,Portugal,24.0,0.0,35.0,0.0,59.0,0.0,33,20,13,35,24,59,0.0006552446333964,4,Portugal / Brazil
FK Hajduk Kula,Serbia,1.0,300000.0,0.0,0.0,1.0,300000.0,1,0,1,0,1,1,5.964586928733951e-05,4,Portugal / Brazil
FC Botosani,Romania,3.0,220000.0,2.0,0.0,5.0,220000.0,4,2,2,2,3,5,7.473523906994632e-05,4,Portugal / Brazil
Rio Branco Esporte Clube (SP),Brazil,1.0,0.0,1.0,0.0,2.0,0.0,2,1,1,1,1,2,7.330550932479465e-05,5,Netherlands / Belgium
Rio Branco Sport Club (PR),Brazil,3.0,0.0,1.0,0.0,4.0,0.0,4,1,3,1,3,4,7.640018143567281e-05,4,Portugal / Brazil
União Leiria U19,Portugal,8.0,0.0,0.0,0.0,8.0,0.0,1,0,1,0,8,8,5.964586928733951e-05,4,Portugal / Brazil
FC Gloria Buzău,Romania,2.0,0.0,0.0,0.0,2.0,0.0,1,0,1,0,2,2,5.964586928733951e-05,4,Portugal / Brazil
GD Maputo,Mozambique,1.0,166000.0,0.0,0.0,1.0,166000.0,1,0,1,0,1,1,5.964586928733951e-05,4,Portugal / Brazil
Vissel Kobe,Japan,1.0,0.0,7.0,930000.0,8.0,930000.0,6,5,1,7,1,8,0.0001315272104025,3,Spain / Argentina
AD Carregado,Portugal,5.0,0.0,6.0,0.0,11.0,0.0,5,3,2,6,5,11,0.0001453891455864,4,Portugal / Brazil
KamAZ Naberezhnye Chelny,Russia,1.0,0.0,0.0,0.0,1.0,0.0,1,0,1,0,1,1,5.964586928733951e-05,4,Portugal / Brazil
Esporte Clube Juventude U20,Brazil,1.0,0.0,0.0,0.0,1.0,0.0,1,0,1,0,1,1,5.964586928733951e-05,4,Portugal / Brazil
Consadole Sapporo,Japan,1.0,0.0,0.0,0.0,1.0,0.0,1,0,1,0,1,1,5.964586928733951e-05,4,Portugal / Brazil
FCSB II,Romania,1.0,0.0,0.0,0.0,1.0,0.0,1,0,1,0,1,1,5.964586928733951e-05,4,Portugal / Brazil
Rubin Kazan II,Russia,1.0,0.0,0.0,0.0,1.0,0.0,1,0,1,0,1,1,5.964586928733951e-05,4,Portugal / Brazil
CA Monzon,Spain,1.0,0.0,0.0,0.0,1.0,0.0,1,0,1,0,1,1,5.964586928733951e-05,4,Portugal / Brazil
Sport Club Internacional B,Brazil,5.0,0.0,2.0,0.0,7.0,0.0,6,2,4,2,5,7,9.46079684007977e-05,4,Portugal / Brazil
Campinense Clube (PB),Brazil,3.0,0.0,0.0,0.0,3.0,0.0,2,0,2,0,3,3,5.964586928733951e-05,4,Portugal / Brazil
Shinnik Yaroslavl,Russia,1.0,0.0,0.0,0.0,1.0,0.0,1,0,1,0,1,1,5.964586928733951e-05,4,Portugal / Brazil
Ankaraspor,Turkey,1.0,0.0,0.0,0.0,1.0,0.0,1,0,1,0,1,1,5.964586928733951e-05,4,Portugal / Brazil
Sertanense FC,Portugal,4.0,0.0,8.0,0.0,12.0,0.0,8,5,3,8,4,12,0.000196639442417,4,Portugal / Brazil
FC Flora Tallinn,Estonia,3.0,50000.0,2.0,0.0,5.0,50000.0,3,1,2,2,3,5,8.02621044165298e-05,5,Netherlands / Belgium
Joinville Esporte Clube (SC),Brazil,4.0,0.0,2.0,0.0,6.0,0.0,6,2,4,2,4,6,8.839810137786973e-05,4,Portugal / Brazil
Esporte Clube Cruzeiro (RS),Brazil,1.0,0.0,0.0,0.0,1.0,0.0,1,0,1,0,1,1,5.964586928733951e-05,4,Portugal / Brazil
Odivelas FC,Portugal,1.0,0.0,1.0,0.0,2.0,0.0,2,1,1,1,1,2,7.120025334415832e-05,4,Portugal / Brazil
Vila Nova Futebol Clube (GO),Brazil,3.0,0.0,4.0,0.0,7.0,0.0,7,4,3,4,3,7,0.000129469610129,4,Portugal / Brazil
FC Penafiel,Portugal,54.0,150000.0,72.0,0.0,126.0,150000.0,58,29,29,72,54,126,0.0012579916324331,4,Portugal / Brazil
América Football Club (RJ),Brazil,1.0,0.0,0.0,0.0,1.0,0.0,1,0,1,0,1,1,5.964586928733951e-05,4,Portugal / Brazil
Juventude Évora SC,Portugal,1.0,0.0,2.0,0.0,3.0,0.0,2,1,1,2,1,3,8.956998864641476e-05,4,Portugal / Brazil
Angra dos Reis Esporte Clube (RJ),Brazil,4.0,0.0,1.0,0.0,5.0,0.0,2,1,1,1,4,5,7.670369264882602e-05,4,Portugal / Brazil
Olé Brasil Futebol Clube (SP),Brazil,3.0,0.0,2.0,0.0,5.0,0.0,3,1,2,2,3,5,8.692332819236128e-05,4,Portugal / Brazil
FC Vizela,Portugal,50.0,331000.0,63.0,0.0,113.0,331000.0,42,22,20,63,50,113,0.0009281982812307,4,Portugal / Brazil
CF Oliveira Douro,Portugal,1.0,0.0,2.0,0.0,3.0,0.0,3,2,1,2,1,3,8.711948793320427e-05,4,Portugal / Brazil
Casa Pia AC,Portugal,17.0,0.0,26.0,0.0,43.0,0.0,17,11,6,26,17,43,0.0005003763795597,4,Portugal / Brazil
Ermis Aradippou,Cyprus,3.0,50000.0,9.0,0.0,12.0,50000.0,7,5,2,9,3,12,0.0002091988771766,4,Portugal / Brazil
Duque de Caxias Futebol Clube (RJ),Brazil,2.0,0.0,1.0,0.0,3.0,0.0,2,1,1,1,2,3,7.435633554352635e-05,4,Portugal / Brazil
Guaratinguetá Futebol Ltda. (SP),Brazil,3.0,0.0,2.0,0.0,5.0,0.0,5,2,3,2,3,5,8.815578609910669e-05,4,Portugal / Brazil
Bangu Atlético Clube (RJ),Brazil,1.0,0.0,1.0,0.0,2.0,0.0,2,1,1,1,1,2,7.64555367092365e-05,4,Portugal / Brazil
SC Mineiro Aljustrelense,Portugal,3.0,0.0,3.0,0.0,6.0,0.0,2,1,1,3,3,6,0.0001110682155189,4,Portugal / Brazil
Ipatinga Futebol Clube (MG),Brazil,1.0,0.0,0.0,0.0,1.0,0.0,1,0,1,0,1,1,5.964586928733951e-05,4,Portugal / Brazil
América Futebol Clube (RN),Brazil,1.0,0.0,2.0,0.0,3.0,0.0,3,2,1,2,1,3,9.80729844843111e-05,4,Portugal / Brazil
SC Vianense,Portugal,1.0,0.0,3.0,0.0,4.0,0.0,3,2,1,3,1,4,0.0001105689472887,4,Portugal / Brazil
Juazeiro Empreendimentos (CE),Brazil,2.0,0.0,1.0,0.0,3.0,0.0,3,1,2,1,2,3,7.640018143567281e-05,4,Portugal / Brazil
SC Beira-Mar U19,Portugal,1.0,0.0,0.0,0.0,1.0,0.0,1,0,1,0,1,1,5.964586928733951e-05,4,Portugal / Brazil
AA Avanca,Portugal,5.0,0.0,1.0,0.0,6.0,0.0,3,1,2,1,5,6,7.79192864355802e-05,4,Portugal / Brazil
Lusitânia FC Lourosa,Portugal,5.0,0.0,6.0,0.0,11.0,0.0,10,5,5,6,5,11,0.0001814531987911,4,Portugal / Brazil
Paraná Clube,Brazil,9.0,3530000.0,6.0,0.0,15.0,3530000.0,14,6,8,6,9,15,0.00011857730424,4,Portugal / Brazil
Ceará Sporting Club,Brazil,4.0,0.0,5.0,0.0,9.0,0.0,9,5,4,5,4,9,0.0001217231777204,4,Portugal / Brazil
Racing Club de Montevideo,Uruguay,2.0,400000.0,0.0,0.0,2.0,400000.0,1,0,1,0,2,2,5.964586928733951e-05,4,Portugal / Brazil
GD Serzedelo,Portugal,3.0,0.0,3.0,0.0,6.0,0.0,4,2,2,3,3,6,0.000105128821584,4,Portugal / Brazil
FC Maia Lidador,Portugal,1.0,0.0,0.0,0.0,1.0,0.0,1,0,1,0,1,1,5.964586928733951e-05,4,Portugal / Brazil
Defensores de Belgrano,Argentina,3.0,0.0,1.0,0.0,4.0,0.0,3,1,2,1,3,4,7.745279161611526e-05,4,Portugal / Brazil
FK Mladost Lucani,Serbia,1.0,0.0,0.0,0.0,1.0,0.0,1,0,1,0,1,1,5.964586928733951e-05,4,Portugal / Brazil
Toledo Esporte Clube (PR),Brazil,2.0,0.0,0.0,0.0,2.0,0.0,1,0,1,0,2,2,5.964586928733951e-05,4,Portugal / Brazil
UD Serra,Portugal,1.0,0.0,1.0,0.0,2.0,0.0,2,1,1,1,1,2,7.704336135078504e-05,4,Portugal / Brazil
GDR Monsanto,Portugal,2.0,0.0,2.0,0.0,4.0,0.0,4,2,2,2,2,4,9.379767349911834e-05,4,Portugal / Brazil
AD Fornos de Algodres,Portugal,2.0,0.0,2.0,0.0,4.0,0.0,4,2,2,2,2,4,9.309998749194252e-05,4,Portugal / Brazil
Clube Esportivo Aimoré (RS),Brazil,2.0,0.0,1.0,0.0,3.0,0.0,3,1,2,1,2,3,7.67866513645544e-05,4,Portugal / Brazil
SC Farense,Portugal,32.0,0.0,43.0,0.0,75.0,0.0,51,26,25,43,32,75,0.0008176687875464,4,Portugal / Brazil
Brasiliense Futebol Clube (DF),Brazil,2.0,0.0,2.0,0.0,4.0,0.0,4,2,2,2,2,4,8.67724667274365e-05,4,Portugal / Brazil
Ihud Bnei Sakhnin,Israel,1.0,0.0,1.0,0.0,2.0,0.0,2,1,1,1,1,2,7.64555367092365e-05,4,Portugal / Brazil
Morrinhos Futebol Clube (GO),Brazil,1.0,0.0,0.0,0.0,1.0,0.0,1,0,1,0,1,1,5.964586928733951e-05,4,Portugal / Brazil
Feyenoord U18,Netherlands,4.0,0.0,0.0,0.0,4.0,0.0,3,0,3,0,4,4,5.964586928733951e-05,5,Netherlands / Belgium
CDR Quarteirense,Portugal,2.0,0.0,3.0,0.0,5.0,0.0,2,1,1,3,2,5,0.0001099170769684,4,Portugal / Brazil
Clube Esportivo de Bento Gonçalves (RS),Brazil,2.0,0.0,0.0,0.0,2.0,0.0,2,0,2,0,2,2,5.964586928733951e-05,4,Portugal / Brazil
Colorado Atletico Clube (PR),Brazil,1.0,0.0,0.0,0.0,1.0,0.0,1,0,1,0,1,1,5.964586928733951e-05,4,Portugal / Brazil
Busan I'Park,"Korea, South",1.0,0.0,0.0,0.0,1.0,0.0,1,0,1,0,1,1,5.964586928733951e-05,4,Portugal / Brazil
Bidvest Wits FC,South Africa,2.0,0.0,3.0,0.0,5.0,0.0,4,2,2,3,2,5,0.0001060873245789,4,Portugal / Brazil
Clube de Desportos do Maxaquene,Mozambique,1.0,0.0,1.0,0.0,2.0,0.0,2,1,1,1,1,2,7.619371837183624e-05,4,Portugal / Brazil
Liga Muçulmana de Maputo,Mozambique,4.0,100000.0,2.0,0.0,6.0,100000.0,5,2,3,2,4,6,9.380422618723092e-05,4,Portugal / Brazil
Portimonense SC U19,Portugal,1.0,0.0,0.0,0.0,1.0,0.0,1,0,1,0,1,1,5.964586928733951e-05,4,Portugal / Brazil
Lobi Stars FC,Nigeria,1.0,0.0,0.0,0.0,1.0,0.0,1,0,1,0,1,1,5.964586928733951e-05,4,Portugal / Brazil
FC Madalena,Portugal,2.0,0.0,2.0,0.0,4.0,0.0,2,1,1,2,2,4,9.392743344176924e-05,4,Portugal / Brazil
AD Lousada,Portugal,4.0,0.0,4.0,0.0,8.0,0.0,5,3,2,4,4,8,0.000119774138288,4,Portugal / Brazil
Clube Operário Desportivo,Portugal,4.0,0.0,3.0,0.0,7.0,0.0,4,2,2,3,4,7,0.0001137695772484,4,Portugal / Brazil
Bucaspor,Turkey,1.0,0.0,3.0,0.0,4.0,0.0,4,3,1,3,1,4,9.42829262504972e-05,4,Portugal / Brazil
GC Alcobaça,Portugal,1.0,0.0,0.0,0.0,1.0,0.0,1,0,1,0,1,1,5.964586928733951e-05,4,Portugal / Brazil
FC Universitatea Cluj,Romania,2.0,0.0,4.0,0.0,6.0,0.0,6,4,2,4,2,6,9.42355407786122e-05,1,France / Belgium
CF Esperança Lagos,Portugal,3.0,0.0,3.0,0.0,6.0,0.0,5,2,3,3,3,6,0.0001101428551291,4,Portugal / Brazil
Independiente FBC,Paraguay,1.0,760000.0,0.0,0.0,1.0,760000.0,1,0,1,0,1,1,5.964586928733951e-05,4,Portugal / Brazil
Feyenoord/Excelsior U19,Netherlands,35.0,0.0,2.0,0.0,37.0,0.0,9,1,8,2,35,37,8.029343886099934e-05,5,Netherlands / Belgium
Coimbra Esporte Clube Ltda (MG),Brazil,2.0,0.0,1.0,0.0,3.0,0.0,3,1,2,1,2,3,7.328459873985044e-05,4,Portugal / Brazil
Recreativo do Libolo,Angola,5.0,0.0,12.0,0.0,17.0,0.0,15,10,5,12,5,17,0.0002560238362058,4,Portugal / Brazil
Santa Maria FC,Portugal,4.0,0.0,4.0,0.0,8.0,0.0,4,2,2,4,4,8,0.0001289168819519,4,Portugal / Brazil
Merelinense FC,Portugal,3.0,0.0,4.0,0.0,7.0,0.0,6,3,3,4,3,7,0.0001178989994629,4,Portugal / Brazil
Associação Portuguesa de Desportos (SP),Brazil,4.0,0.0,4.0,0.0,8.0,0.0,6,3,3,4,4,8,0.0001327809616748,4,Portugal / Brazil
Shooting Stars Sports Club,Nigeria,1.0,0.0,0.0,0.0,1.0,0.0,1,0,1,0,1,1,5.964586928733951e-05,4,Portugal / Brazil
AO Trikala,Greece,1.0,0.0,2.0,0.0,3.0,0.0,3,2,1,2,1,3,8.896093720923211e-05,5,Netherlands / Belgium
ASO Chlef,Algeria,1.0,800000.0,1.0,0.0,2.0,800000.0,2,1,1,1,1,2,6.995151258656672e-05,1,France / Belgium
Club Deportivo Oriente Petrolero,Bolivia,1.0,0.0,0.0,0.0,1.0,0.0,1,0,1,0,1,1,5.964586928733951e-05,4,Portugal / Brazil
AD Limianos,Portugal,2.0,0.0,3.0,0.0,5.0,0.0,5,3,2,3,2,5,0.0001089574407778,4,Portugal / Brazil
Serrano Sport Club (BA),Brazil,1.0,0.0,0.0,0.0,1.0,0.0,1,0,1,0,1,1,5.964586928733951e-05,4,Portugal / Brazil
SE Palmeiras São Paulo U20,Brazil,6.0,0.0,1.0,0.0,7.0,0.0,4,1,3,1,6,7,7.670369264882602e-05,4,Portugal / Brazil
Najran SC,Saudi Arabia,1.0,0.0,1.0,0.0,2.0,0.0,2,1,1,1,1,2,7.670369264882602e-05,4,Portugal / Brazil
AD Camacha,Portugal,7.0,0.0,13.0,0.0,20.0,0.0,9,6,3,13,7,20,0.0002841693880985,4,Portugal / Brazil
Esporte Clube Juventude,Brazil,5.0,0.0,2.0,0.0,7.0,0.0,6,2,4,2,5,7,8.81149570089272e-05,4,Portugal / Brazil
Agremiação Esportiva Canedense (GO),Brazil,1.0,0.0,1.0,0.0,2.0,0.0,2,1,1,1,1,2,7.640293851438257e-05,4,Portugal / Brazil
Volta Redonda Futebol Clube (RJ),Brazil,1.0,0.0,1.0,0.0,2.0,0.0,2,1,1,1,1,2,7.67866513645544e-05,4,Portugal / Brazil
Sociedade Esportiva do Gama (DF),Brazil,2.0,0.0,1.0,0.0,3.0,0.0,3,1,2,1,2,3,7.818996369136462e-05,4,Portugal / Brazil
Esporte Clube Noroeste (SP),Brazil,3.0,0.0,2.0,0.0,5.0,0.0,4,2,2,2,3,5,9.76526180304612e-05,4,Portugal / Brazil
Gil Vicente FC Y19,Portugal,6.0,0.0,0.0,0.0,6.0,0.0,1,0,1,0,6,6,5.964586928733951e-05,4,Portugal / Brazil
GD Oliveira Frades,Portugal,2.0,0.0,1.0,0.0,3.0,0.0,2,1,1,1,2,3,7.818996369136462e-05,4,Portugal / Brazil
Esporte Clube Ipitanga (BA),Brazil,1.0,0.0,0.0,0.0,1.0,0.0,1,0,1,0,1,1,5.964586928733951e-05,4,Portugal / Brazil
Santa Helena Esporte Clube (GO),Brazil,1.0,0.0,0.0,0.0,1.0,0.0,1,0,1,0,1,1,5.964586928733951e-05,4,Portugal / Brazil
Esporte Clube Itaúna (MG),Brazil,1.0,0.0,0.0,0.0,1.0,0.0,1,0,1,0,1,1,5.964586928733951e-05,4,Portugal / Brazil
FC Tirsense,Portugal,5.0,0.0,9.0,0.0,14.0,0.0,7,4,3,9,5,14,0.0002053317087723,4,Portugal / Brazil
Aliados FC Lordelo,Portugal,2.0,0.0,6.0,0.0,8.0,0.0,3,1,2,6,2,8,0.0001605038738187,4,Portugal / Brazil
Sharjah Cultural Sports Club,United Arab Emirates,2.0,0.0,9.0,5200000.0,11.0,5200000.0,10,8,2,9,2,11,0.0001778772228456,4,Portugal / Brazil
GD Velense,Portugal,1.0,0.0,0.0,0.0,1.0,0.0,1,0,1,0,1,1,5.964586928733951e-05,4,Portugal / Brazil
Atlético Clube Juventus (AC),Brazil,2.0,0.0,2.0,0.0,4.0,0.0,4,2,2,2,2,4,9.330456012030008e-05,4,Portugal / Brazil
AC Alcanenense,Portugal,4.0,0.0,2.0,0.0,6.0,0.0,5,2,3,2,4,6,8.132170454123173e-05,4,Portugal / Brazil
FC Brasov,Romania,2.0,0.0,4.0,0.0,6.0,0.0,6,4,2,4,2,6,0.0001192152896505,4,Portugal / Brazil
Atlético SC Reguengos,Portugal,2.0,0.0,3.0,0.0,5.0,0.0,4,2,2,3,2,5,0.0001094029130937,4,Portugal / Brazil
Sport Club Corinthians Paulista B,Brazil,2.0,0.0,0.0,0.0,2.0,0.0,2,0,2,0,2,2,5.964586928733951e-05,4,Portugal / Brazil
Porto Alegre Futebol Clube (RS),Brazil,1.0,0.0,1.0,0.0,2.0,0.0,2,1,1,1,1,2,7.910852362643602e-05,4,Portugal / Brazil
Macaé Esporte Futebol Clube (RJ),Brazil,4.0,0.0,2.0,0.0,6.0,0.0,5,2,3,2,4,6,9.418793903740274e-05,4,Portugal / Brazil
NJ-LUSO Parma,United States,1.0,0.0,0.0,0.0,1.0,0.0,1,0,1,0,1,1,5.964586928733951e-05,4,Portugal / Brazil
Amora FC,Portugal,2.0,0.0,6.0,0.0,8.0,0.0,8,6,2,6,2,8,0.0001595304152411,4,Portugal / Brazil
Sport Club Corinthians Alagoano,Brazil,6.0,1500000.0,3.0,0.0,9.0,1500000.0,4,1,3,3,6,9,0.0001118497323058,4,Portugal / Brazil
Goianésia Esporte Clube (GO),Brazil,1.0,0.0,0.0,0.0,1.0,0.0,1,0,1,0,1,1,5.964586928733951e-05,4,Portugal / Brazil
Clube Recreativo e Atlético Catalano (GO),Brazil,1.0,0.0,0.0,0.0,1.0,0.0,1,0,1,0,1,1,5.964586928733951e-05,4,Portugal / Brazil
Grêmio Barueri Futebol Ltda.,Brazil,1.0,0.0,2.0,0.0,3.0,0.0,3,2,1,2,1,3,8.805843267591063e-05,4,Portugal / Brazil
Rostocker FC 1895,Germany,1.0,0.0,0.0,0.0,1.0,0.0,1,0,1,0,1,1,5.964586928733951e-05,4,Portugal / Brazil
CD Feirense U19,Portugal,9.0,0.0,0.0,0.0,9.0,0.0,1,0,1,0,9,9,5.964586928733951e-05,4,Portugal / Brazil
Rio Claro Futebol Clube (SP),Brazil,3.0,0.0,3.0,0.0,6.0,0.0,4,2,2,3,3,6,8.911311746328744e-05,4,Portugal / Brazil
CD Real Cartagena,Colombia,1.0,0.0,0.0,0.0,1.0,0.0,1,0,1,0,1,1,5.964586928733951e-05,4,Portugal / Brazil
SC União Torreense,Portugal,6.0,0.0,11.0,0.0,17.0,0.0,13,8,5,11,6,17,0.0002501247816033,4,Portugal / Brazil
Daegu FC,"Korea, South",1.0,0.0,2.0,0.0,3.0,0.0,3,2,1,2,1,3,0.0001011962121714,4,Portugal / Brazil
Dacia Chisinau,Moldova,1.0,0.0,0.0,0.0,1.0,0.0,1,0,1,0,1,1,5.964586928733951e-05,4,Portugal / Brazil
SC Olhanense U19,Portugal,2.0,0.0,0.0,0.0,2.0,0.0,1,0,1,0,2,2,5.964586928733951e-05,4,Portugal / Brazil
Asociación Deportivo Pasto,Colombia,1.0,0.0,0.0,0.0,1.0,0.0,1,0,1,0,1,1,5.964586928733951e-05,4,Portugal / Brazil
CD Chivas USA,United States,1.0,0.0,1.0,0.0,2.0,0.0,2,1,1,1,1,2,7.038587746191665e-05,6,Germany / Austria
AS Fortuna du Mfou,Cameroon,1.0,0.0,0.0,0.0,1.0,0.0,1,0,1,0,1,1,5.964586928733951e-05,4,Portugal / Brazil
Germania Schöneiche,Germany,1.0,0.0,0.0,0.0,1.0,0.0,1,0,1,0,1,1,5.964586928733951e-05,4,Portugal / Brazil
Jaguares de Chiapas,Mexico,1.0,8890000.0,0.0,0.0,1.0,8890000.0,1,0,1,0,1,1,5.964586928733951e-05,4,Portugal / Brazil
Västerås SK,Sweden,1.0,3060000.0,0.0,0.0,1.0,3060000.0,1,0,1,0,1,1,5.964586928733951e-05,4,Portugal / Brazil
Grêmio Esportivo Osasco (SP),Brazil,2.0,0.0,2.0,0.0,4.0,0.0,4,2,2,2,2,4,8.805843267591063e-05,4,Portugal / Brazil
Njalla Quan Sport Academy,Cameroon,1.0,0.0,0.0,0.0,1.0,0.0,1,0,1,0,1,1,5.964586928733951e-05,4,Portugal / Brazil
FCM Targu Mures,Romania,1.0,0.0,1.0,0.0,2.0,0.0,2,1,1,1,1,2,7.120025334415832e-05,4,Portugal / Brazil
Moura AC,Portugal,2.0,0.0,1.0,0.0,3.0,0.0,3,1,2,1,2,3,8.136519645654301e-05,4,Portugal / Brazil
ABC Futebol Clube (RN),Brazil,4.0,0.0,0.0,0.0,4.0,0.0,4,0,4,0,4,4,5.964586928733951e-05,4,Portugal / Brazil
Resende Futebol Clube (RJ),Brazil,2.0,0.0,3.0,0.0,5.0,0.0,5,3,2,3,2,5,9.80780529813169e-05,4,Portugal / Brazil
CD Costa do Sol,Mozambique,1.0,0.0,0.0,0.0,1.0,0.0,1,0,1,0,1,1,5.964586928733951e-05,4,Portugal / Brazil
Futebol Clube Santa Cruz (RS),Brazil,2.0,0.0,0.0,0.0,2.0,0.0,2,0,2,0,2,2,5.964586928733951e-05,4,Portugal / Brazil
Al Qadisiyah FC,Saudi Arabia,1.0,0.0,1.0,0.0,2.0,0.0,2,1,1,1,1,2,7.640293851438257e-05,4,Portugal / Brazil
SC Mirandela,Portugal,17.0,0.0,17.0,0.0,34.0,0.0,18,10,8,17,17,34,0.0003599481139135,4,Portugal / Brazil
Atlético Monte Azul (SP),Brazil,4.0,180000.0,3.0,0.0,7.0,180000.0,7,3,4,3,4,7,0.0001118524501337,4,Portugal / Brazil
CS Norte América,Ecuador,1.0,0.0,1.0,0.0,2.0,0.0,2,1,1,1,1,2,7.64555367092365e-05,4,Portugal / Brazil
Criciúma Esporte Clube,Brazil,7.0,0.0,9.0,0.0,16.0,0.0,15,9,6,9,7,16,0.0001858998743628,4,Portugal / Brazil
USM Alger,Algeria,3.0,0.0,3.0,100000.0,6.0,100000.0,6,3,3,3,3,6,0.0001001464125049,4,Portugal / Brazil
Associação Atlética Santa Rita (AL),Brazil,1.0,0.0,0.0,0.0,1.0,0.0,1,0,1,0,1,1,5.964586928733951e-05,4,Portugal / Brazil
Cotia Futebol Clube (SP),Brazil,1.0,0.0,0.0,0.0,1.0,0.0,1,0,1,0,1,1,5.964586928733951e-05,4,Portugal / Brazil
Xäzär Länkäran,Azerbaijan,2.0,0.0,1.0,0.0,3.0,0.0,3,1,2,1,2,3,7.174018350560458e-05,4,Portugal / Brazil
Botafogo Rio de Janeiro U17,Brazil,1.0,0.0,0.0,0.0,1.0,0.0,1,0,1,0,1,1,5.964586928733951e-05,4,Portugal / Brazil
Fluminense Football Club U20,Brazil,3.0,500000.0,1.0,0.0,4.0,500000.0,4,1,3,1,3,4,7.413975049283859e-05,4,Portugal / Brazil
Clube de Regatas Brasil (AL),Brazil,3.0,75000.0,5.0,0.0,8.0,75000.0,8,5,3,5,3,8,0.0001280593787405,4,Portugal / Brazil
AD Oeiras,Portugal,4.0,0.0,3.0,0.0,7.0,0.0,7,3,4,3,4,7,0.0001115089858223,4,Portugal / Brazil
Chornomorets Odessa,Ukraine,3.0,0.0,10.0,900000.0,13.0,900000.0,12,9,3,10,3,13,0.0001923310539576,4,Portugal / Brazil
Wadi Degla FC U23,Egypt,1.0,40000.0,0.0,0.0,1.0,40000.0,1,0,1,0,1,1,5.964586928733951e-05,4,Portugal / Brazil
Canoas Sport Club (RS),Brazil,1.0,0.0,0.0,0.0,1.0,0.0,1,0,1,0,1,1,5.964586928733951e-05,4,Portugal / Brazil
Tractor Sazi FC,Iran,1.0,0.0,3.0,0.0,4.0,0.0,4,3,1,3,1,4,0.0001025617709667,4,Portugal / Brazil
Vilaverdense FC,Portugal,5.0,0.0,8.0,0.0,13.0,0.0,7,4,3,8,5,13,0.0001854483136406,4,Portugal / Brazil
Karsiyaka,Turkey,1.0,0.0,1.0,0.0,2.0,0.0,2,1,1,1,1,2,6.394781414062478e-05,4,Portugal / Brazil
Home United,Singapore,1.0,0.0,0.0,0.0,1.0,0.0,1,0,1,0,1,1,5.964586928733951e-05,4,Portugal / Brazil
CR Belouizdad,Algeria,1.0,300000.0,0.0,0.0,1.0,300000.0,1,0,1,0,1,1,5.964586928733951e-05,4,Portugal / Brazil
Esporte Clube Primavera (SP),Brazil,1.0,0.0,0.0,0.0,1.0,0.0,1,0,1,0,1,1,5.964586928733951e-05,4,Portugal / Brazil
CD Portosantense,Portugal,1.0,0.0,1.0,0.0,2.0,0.0,2,1,1,1,1,2,7.640293851438257e-05,4,Portugal / Brazil
Nacional Futebol Clube (AM),Brazil,1.0,0.0,1.0,0.0,2.0,0.0,2,1,1,1,1,2,7.67866513645544e-05,4,Portugal / Brazil
Tacuary Football Club,Paraguay,3.0,0.0,3.0,0.0,6.0,0.0,3,2,1,3,3,6,0.0001054818174985,4,Portugal / Brazil
Friburguense Atlético Clube (RJ),Brazil,1.0,0.0,0.0,0.0,1.0,0.0,1,0,1,0,1,1,5.964586928733951e-05,4,Portugal / Brazil
GD Alcochetense,Portugal,1.0,0.0,3.0,0.0,4.0,0.0,2,1,1,3,1,4,0.0001110682155189,4,Portugal / Brazil
Madureira Esporte Clube (RJ),Brazil,6.0,400000.0,3.0,0.0,9.0,400000.0,5,2,3,3,6,9,0.0001089182825362,4,Portugal / Brazil
Omonia Nicosia,Cyprus,7.0,0.0,20.0,0.0,27.0,0.0,22,17,5,20,7,27,0.0003148479701492,4,Portugal / Brazil
Estoril Praia U19,Portugal,7.0,0.0,0.0,0.0,7.0,0.0,1,0,1,0,7,7,5.964586928733951e-05,4,Portugal / Brazil
Treze Futebol Clube (PB),Brazil,2.0,0.0,1.0,0.0,3.0,0.0,3,1,2,1,2,3,7.64555367092365e-05,4,Portugal / Brazil
Vejle Boldklub Kolding,Denmark,1.0,0.0,1.0,0.0,2.0,0.0,2,1,1,1,1,2,7.259140107950654e-05,0,England / Scotland
Sport Club Santa Rita (AL),Brazil,3.0,35000.0,3.0,0.0,6.0,35000.0,2,1,1,3,3,6,0.0001118497323058,4,Portugal / Brazil
Tudu Mighty Jets,Ghana,1.0,0.0,0.0,0.0,1.0,0.0,1,0,1,0,1,1,5.964586928733951e-05,4,Portugal / Brazil
UD Tocha,Portugal,1.0,0.0,3.0,0.0,4.0,0.0,4,3,1,3,1,4,0.0001132641234476,4,Portugal / Brazil
AEL Limassol,Cyprus,13.0,0.0,19.0,0.0,32.0,0.0,24,16,8,19,13,32,0.0003268378353518,4,Portugal / Brazil
FC Chibuto,Mozambique,1.0,0.0,0.0,0.0,1.0,0.0,1,0,1,0,1,1,5.964586928733951e-05,4,Portugal / Brazil
AC Vila Meã,Portugal,1.0,0.0,1.0,0.0,2.0,0.0,2,1,1,1,1,2,7.64555367092365e-05,4,Portugal / Brazil
Navy FC,Thailand,1.0,0.0,0.0,0.0,1.0,0.0,1,0,1,0,1,1,5.964586928733951e-05,4,Portugal / Brazil
Orlando City Soccer Club,United States,1.0,0.0,0.0,0.0,1.0,0.0,1,0,1,0,1,1,5.964586928733951e-05,4,Portugal / Brazil
Fluminense Football Club U17,Brazil,1.0,0.0,0.0,0.0,1.0,0.0,1,0,1,0,1,1,5.964586928733951e-05,4,Portugal / Brazil
AO Platanias,Greece,3.0,250000.0,5.0,0.0,8.0,250000.0,8,5,3,5,3,8,0.0001255120190378,4,Portugal / Brazil
Académico Viseu FC,Portugal,19.0,500000.0,41.0,0.0,60.0,500000.0,28,18,10,41,19,60,0.000758936731813,4,Portugal / Brazil
SC Salgueiros,Portugal,8.0,0.0,17.0,0.0,25.0,0.0,16,10,6,17,8,25,0.0003598382491406,4,Portugal / Brazil
Olimpia Asunción,Paraguay,3.0,0.0,3.0,0.0,6.0,0.0,6,3,3,3,3,6,0.0001022519551708,4,Portugal / Brazil
FC Porto U17,Portugal,1.0,0.0,0.0,0.0,1.0,0.0,1,0,1,0,1,1,5.964586928733951e-05,4,Portugal / Brazil
FK Qabala,Azerbaijan,4.0,0.0,8.0,0.0,12.0,0.0,12,8,4,8,4,12,0.0001521276470051,4,Portugal / Brazil
SU Sintrense,Portugal,7.0,0.0,9.0,0.0,16.0,0.0,6,4,2,9,7,16,0.0001993950730127,4,Portugal / Brazil
El Mokawloon SC,Egypt,2.0,0.0,2.0,0.0,4.0,0.0,2,1,1,2,2,4,9.376151601031244e-05,4,Portugal / Brazil
Uniautónoma FC,Colombia,1.0,0.0,0.0,0.0,1.0,0.0,1,0,1,0,1,1,5.964586928733951e-05,4,Portugal / Brazil
Club Sportivo Sergipe (SE),Brazil,1.0,0.0,0.0,0.0,1.0,0.0,1,0,1,0,1,1,5.964586928733951e-05,4,Portugal / Brazil
Barra Futebol Clube (SC),Brazil,2.0,0.0,3.0,0.0,5.0,0.0,5,3,2,3,2,5,0.0001081384231762,4,Portugal / Brazil
Associação Ferroviária de Esportes (SP),Brazil,5.0,0.0,3.0,0.0,8.0,0.0,8,3,5,3,5,8,0.0001192303322985,4,Portugal / Brazil
SB Castelo Branco,Portugal,11.0,0.0,9.0,0.0,20.0,0.0,15,6,9,9,11,20,0.000230689452455,4,Portugal / Brazil
Mortágua FC,Portugal,2.0,0.0,0.0,0.0,2.0,0.0,2,0,2,0,2,2,5.964586928733951e-05,4,Portugal / Brazil
Clube Sociedade Esportiva (AL),Brazil,1.0,0.0,0.0,0.0,1.0,0.0,1,0,1,0,1,1,5.964586928733951e-05,4,Portugal / Brazil
Botafogo Sport Club (BA),Brazil,1.0,0.0,1.0,0.0,2.0,0.0,2,1,1,1,1,2,7.704715696018789e-05,4,Portugal / Brazil
Qatar SC,Qatar,3.0,0.0,6.0,2360000.0,9.0,2360000.0,9,6,3,6,3,9,0.0001222304716639,4,Portugal / Brazil
Kaposvári Rákóczi FC,Hungary,1.0,0.0,1.0,0.0,2.0,0.0,2,1,1,1,1,2,6.955794533801583e-05,4,Portugal / Brazil
Club Atlético Torque,Uruguay,2.0,0.0,2.0,0.0,4.0,0.0,4,2,2,2,2,4,8.382877666406189e-05,5,Netherlands / Belgium
Tala'ea El Gaish,Egypt,1.0,200000.0,0.0,0.0,1.0,200000.0,1,0,1,0,1,1,5.964586928733951e-05,4,Portugal / Brazil
Charity Stars FC,Ghana,1.0,0.0,0.0,0.0,1.0,0.0,1,0,1,0,1,1,5.964586928733951e-05,4,Portugal / Brazil
Otelul Galati,Romania,2.0,0.0,1.0,0.0,3.0,0.0,3,1,2,1,2,3,7.680104607202209e-05,4,Portugal / Brazil
FC Tosno (-2018),Russia,2.0,0.0,2.0,0.0,4.0,0.0,4,2,2,2,2,4,9.907023939118984e-05,4,Portugal / Brazil
Petrolul Ploiesti,Romania,2.0,0.0,7.0,0.0,9.0,0.0,9,7,2,7,2,9,0.0001195074124331,2,Italy / Romania
Associação Desportiva Cabofriense (RJ),Brazil,1.0,0.0,0.0,0.0,1.0,0.0,1,0,1,0,1,1,5.964586928733951e-05,4,Portugal / Brazil
Sampaio Corrêa Futebol Clube (MA),Brazil,3.0,0.0,3.0,0.0,6.0,0.0,5,2,3,3,3,6,0.0001107658902786,4,Portugal / Brazil
Petrojet,Egypt,1.0,0.0,0.0,0.0,1.0,0.0,1,0,1,0,1,1,5.964586928733951e-05,4,Portugal / Brazil
El Masry SC,Egypt,1.0,0.0,0.0,0.0,1.0,0.0,1,0,1,0,1,1,5.964586928733951e-05,4,Portugal / Brazil
FC Comercial de Viçosa,Brazil,1.0,0.0,1.0,0.0,2.0,0.0,2,1,1,1,1,2,7.64555367092365e-05,4,Portugal / Brazil
GD Joane,Portugal,2.0,0.0,2.0,0.0,4.0,0.0,4,2,2,2,2,4,9.271673547875152e-05,4,Portugal / Brazil
FC Lixa,Portugal,1.0,0.0,0.0,0.0,1.0,0.0,1,0,1,0,1,1,5.964586928733951e-05,4,Portugal / Brazil
Shandong Taishan Reserves,China,1.0,0.0,0.0,0.0,1.0,0.0,1,0,1,0,1,1,5.964586928733951e-05,4,Portugal / Brazil
Sport Club São Paulo (RS),Brazil,1.0,0.0,1.0,0.0,2.0,0.0,2,1,1,1,1,2,7.680104607202209e-05,4,Portugal / Brazil
Santos FC B,Brazil,1.0,0.0,0.0,0.0,1.0,0.0,1,0,1,0,1,1,5.964586928733951e-05,4,Portugal / Brazil
FC Shirak Gyumri,Armenia,1.0,0.0,0.0,0.0,1.0,0.0,1,0,1,0,1,1,5.964586928733951e-05,4,Portugal / Brazil
Boavista FC Y19,Portugal,15.0,0.0,1.0,0.0,16.0,0.0,2,1,1,1,15,16,8.126331706241422e-05,4,Portugal / Brazil
Zawisza Bydgoszcz,Poland,2.0,0.0,5.0,150000.0,7.0,150000.0,7,5,2,5,2,7,0.0001416566285623,4,Portugal / Brazil
Centro Sportivo Paraibano (PB),Brazil,3.0,500000.0,2.0,0.0,5.0,500000.0,4,2,2,2,3,5,8.966424740650486e-05,4,Portugal / Brazil
Ordabasy Shymkent,Kazakhstan,1.0,0.0,1.0,0.0,2.0,0.0,2,1,1,1,1,2,7.670369264882602e-05,4,Portugal / Brazil
Moreirense FC U19,Portugal,5.0,0.0,0.0,0.0,5.0,0.0,1,0,1,0,5,5,5.964586928733951e-05,4,Portugal / Brazil
Benfica Luanda,Angola,2.0,0.0,3.0,0.0,5.0,0.0,4,2,2,3,2,5,0.0001035768464435,4,Portugal / Brazil
CF Mounana,Gabon,1.0,0.0,1.0,0.0,2.0,0.0,2,1,1,1,1,2,8.126331706241422e-05,4,Portugal / Brazil
AD Oliveirense,Portugal,14.0,0.0,10.0,0.0,24.0,0.0,16,7,9,10,14,24,0.0002476216114878,4,Portugal / Brazil
Mordovia Saransk (-2020),Russia,2.0,0.0,2.0,0.0,4.0,0.0,2,1,1,2,2,4,8.235534934150878e-05,4,Portugal / Brazil
Clube Atlético Penapolense (SP),Brazil,2.0,600000.0,1.0,0.0,3.0,600000.0,3,1,2,1,2,3,7.670369264882602e-05,4,Portugal / Brazil
Cianorte Futebol Clube (PR),Brazil,3.0,2000000.0,2.0,0.0,5.0,2000000.0,4,2,2,2,3,5,8.865925457677304e-05,4,Portugal / Brazil
Liga Desportiva de Maputo,Mozambique,1.0,0.0,5.0,0.0,6.0,0.0,3,2,1,5,1,6,0.0001593769196292,4,Portugal / Brazil
Lusitano FCV,Portugal,4.0,0.0,3.0,0.0,7.0,0.0,5,2,3,3,4,7,0.0001088093537123,4,Portugal / Brazil
FC Pedras Rubras,Portugal,6.0,0.0,6.0,0.0,12.0,0.0,8,3,5,6,6,12,0.0001767602170028,4,Portugal / Brazil
CD Sobrado,Portugal,1.0,0.0,2.0,0.0,3.0,0.0,3,2,1,2,1,3,9.625725684938755e-05,4,Portugal / Brazil
Londrina Esporte Clube (PR),Brazil,12.0,50000.0,8.0,0.0,20.0,50000.0,10,5,5,8,12,20,0.000193020940824,4,Portugal / Brazil
AOK Kerkyra,Greece,2.0,0.0,2.0,0.0,4.0,0.0,3,1,2,2,2,4,9.392743344176924e-05,4,Portugal / Brazil
Balikesirspor,Turkey,1.0,0.0,6.0,570000.0,7.0,570000.0,7,6,1,6,1,7,0.0001226677917181,4,Portugal / Brazil
FC Felgueiras 1932,Portugal,12.0,0.0,18.0,0.0,30.0,0.0,15,9,6,18,12,30,0.0003731745817242,4,Portugal / Brazil
Mogi Mirim Esporte Clube (SP),Brazil,1.0,0.0,2.0,0.0,3.0,0.0,3,2,1,2,1,3,8.848754491150843e-05,4,Portugal / Brazil
Operário Futebol Clube Ltda. (MT),Brazil,1.0,0.0,1.0,0.0,2.0,0.0,2,1,1,1,1,2,7.328459873985044e-05,4,Portugal / Brazil
SC Vila Real,Portugal,7.0,0.0,4.0,0.0,11.0,0.0,4,2,2,4,7,11,0.000140759411382,4,Portugal / Brazil
BFC Daugavpils,Latvia,2.0,0.0,2.0,0.0,4.0,0.0,2,1,1,2,2,4,0.0001028807648374,4,Portugal / Brazil
FK Kruoja Pakruojis (-2015),Lithuania,1.0,0.0,2.0,0.0,3.0,0.0,3,2,1,2,1,3,8.606867557520396e-05,4,Portugal / Brazil
CCD Santa Eulália Vizela,Portugal,1.0,0.0,2.0,0.0,3.0,0.0,3,2,1,2,1,3,9.752451583192922e-05,4,Portugal / Brazil
AD Fafe,Portugal,10.0,0.0,11.0,0.0,21.0,0.0,14,7,7,11,10,21,0.0002438688869541,4,Portugal / Brazil
Sociedade Esportiva Itapirense (SP),Brazil,1.0,0.0,1.0,0.0,2.0,0.0,2,1,1,1,1,2,7.640018143567281e-05,4,Portugal / Brazil
Anadia FC,Portugal,3.0,0.0,5.0,0.0,8.0,0.0,7,4,3,5,3,8,0.0001433425846705,4,Portugal / Brazil
Al-Ahly Tripoli,Libya,1.0,0.0,0.0,0.0,1.0,0.0,1,0,1,0,1,1,5.964586928733951e-05,4,Portugal / Brazil
CA Petróleos Luanda,Angola,1.0,0.0,5.0,0.0,6.0,0.0,6,5,1,5,1,6,0.0001401625459901,4,Portugal / Brazil
SER Caxias do Sul (RS),Brazil,2.0,0.0,1.0,0.0,3.0,0.0,3,1,2,1,2,3,7.67866513645544e-05,4,Portugal / Brazil
FC Arouca U19,Portugal,2.0,0.0,0.0,0.0,2.0,0.0,1,0,1,0,2,2,5.964586928733951e-05,4,Portugal / Brazil
SKA-Energia Khabarovsk,Russia,1.0,0.0,0.0,0.0,1.0,0.0,1,0,1,0,1,1,5.964586928733951e-05,4,Portugal / Brazil
CD Tondela U19,Portugal,10.0,0.0,0.0,0.0,10.0,0.0,1,0,1,0,10,10,5.964586928733951e-05,4,Portugal / Brazil
Bolívar La Paz U20,Bolivia,1.0,0.0,0.0,0.0,1.0,0.0,1,0,1,0,1,1,5.964586928733951e-05,4,Portugal / Brazil
AD Sanjoanense,Portugal,9.0,0.0,9.0,0.0,18.0,0.0,12,5,7,9,9,18,0.00021289332348,4,Portugal / Brazil
Esporte Clube Tigres do Brasil (RJ),Brazil,1.0,0.0,0.0,0.0,1.0,0.0,1,0,1,0,1,1,5.964586928733951e-05,4,Portugal / Brazil
Khaitan Sporting Club,Kuwait,1.0,0.0,0.0,0.0,1.0,0.0,1,0,1,0,1,1,5.964586928733951e-05,4,Portugal / Brazil
Concordia Chiajna,Romania,2.0,0.0,1.0,0.0,3.0,0.0,3,1,2,1,2,3,6.57982052096803e-05,4,Portugal / Brazil
Paysandu Sport Club (PA),Brazil,5.0,0.0,4.0,0.0,9.0,0.0,9,4,5,4,5,9,0.000113260846681,4,Portugal / Brazil
Sanliurfaspor,Turkey,4.0,0.0,5.0,0.0,9.0,0.0,9,5,4,5,4,9,0.0001127074446176,4,Portugal / Brazil
Olimpia Grudziadz,Poland,1.0,0.0,0.0,0.0,1.0,0.0,1,0,1,0,1,1,5.964586928733951e-05,4,Portugal / Brazil
Tupi Football Club (MG),Brazil,1.0,0.0,2.0,0.0,3.0,0.0,3,2,1,2,1,3,9.166575232836364e-05,4,Portugal / Brazil
Chongqing Lifan,China,1.0,0.0,3.0,1250000.0,4.0,1250000.0,3,2,1,3,1,4,0.000101408217886,4,Portugal / Brazil
Blooming Santa Cruz,Bolivia,1.0,0.0,0.0,0.0,1.0,0.0,1,0,1,0,1,1,5.964586928733951e-05,4,Portugal / Brazil
Club Jorge Wilstermann,Bolivia,1.0,0.0,1.0,0.0,2.0,0.0,2,1,1,1,1,2,7.590706805685459e-05,4,Portugal / Brazil
Kabuscorp SC do Palanca,Angola,1.0,0.0,2.0,0.0,3.0,0.0,3,2,1,2,1,3,9.359631878645134e-05,4,Portugal / Brazil
SG Sacavenense,Portugal,3.0,0.0,3.0,0.0,6.0,0.0,4,2,2,3,3,6,0.0001101886322112,4,Portugal / Brazil
Portland Timbers,United States,2.0,0.0,5.0,0.0,7.0,0.0,7,5,2,5,2,7,0.0001312079573898,0,England / Scotland
Al-Wakrah SC,Qatar,2.0,0.0,6.0,0.0,8.0,0.0,7,5,2,6,2,8,0.0001261087020369,5,Netherlands / Belgium
Akhisar Belediyespor,Turkey,2.0,0.0,8.0,0.0,10.0,0.0,7,6,1,8,2,10,0.0001601130682459,4,Portugal / Brazil
Internacional de Lages,Brazil,3.0,0.0,2.0,0.0,5.0,0.0,5,2,3,2,3,5,8.530881766226125e-05,4,Portugal / Brazil
Club Atlético Unión,Argentina,1.0,0.0,1.0,0.0,2.0,0.0,2,1,1,1,1,2,7.745279161611526e-05,4,Portugal / Brazil
Tapajós Futebol Clube (PA),Brazil,1.0,0.0,0.0,0.0,1.0,0.0,1,0,1,0,1,1,5.964586928733951e-05,4,Portugal / Brazil
Meizhou Hakka,China,1.0,0.0,2.0,100000.0,3.0,100000.0,3,2,1,2,1,3,9.192865400466168e-05,5,Netherlands / Belgium
Girnyk-Sport Gorishni Plavni,Ukraine,1.0,0.0,0.0,0.0,1.0,0.0,1,0,1,0,1,1,5.964586928733951e-05,4,Portugal / Brazil
ACS Poli Timisoara,Romania,1.0,0.0,5.0,0.0,6.0,0.0,5,4,1,5,1,6,9.680513237780696e-05,2,Italy / Romania
Zira FC,Azerbaijan,3.0,100000.0,1.0,0.0,4.0,100000.0,4,1,3,1,3,4,7.67866513645544e-05,4,Portugal / Brazil
MO Béjaïa,Algeria,1.0,0.0,0.0,0.0,1.0,0.0,1,0,1,0,1,1,5.964586928733951e-05,4,Portugal / Brazil
SD Compostela,Spain,1.0,0.0,1.0,0.0,2.0,0.0,2,1,1,1,1,2,7.670369264882602e-05,4,Portugal / Brazil
São Bernardo Futebol Clube (SP),Brazil,3.0,0.0,1.0,0.0,4.0,0.0,4,1,3,1,3,4,7.328459873985044e-05,4,Portugal / Brazil
Centro Sportivo Alagoano (AL),Brazil,8.0,0.0,6.0,0.0,14.0,0.0,10,5,5,6,8,14,0.0001549165973228,4,Portugal / Brazil
Botafogo Futebol Clube (SP),Brazil,2.0,0.0,3.0,0.0,5.0,0.0,5,3,2,3,2,5,9.90120393747029e-05,4,Portugal / Brazil
Al-Mesaimeer Sports Club,Qatar,1.0,0.0,1.0,0.0,2.0,0.0,2,1,1,1,1,2,7.64555367092365e-05,4,Portugal / Brazil
Ironi Kiryat Shmona,Israel,1.0,0.0,4.0,0.0,5.0,0.0,5,4,1,4,1,5,0.0001060616879489,4,Portugal / Brazil
Giresunspor,Turkey,2.0,0.0,1.0,0.0,3.0,0.0,3,1,2,1,2,3,6.843884881829069e-05,6,Germany / Austria
Unisport de Bafang,Cameroon,1.0,0.0,0.0,0.0,1.0,0.0,1,0,1,0,1,1,5.964586928733951e-05,4,Portugal / Brazil
FC Cesarense,Portugal,6.0,0.0,6.0,0.0,12.0,0.0,4,2,2,6,6,12,0.0001793184640572,4,Portugal / Brazil
GD Gafanha,Portugal,8.0,0.0,6.0,0.0,14.0,0.0,4,2,2,6,8,14,0.0001759744334304,4,Portugal / Brazil
SC São João Ver,Portugal,3.0,0.0,3.0,0.0,6.0,0.0,4,2,2,3,3,6,0.0001211541819857,4,Portugal / Brazil
Oeste Futebol Clube (SP),Brazil,1.0,0.0,2.0,0.0,3.0,0.0,3,2,1,2,1,3,8.954470371844929e-05,4,Portugal / Brazil
FC Barreirense,Portugal,1.0,0.0,1.0,0.0,2.0,0.0,2,1,1,1,1,2,7.67866513645544e-05,4,Portugal / Brazil
FC Stumbras Kaunas (-2019),Lithuania,3.0,0.0,2.0,0.0,5.0,0.0,4,2,2,2,3,5,9.566504290107536e-05,4,Portugal / Brazil
NorthEast United FC,India,1.0,0.0,5.0,0.0,6.0,0.0,6,5,1,5,1,6,0.000132321117576,4,Portugal / Brazil
Bucheon FC 1995,"Korea, South",1.0,0.0,2.0,0.0,3.0,0.0,3,2,1,2,1,3,9.009426616174734e-05,4,Portugal / Brazil
Cherno More Varna,Bulgaria,1.0,0.0,0.0,0.0,1.0,0.0,1,0,1,0,1,1,5.9645869287338735e-05,4,Portugal / Brazil
FK Zalgiris Vilnius,Lithuania,1.0,0.0,5.0,0.0,6.0,0.0,6,5,1,5,1,6,0.0001274350995955,1,France / Belgium
Gaz Metan Medias,Romania,2.0,0.0,8.0,0.0,10.0,0.0,9,7,2,8,2,10,0.0001805548015274,4,Portugal / Brazil
SC Braga U17,Portugal,1.0,0.0,0.0,0.0,1.0,0.0,1,0,1,0,1,1,5.964586928733951e-05,4,Portugal / Brazil
FC Ashdod,Israel,1.0,0.0,2.0,25000.0,3.0,25000.0,3,2,1,2,1,3,8.67269333645344e-05,1,France / Belgium
AA Aparecidense (GO),Brazil,1.0,0.0,0.0,0.0,1.0,0.0,1,0,1,0,1,1,5.964586928733951e-05,4,Portugal / Brazil
AR São Martinho,Portugal,3.0,0.0,2.0,0.0,5.0,0.0,4,1,3,2,3,5,0.0001028807648374,4,Portugal / Brazil
Juventude de Pedras Salgadas,Portugal,13.0,0.0,5.0,0.0,18.0,0.0,5,2,3,5,13,18,0.0001439283683898,4,Portugal / Brazil
Terengganu FC,Malaysia,1.0,0.0,0.0,0.0,1.0,0.0,1,0,1,0,1,1,5.964586928733951e-05,4,Portugal / Brazil
Salgueiro Atlético Clube (PE),Brazil,1.0,0.0,1.0,0.0,2.0,0.0,2,1,1,1,1,2,7.670369264882602e-05,4,Portugal / Brazil
CD Aves B,Portugal,4.0,0.0,0.0,0.0,4.0,0.0,1,0,1,0,4,4,5.964586928733951e-05,4,Portugal / Brazil
SU 1º Dezembro,Portugal,3.0,0.0,2.0,0.0,5.0,0.0,3,1,2,2,3,5,8.956998864641476e-05,4,Portugal / Brazil
GD Estoril Praia U17,Portugal,1.0,0.0,0.0,0.0,1.0,0.0,1,0,1,0,1,1,5.964586928733951e-05,4,Portugal / Brazil
USD Sestri Levante 1919,Italy,1.0,0.0,3.0,0.0,4.0,0.0,4,3,1,3,1,4,8.228919336636664e-05,2,Italy / Romania
Independiente Santa Fe,Colombia,2.0,0.0,3.0,0.0,5.0,0.0,5,3,2,3,2,5,9.302487746513984e-05,4,Portugal / Brazil
Manama Club,Bahrain,1.0,0.0,0.0,0.0,1.0,0.0,1,0,1,0,1,1,5.964586928733951e-05,4,Portugal / Brazil
Moto Club de São Luís (MA),Brazil,1.0,0.0,0.0,0.0,1.0,0.0,1,0,1,0,1,1,5.964586928733951e-05,4,Portugal / Brazil
Recreativo Águias Musgueira,Portugal,1.0,0.0,0.0,0.0,1.0,0.0,1,0,1,0,1,1,5.964586928733951e-05,4,Portugal / Brazil
Dibba Al-Hisn,United Arab Emirates,1.0,0.0,1.0,0.0,2.0,0.0,2,1,1,1,1,2,7.680104607202209e-05,4,Portugal / Brazil
Red Bull Brasil (SP),Brazil,2.0,0.0,1.0,0.0,3.0,0.0,3,1,2,1,2,3,7.590706805685459e-05,4,Portugal / Brazil
Varzim SC B,Portugal,1.0,0.0,2.0,0.0,3.0,0.0,3,2,1,2,1,3,9.533074576857954e-05,4,Portugal / Brazil
Akhisarspor,Turkey,1.0,0.0,2.0,0.0,3.0,0.0,3,2,1,2,1,3,8.207288524266407e-05,0,England / Scotland
MC El Eulma,Algeria,1.0,0.0,0.0,0.0,1.0,0.0,1,0,1,0,1,1,5.964586928733951e-05,4,Portugal / Brazil
FC Infesta,Portugal,1.0,0.0,0.0,0.0,1.0,0.0,1,0,1,0,1,1,5.964586928733951e-05,4,Portugal / Brazil
OFK Grbalj U19,Montenegro,1.0,0.0,0.0,0.0,1.0,0.0,1,0,1,0,1,1,5.964586928733951e-05,4,Portugal / Brazil
GD Fabril Barreiro,Portugal,1.0,0.0,1.0,0.0,2.0,0.0,2,1,1,1,1,2,7.67866513645544e-05,4,Portugal / Brazil
FK Jerv,Norway,1.0,0.0,1.0,0.0,2.0,0.0,2,1,1,1,1,2,8.126331706241422e-05,4,Portugal / Brazil
Vegalta Sendai,Japan,2.0,0.0,2.0,46000.0,4.0,46000.0,4,2,2,2,2,4,8.624515349752927e-05,4,Portugal / Brazil
CD Cova Piedade,Portugal,8.0,0.0,13.0,0.0,21.0,0.0,13,7,6,13,8,21,0.0002790072423922,4,Portugal / Brazil
UD Vilafranquense,Portugal,4.0,0.0,13.0,0.0,17.0,0.0,14,10,4,13,4,17,0.0002778171928629,4,Portugal / Brazil
Sepahan FC,Iran,4.0,500000.0,1.0,500000.0,5.0,1000000.0,5,1,4,1,4,5,8.413838880999685e-05,4,Portugal / Brazil
Shijiazhuang Ever Bright,China,1.0,0.0,4.0,3900000.0,5.0,3900000.0,5,4,1,4,1,5,0.0001174334349498,4,Portugal / Brazil
FC Imabari,Japan,1.0,0.0,1.0,0.0,2.0,0.0,2,1,1,1,1,2,7.619371837183624e-05,4,Portugal / Brazil
True Bangkok United,Thailand,1.0,0.0,1.0,0.0,2.0,0.0,2,1,1,1,1,2,7.009527800639807e-05,5,Netherlands / Belgium
Barra Futebol Clube (RS),Brazil,1.0,1250000.0,1.0,0.0,2.0,1250000.0,2,1,1,1,1,2,7.670369264882602e-05,4,Portugal / Brazil
Grêmio Novorizontino (SP),Brazil,1.0,0.0,3.0,0.0,4.0,0.0,4,3,1,3,1,4,0.000106268620824,4,Portugal / Brazil
Sampaio Corrêa Futebol e Esporte (RJ),Brazil,1.0,0.0,1.0,0.0,2.0,0.0,2,1,1,1,1,2,7.619371837183624e-05,4,Portugal / Brazil
SR Almancilense,Portugal,1.0,0.0,2.0,0.0,3.0,0.0,3,2,1,2,1,3,9.115577805137383e-05,4,Portugal / Brazil
Estrela Vendas Novas,Portugal,2.0,0.0,3.0,0.0,5.0,0.0,5,3,2,3,2,5,0.000110091569676,4,Portugal / Brazil
Olimpik Donetsk,Ukraine,1.0,0.0,0.0,0.0,1.0,0.0,1,0,1,0,1,1,5.964586928733951e-05,4,Portugal / Brazil
Al-Batin FC,Saudi Arabia,3.0,0.0,5.0,2500000.0,8.0,2500000.0,8,5,3,5,3,8,0.0001340743252936,4,Portugal / Brazil
Club Atlético All Boys,Argentina,1.0,0.0,1.0,0.0,2.0,0.0,2,1,1,1,1,2,7.330550932479465e-05,5,Netherlands / Belgium
Esporte Clube Taubaté (SP),Brazil,1.0,0.0,0.0,0.0,1.0,0.0,1,0,1,0,1,1,5.964586928733951e-05,4,Portugal / Brazil
CF Canelas 2010,Portugal,1.0,0.0,1.0,0.0,2.0,0.0,2,1,1,1,1,2,7.676021698184256e-05,4,Portugal / Brazil
FC Pune City,India,1.0,0.0,5.0,0.0,6.0,0.0,5,4,1,5,1,6,0.0001109129114174,5,Netherlands / Belgium
AA Portuguesa (RJ),Brazil,1.0,0.0,1.0,0.0,2.0,0.0,2,1,1,1,1,2,7.67866513645544e-05,4,Portugal / Brazil
BG Pathum United,Thailand,1.0,0.0,0.0,0.0,1.0,0.0,1,0,1,0,1,1,5.964586928733951e-05,4,Portugal / Brazil
Monagas SC,Venezuela,1.0,0.0,1.0,0.0,2.0,0.0,2,1,1,1,1,2,7.590706805685459e-05,4,Portugal / Brazil
ATK,India,1.0,0.0,0.0,0.0,1.0,0.0,1,0,1,0,1,1,5.964586928733951e-05,4,Portugal / Brazil
AFC Eskilstuna,Sweden,1.0,0.0,3.0,0.0,4.0,0.0,4,3,1,3,1,4,9.55287961477512e-05,5,Netherlands / Belgium
Clube Olímpico Montijo,Portugal,2.0,0.0,3.0,0.0,5.0,0.0,5,3,2,3,2,5,0.0001121984972781,4,Portugal / Brazil
Boavista FC B,Portugal,2.0,0.0,3.0,0.0,5.0,0.0,2,1,1,3,2,5,0.0001244982126125,4,Portugal / Brazil
CD Cinfaes,Portugal,1.0,0.0,10.0,0.0,11.0,0.0,6,5,1,10,1,11,0.0002411034962405,4,Portugal / Brazil
SC Penalva do Castelo,Portugal,1.0,0.0,2.0,0.0,3.0,0.0,2,1,1,2,1,3,9.175153035084872e-05,4,Portugal / Brazil
Alki Oroklini,Cyprus,1.0,0.0,1.0,0.0,2.0,0.0,2,1,1,1,1,2,7.56986998190941e-05,4,Portugal / Brazil
AD Nogueirense,Portugal,1.0,0.0,2.0,0.0,3.0,0.0,3,2,1,2,1,3,8.9533589012448e-05,4,Portugal / Brazil
CR Ferreira Aves,Portugal,1.0,0.0,1.0,0.0,2.0,0.0,2,1,1,1,1,2,7.56986998190941e-05,4,Portugal / Brazil
Brown de Adrogue,Argentina,1.0,0.0,0.0,0.0,1.0,0.0,1,0,1,0,1,1,5.964586928733951e-05,4,Portugal / Brazil
Shakhtar Donetsk II,Ukraine,1.0,0.0,0.0,0.0,1.0,0.0,1,0,1,0,1,1,5.964586928733951e-05,4,Portugal / Brazil
Akwa United,Nigeria,1.0,0.0,0.0,0.0,1.0,0.0,1,0,1,0,1,1,5.964586928733951e-05,4,Portugal / Brazil
Enugu Rangers IFC,Nigeria,4.0,0.0,0.0,0.0,4.0,0.0,2,0,2,0,4,4,5.964586928733951e-05,5,Netherlands / Belgium
Fútbol Consultants Desamparados,Costa Rica,1.0,0.0,1.0,0.0,2.0,0.0,2,1,1,1,1,2,7.670369264882602e-05,4,Portugal / Brazil
Anagennisi Karditsas,Greece,1.0,0.0,0.0,0.0,1.0,0.0,1,0,1,0,1,1,5.964586928733951e-05,4,Portugal / Brazil
Caldas SC,Portugal,1.0,0.0,3.0,0.0,4.0,0.0,4,3,1,3,1,4,0.0001187023803658,4,Portugal / Brazil
CD Árabe Unido,Panama,1.0,0.0,2.0,0.0,3.0,0.0,3,2,1,2,1,3,0.0001024301537888,4,Portugal / Brazil
CD Santa Clara U19,Portugal,2.0,0.0,0.0,0.0,2.0,0.0,1,0,1,0,2,2,5.964586928733951e-05,4,Portugal / Brazil
Santos de Guápiles FC,Costa Rica,1.0,0.0,0.0,0.0,1.0,0.0,1,0,1,0,1,1,5.964586928733951e-05,4,Portugal / Brazil
Grêmio Esportivo Brasil (RS),Brazil,2.0,0.0,4.0,0.0,6.0,0.0,6,4,2,4,2,6,0.0001229525168208,4,Portugal / Brazil
Club Atlético Aldosivi,Argentina,3.0,0.0,3.0,0.0,6.0,0.0,4,2,2,3,3,6,9.571519215865574e-05,4,Portugal / Brazil
Apollon Smyrnis,Greece,1.0,0.0,4.0,0.0,5.0,0.0,5,4,1,4,1,5,9.283256560894184e-05,2,Italy / Romania
Rio Ave FC U23,Portugal,3.0,0.0,9.0,0.0,12.0,0.0,4,3,1,9,3,12,0.0001797888569263,4,Portugal / Brazil
FK Spartak Subotica,Serbia,2.0,250000.0,0.0,0.0,2.0,250000.0,2,0,2,0,2,2,5.964586928733951e-05,4,Portugal / Brazil
CD Aves U23,Portugal,9.0,0.0,6.0,0.0,15.0,0.0,3,2,1,6,9,15,0.0001637617021638,4,Portugal / Brazil
Negeri Sembilan Football Club,Malaysia,1.0,0.0,0.0,0.0,1.0,0.0,1,0,1,0,1,1,5.964586928733951e-05,4,Portugal / Brazil
Belenenses SAD U23,Portugal,17.0,0.0,5.0,0.0,22.0,0.0,2,1,1,5,17,22,0.0001539658534326,4,Portugal / Brazil
CF Belenenses Lissabon U19,Portugal,1.0,0.0,0.0,0.0,1.0,0.0,1,0,1,0,1,1,5.964586928733951e-05,4,Portugal / Brazil
Vitória de Setúbal FC U23,Portugal,2.0,0.0,3.0,0.0,5.0,0.0,2,1,1,3,2,5,0.0001110682155189,4,Portugal / Brazil
Lokomotiv Tashkent,Uzbekistan,1.0,1500000.0,0.0,0.0,1.0,1500000.0,1,0,1,0,1,1,5.964586928733951e-05,4,Portugal / Brazil
Dibba Al-Fujairah,United Arab Emirates,1.0,0.0,2.0,85000.0,3.0,85000.0,3,2,1,2,1,3,9.569262616483102e-05,3,Spain / Argentina
Al-Duhail SC,Qatar,3.0,12000000.0,6.0,56000000.0,9.0,68000000.0,5,3,2,6,3,9,0.0001281760778747,4,Portugal / Brazil
PFC Lviv,Ukraine,2.0,600000.0,1.0,0.0,3.0,600000.0,3,1,2,1,2,3,7.818996369136462e-05,4,Portugal / Brazil
Alebrijes de Oaxaca,Mexico,1.0,0.0,0.0,0.0,1.0,0.0,1,0,1,0,1,1,5.964586928733951e-05,4,Portugal / Brazil
Matsumoto Yamaga,Japan,1.0,0.0,1.0,0.0,2.0,0.0,2,1,1,1,1,2,7.680104607202209e-05,4,Portugal / Brazil
CS Marítimo U23,Portugal,3.0,0.0,1.0,0.0,4.0,0.0,2,1,1,1,3,4,7.67866513645544e-05,4,Portugal / Brazil
Olympique Khouribga,Morocco,1.0,1000000.0,0.0,0.0,1.0,1000000.0,1,0,1,0,1,1,5.964586928733951e-05,4,Portugal / Brazil
Cusco FC,Peru,1.0,0.0,0.0,0.0,1.0,0.0,1,0,1,0,1,1,5.964586928733951e-05,4,Portugal / Brazil
Club Sol de América,Paraguay,1.0,0.0,1.0,0.0,2.0,0.0,2,1,1,1,1,2,8.126331706241422e-05,4,Portugal / Brazil
FC Vizela Youth 19,Portugal,1.0,0.0,0.0,0.0,1.0,0.0,1,0,1,0,1,1,5.964586928733951e-05,4,Portugal / Brazil
CD Feirense Sub-23,Portugal,1.0,0.0,1.0,0.0,2.0,0.0,2,1,1,1,1,2,7.79192864355802e-05,4,Portugal / Brazil
XV de Piracicaba,Brazil,2.0,0.0,1.0,0.0,3.0,0.0,2,1,1,1,2,3,7.590706805685459e-05,4,Portugal / Brazil
Rio Ave FC B,Portugal,1.0,0.0,4.0,0.0,5.0,0.0,2,1,1,4,1,5,0.0001149854260607,4,Portugal / Brazil
SC Ideal,Portugal,1.0,0.0,2.0,0.0,3.0,0.0,2,1,1,2,1,3,0.0001086309083326,4,Portugal / Brazil
Águia CD,Portugal,4.0,0.0,4.0,0.0,8.0,0.0,2,1,1,4,4,8,0.0001576159473779,4,Portugal / Brazil
Apollon Pontou,Greece,1.0,0.0,1.0,0.0,2.0,0.0,2,1,1,1,1,2,8.413838880999685e-05,4,Portugal / Brazil
Nacional Atlético Clube (SP),Brazil,1.0,0.0,1.0,0.0,2.0,0.0,2,1,1,1,1,2,7.79192864355802e-05,4,Portugal / Brazil
CD Cultural de Montalegre,Portugal,2.0,0.0,5.0,0.0,7.0,0.0,6,4,2,5,2,7,0.0001490116408142,4,Portugal / Brazil
Operário Ferroviário Esporte Clube (PR),Brazil,1.0,0.0,2.0,0.0,3.0,0.0,3,2,1,2,1,3,9.499963111326164e-05,4,Portugal / Brazil
FC Paços de Ferreira B,Portugal,1.0,0.0,2.0,0.0,3.0,0.0,2,1,1,2,1,3,9.326520413113338e-05,4,Portugal / Brazil
FC Paços de Ferreira U17,Portugal,1.0,0.0,0.0,0.0,1.0,0.0,1,0,1,0,1,1,5.964586928733951e-05,4,Portugal / Brazil
SC Coimbrões,Portugal,1.0,0.0,0.0,0.0,1.0,0.0,1,0,1,0,1,1,5.964586928733951e-05,4,Portugal / Brazil
Atlético Madrid U19,Spain,1.0,0.0,0.0,0.0,1.0,0.0,1,0,1,0,1,1,5.964586928733951e-05,4,Portugal / Brazil
GD Mirandês,Portugal,1.0,0.0,0.0,0.0,1.0,0.0,1,0,1,0,1,1,5.964586928733951e-05,4,Portugal / Brazil
Caçadores das Taipas,Portugal,1.0,0.0,0.0,0.0,1.0,0.0,1,0,1,0,1,1,5.964586928733951e-05,4,Portugal / Brazil
Clube Atlético Mineiro B,Brazil,2.0,0.0,1.0,0.0,3.0,0.0,3,1,2,1,2,3,6.430656029794482e-05,4,Portugal / Brazil
CF Os Armacenenses,Portugal,1.0,0.0,1.0,0.0,2.0,0.0,2,1,1,1,1,2,7.67866513645544e-05,4,Portugal / Brazil
Shenzhen FC,China,2.0,0.0,6.0,14900000.0,8.0,14900000.0,7,5,2,6,2,8,0.0001254378013721,4,Portugal / Brazil
Shonan Bellmare,Japan,2.0,0.0,2.0,1000000.0,4.0,1000000.0,4,2,2,2,2,4,8.983244782434715e-05,4,Portugal / Brazil
Clube do Remo (PA),Brazil,1.0,0.0,1.0,0.0,2.0,0.0,2,1,1,1,1,2,7.680104607202209e-05,4,Portugal / Brazil
Al-Riffa SC,Bahrain,1.0,0.0,2.0,0.0,3.0,0.0,3,2,1,2,1,3,9.565064819360768e-05,4,Portugal / Brazil
Hatta Club,United Arab Emirates,1.0,0.0,3.0,0.0,4.0,0.0,4,3,1,3,1,4,0.0001092886845206,4,Portugal / Brazil
Sepsi OSK Sf. Gheorghe,Romania,2.0,0.0,5.0,0.0,7.0,0.0,7,5,2,5,2,7,0.0001391656870947,4,Portugal / Brazil
Qingdao Huanghai,China,1.0,0.0,2.0,0.0,3.0,0.0,3,2,1,2,1,3,7.607579519056045e-05,3,Spain / Argentina
Portimonense SC U23,Portugal,5.0,0.0,4.0,0.0,9.0,0.0,2,1,1,4,5,9,0.0001258372656253,4,Portugal / Brazil
RD Águeda,Portugal,1.0,0.0,4.0,0.0,5.0,0.0,4,3,1,4,1,5,0.0001315464654097,4,Portugal / Brazil
CD Fátima SAD,Portugal,3.0,0.0,1.0,0.0,4.0,0.0,3,1,2,1,3,4,7.120025334415832e-05,4,Portugal / Brazil
Houston Dynamo FC,United States,1.0,1000000.0,0.0,0.0,1.0,1000000.0,1,0,1,0,1,1,5.964586928733951e-05,4,Portugal / Brazil
Club de Regatas Vasco da Gama U20,Brazil,2.0,1480000.0,1.0,0.0,3.0,1480000.0,2,1,1,1,2,3,8.126331706241422e-05,4,Portugal / Brazil
FC Sochi,Russia,1.0,0.0,3.0,5300000.0,4.0,5300000.0,4,3,1,3,1,4,0.0001111844186112,4,Portugal / Brazil
Atlético Nacional U20,Colombia,1.0,0.0,1.0,0.0,2.0,0.0,2,1,1,1,1,2,8.126331706241422e-05,4,Portugal / Brazil
Atlas Guadalajara U20,Mexico,1.0,0.0,1.0,0.0,2.0,0.0,2,1,1,1,1,2,8.126331706241422e-05,4,Portugal / Brazil
Clube Atlético Mineiro U20,Brazil,1.0,0.0,1.0,0.0,2.0,0.0,2,1,1,1,1,2,8.126331706241422e-05,4,Portugal / Brazil
Boavista FC U17,Portugal,1.0,0.0,0.0,0.0,1.0,0.0,1,0,1,0,1,1,5.964586928733951e-05,4,Portugal / Brazil
SC Braga U23,Portugal,2.0,0.0,1.0,0.0,3.0,0.0,2,1,1,1,2,3,7.79192864355802e-05,4,Portugal / Brazil
AO Xanthi,Greece,1.0,0.0,2.0,0.0,3.0,0.0,3,2,1,2,1,3,9.043977552453294e-05,4,Portugal / Brazil
Club Atlético Barracas Central,Argentina,1.0,0.0,1.0,0.0,2.0,0.0,2,1,1,1,1,2,7.413975049283859e-05,4,Portugal / Brazil
FC Famalicão U23,Portugal,8.0,0.0,2.0,0.0,10.0,0.0,3,1,2,2,8,10,8.863363169833775e-05,4,Portugal / Brazil
Machine Sazi Tabriz,Iran,1.0,0.0,1.0,0.0,2.0,0.0,2,1,1,1,1,2,6.957669201611058e-05,3,Spain / Argentina
Paraná Soccer Technical Center (PR),Brazil,1.0,0.0,0.0,0.0,1.0,0.0,1,0,1,0,1,1,5.964586928733951e-05,4,Portugal / Brazil
Al-Zawraa SC,Iraq,1.0,0.0,0.0,0.0,1.0,0.0,1,0,1,0,1,1,5.964586928733951e-05,4,Portugal / Brazil
Ypiranga Futebol Clube (RS),Brazil,1.0,0.0,1.0,0.0,2.0,0.0,2,1,1,1,1,2,7.640293851438257e-05,4,Portugal / Brazil
Riga FC,Latvia,2.0,0.0,1.0,0.0,3.0,0.0,2,1,1,1,2,3,7.64555367092365e-05,4,Portugal / Brazil
Tokyo Verdy,Japan,2.0,1000000.0,0.0,0.0,2.0,1000000.0,2,0,2,0,2,2,5.964586928733951e-05,5,Netherlands / Belgium
Persepolis FC,Iran,2.0,0.0,5.0,1550000.0,7.0,1550000.0,7,5,2,5,2,7,0.0001411375958116,4,Portugal / Brazil
Associação Atlética Portuguesa (SP),Brazil,1.0,0.0,1.0,0.0,2.0,0.0,2,1,1,1,1,2,6.640363740911812e-05,4,Portugal / Brazil
Valadares Gaia FC,Portugal,1.0,0.0,4.0,0.0,5.0,0.0,4,3,1,4,1,5,0.0001287746276458,4,Portugal / Brazil
Berço SC,Portugal,2.0,0.0,3.0,0.0,5.0,0.0,5,3,2,3,2,5,0.0001112608298827,4,Portugal / Brazil
FK Borac Banja Luka,Bosnia-Herzegovina,1.0,500000.0,0.0,0.0,1.0,500000.0,1,0,1,0,1,1,5.964586928733951e-05,4,Portugal / Brazil
Zalaegerszegi TE FC,Hungary,1.0,0.0,0.0,0.0,1.0,0.0,1,0,1,0,1,1,5.964586928733951e-05,4,Portugal / Brazil
AD Machico,Portugal,1.0,0.0,0.0,0.0,1.0,0.0,1,0,1,0,1,1,5.964586928733951e-05,4,Portugal / Brazil
Adanaspor,Turkey,1.0,0.0,4.0,0.0,5.0,0.0,5,4,1,4,1,5,0.0001096175309299,4,Portugal / Brazil
Bnei Yehuda Tel Aviv,Israel,2.0,100000.0,1.0,0.0,3.0,100000.0,3,1,2,1,2,3,7.850986611639273e-05,4,Portugal / Brazil
RC Deportivo Fabril,Spain,1.0,0.0,1.0,0.0,2.0,0.0,2,1,1,1,1,2,7.10392195662234e-05,3,Spain / Argentina
Paykan FC,Iran,1.0,0.0,0.0,0.0,1.0,0.0,1,0,1,0,1,1,5.964586928733951e-05,4,Portugal / Brazil
Khor Fakkan,United Arab Emirates,2.0,0.0,4.0,150000.0,6.0,150000.0,4,3,1,4,2,6,0.0001470580235296,4,Portugal / Brazil
SC Praiense,Portugal,1.0,0.0,5.0,0.0,6.0,0.0,6,5,1,5,1,6,0.0001571549640365,4,Portugal / Brazil
NA Hussein Dey,Algeria,1.0,185000.0,0.0,0.0,1.0,185000.0,1,0,1,0,1,1,5.964586928733951e-05,4,Portugal / Brazil
CD Tondela Sub-23,Portugal,1.0,0.0,0.0,0.0,1.0,0.0,1,0,1,0,1,1,5.964586928733951e-05,4,Portugal / Brazil
Clube Atletico Molelos,Portugal,1.0,0.0,1.0,0.0,2.0,0.0,2,1,1,1,1,2,7.56986998190941e-05,4,Portugal / Brazil
1.FC Slovacko,Czech Republic,1.0,1200000.0,0.0,0.0,1.0,1200000.0,1,0,1,0,1,1,5.964586928733951e-05,4,Portugal / Brazil
Denizlispor,Turkey,2.0,0.0,4.0,0.0,6.0,0.0,6,4,2,4,2,6,0.0001178291039884,4,Portugal / Brazil
Zhejiang FC,China,1.0,0.0,0.0,0.0,1.0,0.0,1,0,1,0,1,1,5.964586928733951e-05,4,Portugal / Brazil
AC Marinhense,Portugal,1.0,0.0,1.0,0.0,2.0,0.0,2,1,1,1,1,2,8.126331706241422e-05,4,Portugal / Brazil
CSD Câmara de Lobos,Portugal,1.0,0.0,2.0,0.0,3.0,0.0,3,2,1,2,1,3,9.248306342974928e-05,4,Portugal / Brazil
San Antonio FC,United States,1.0,0.0,0.0,0.0,1.0,0.0,1,0,1,0,1,1,5.964586928733951e-05,4,Portugal / Brazil
Bolívar La Paz,Bolivia,1.0,0.0,1.0,0.0,2.0,0.0,2,1,1,1,1,2,7.102061095872824e-05,3,Spain / Argentina
Sanat Naft FC,Iran,1.0,0.0,1.0,0.0,2.0,0.0,2,1,1,1,1,2,7.704715696018789e-05,4,Portugal / Brazil
Renofa Yamaguchi,Japan,1.0,0.0,1.0,0.0,2.0,0.0,2,1,1,1,1,2,7.619371837183624e-05,4,Portugal / Brazil
Al Arabi SC Kuwait,Kuwait,1.0,0.0,0.0,0.0,1.0,0.0,1,0,1,0,1,1,5.964586928733951e-05,4,Portugal / Brazil
CF Estrela Amadora SAD,Portugal,1.0,0.0,2.0,0.0,3.0,0.0,3,2,1,2,1,3,0.0001058577159792,4,Portugal / Brazil
Boavista Porto FC U23,Portugal,9.0,0.0,5.0,0.0,14.0,0.0,4,2,2,5,9,14,0.0001508703292691,4,Portugal / Brazil
Estoril Praia U23,Portugal,4.0,0.0,0.0,0.0,4.0,0.0,1,0,1,0,4,4,5.964586928733951e-05,4,Portugal / Brazil
Brusque Futebol Clube (SC),Brazil,1.0,0.0,1.0,0.0,2.0,0.0,2,1,1,1,1,2,7.670369264882602e-05,4,Portugal / Brazil
Mineros de Zacatecas,Mexico,1.0,0.0,0.0,0.0,1.0,0.0,1,0,1,0,1,1,5.964586928733951e-05,4,Portugal / Brazil
AS Sambenedettese,Italy,1.0,0.0,0.0,0.0,1.0,0.0,1,0,1,0,1,1,5.964586928733951e-05,4,Portugal / Brazil
NK Bravo,Slovenia,1.0,0.0,0.0,0.0,1.0,0.0,1,0,1,0,1,1,5.964586928733951e-05,4,Portugal / Brazil
FC Oliveira do Hospital,Portugal,1.0,0.0,2.0,0.0,3.0,0.0,2,1,1,2,1,3,9.120461084918612e-05,4,Portugal / Brazil
SL Benfica U23,Portugal,1.0,0.0,1.0,800000.0,2.0,800000.0,2,1,1,1,1,2,8.126331706241422e-05,4,Portugal / Brazil
Esporte Clube Água Santa (SP),Brazil,1.0,0.0,0.0,0.0,1.0,0.0,1,0,1,0,1,1,5.964586928733951e-05,4,Portugal / Brazil
Wuhan Three Towns,China,1.0,0.0,1.0,0.0,2.0,0.0,2,1,1,1,1,2,7.619371837183624e-05,4,Portugal / Brazil
JD Somorrostro,Spain,1.0,0.0,0.0,0.0,1.0,0.0,1,0,1,0,1,1,5.964586928733951e-05,4,Portugal / Brazil
Vitória de Guimarães SC U23,Portugal,2.0,0.0,1.0,0.0,3.0,0.0,2,1,1,1,2,3,7.260642404501838e-05,4,Portugal / Brazil
Nashville SC,United States,1.0,0.0,3.0,500000.0,4.0,500000.0,4,3,1,3,1,4,9.42868628394935e-05,6,Germany / Austria
Oita Trinita,Japan,1.0,0.0,0.0,0.0,1.0,0.0,1,0,1,0,1,1,5.964586928733951e-05,4,Portugal / Brazil
Shandong Taishan,China,1.0,0.0,1.0,169000.0,2.0,169000.0,2,1,1,1,1,2,7.619371837183624e-05,4,Portugal / Brazil
Thanda Royal Zulu FC,South Africa,1.0,1000000.0,0.0,0.0,1.0,1000000.0,1,0,1,0,1,1,5.964586928733951e-05,5,Netherlands / Belgium
FC Twente Enschede U19,Netherlands,17.0,0.0,0.0,0.0,17.0,0.0,3,0,3,0,17,17,5.964586928733951e-05,5,Netherlands / Belgium
FC Omniworld,Netherlands,1.0,0.0,1.0,0.0,2.0,0.0,2,1,1,1,1,2,6.995398685193468e-05,5,Netherlands / Belgium
Makedonija Gjorce Petrov,North Macedonia,1.0,0.0,0.0,0.0,1.0,0.0,1,0,1,0,1,1,5.964586928733951e-05,5,Netherlands / Belgium
1. FC Brno,Czech Republic,1.0,0.0,0.0,0.0,1.0,0.0,1,0,1,0,1,1,5.964586928733951e-05,5,Netherlands / Belgium
SC Heerenveen U19,Netherlands,32.0,0.0,0.0,0.0,32.0,0.0,5,0,5,0,32,32,5.964586928733951e-05,5,Netherlands / Belgium
Go Ahead Eagles,Netherlands,103.0,5395000.0,129.0,0.0,232.0,5395000.0,111,58,53,129,103,232,0.0019072150657203,5,Netherlands / Belgium
Sparta Rotterdam U21,Netherlands,12.0,0.0,14.0,0.0,26.0,0.0,5,3,2,14,12,26,0.000247252744821,5,Netherlands / Belgium
FC Groningen U19,Netherlands,5.0,0.0,0.0,0.0,5.0,0.0,2,0,2,0,5,5,5.964586928733951e-05,5,Netherlands / Belgium
FC Groningen U21,Netherlands,22.0,0.0,3.0,0.0,25.0,0.0,8,3,5,3,22,25,9.7381494712568e-05,5,Netherlands / Belgium
Arsenal Kyiv,Ukraine,1.0,1200000.0,7.0,0.0,8.0,1200000.0,5,4,1,7,1,8,0.0001104571796281,2,Italy / Romania
RKC Waalwijk,Netherlands,115.0,4270000.0,142.0,300000.0,257.0,4570000.0,120,66,54,142,115,257,0.0022094981773925,5,Netherlands / Belgium
NAC Breda U19,Netherlands,18.0,0.0,1.0,0.0,19.0,0.0,3,1,2,1,18,19,7.259009207830443e-05,5,Netherlands / Belgium
HFC Haarlem (- 2009),Netherlands,2.0,0.0,1.0,0.0,3.0,0.0,3,1,2,1,2,3,6.736874528786483e-05,5,Netherlands / Belgium
AGOVV Apeldoorn,Netherlands,11.0,1000000.0,15.0,0.0,26.0,1000000.0,16,9,7,15,11,26,0.0002329019371788,5,Netherlands / Belgium
FC Utrecht U21,Netherlands,41.0,0.0,11.0,0.0,52.0,0.0,10,6,4,11,41,52,0.0001863036875295,5,Netherlands / Belgium
Vitesse/AGOVV U19,Netherlands,6.0,0.0,0.0,0.0,6.0,0.0,1,0,1,0,6,6,5.964586928733951e-05,5,Netherlands / Belgium
Vitesse/AGOVV U21,Netherlands,2.0,0.0,0.0,0.0,2.0,0.0,1,0,1,0,2,2,5.964586928733951e-05,5,Netherlands / Belgium
FC Zwolle,Netherlands,9.0,300000.0,8.0,0.0,17.0,300000.0,13,6,7,8,9,17,0.0001485073879635,5,Netherlands / Belgium
NEC Nijmegen U19,Netherlands,16.0,0.0,0.0,0.0,16.0,0.0,1,0,1,0,16,16,5.964586928733951e-05,5,Netherlands / Belgium
NEC NijmegenFC Oss U21,Netherlands,5.0,0.0,1.0,0.0,6.0,0.0,2,1,1,1,5,6,7.290365525945788e-05,5,Netherlands / Belgium
FC Oss,Netherlands,19.0,500000.0,27.0,0.0,46.0,500000.0,16,9,7,27,19,46,0.0004077088440139,5,Netherlands / Belgium
Willem II Tilburg U21,Netherlands,16.0,0.0,0.0,0.0,16.0,0.0,3,0,3,0,16,16,5.964586928733951e-05,5,Netherlands / Belgium
RBC Roosendaal,Netherlands,7.0,0.0,7.0,0.0,14.0,0.0,12,7,5,7,7,14,0.0001501047385705,5,Netherlands / Belgium
Sparta Rotterdam U19,Netherlands,7.0,0.0,0.0,0.0,7.0,0.0,1,0,1,0,7,7,5.964586928733951e-05,5,Netherlands / Belgium
RKVV Westlandia,Netherlands,1.0,0.0,2.0,0.0,3.0,0.0,3,2,1,2,1,3,8.343237282014427e-05,5,Netherlands / Belgium
SC Veendam,Netherlands,8.0,175000.0,11.0,0.0,19.0,175000.0,12,6,6,11,8,19,0.0001879125772593,5,Netherlands / Belgium
ADO Den Haag U19,Netherlands,28.0,0.0,1.0,0.0,29.0,0.0,4,1,3,1,28,29,7.259009207830443e-05,5,Netherlands / Belgium
Roda JC Kerkrade U19,Netherlands,6.0,0.0,0.0,0.0,6.0,0.0,1,0,1,0,6,6,5.964586928733951e-05,5,Netherlands / Belgium
Hapoel Kfar Saba,Israel,1.0,0.0,1.0,0.0,2.0,0.0,2,1,1,1,1,2,7.124635205361825e-05,5,Netherlands / Belgium
Excelsior Maassluis,Netherlands,3.0,0.0,3.0,0.0,6.0,0.0,4,1,3,3,3,6,9.061722364782926e-05,5,Netherlands / Belgium
RKC Waalwijk U19,Netherlands,2.0,0.0,0.0,0.0,2.0,0.0,1,0,1,0,2,2,5.964586928733951e-05,5,Netherlands / Belgium
RKC Waalwijk U21,Netherlands,10.0,0.0,2.0,0.0,12.0,0.0,2,1,1,2,10,12,9.230801625748968e-05,5,Netherlands / Belgium
AZ Alkmaar U21,Netherlands,44.0,0.0,10.0,0.0,54.0,0.0,11,5,6,10,44,54,0.0001603141163658,5,Netherlands / Belgium
Ajax Amsterdam U19,Netherlands,13.0,200000.0,0.0,0.0,13.0,200000.0,3,0,3,0,13,13,5.964586928733951e-05,5,Netherlands / Belgium
Radnicki Obrenovac,Serbia,1.0,0.0,0.0,0.0,1.0,0.0,1,0,1,0,1,1,5.964586928733951e-05,5,Netherlands / Belgium
ADO Den Haag U21,Netherlands,17.0,0.0,1.0,0.0,18.0,0.0,2,1,1,1,17,18,7.102389134987198e-05,5,Netherlands / Belgium
NK Slaven Zivinice,Bosnia-Herzegovina,1.0,0.0,0.0,0.0,1.0,0.0,1,0,1,0,1,1,5.964586928733951e-05,5,Netherlands / Belgium
SK Slavia Prague B,Czech Republic,1.0,0.0,0.0,0.0,1.0,0.0,1,0,1,0,1,1,5.964586928733951e-05,5,Netherlands / Belgium
Kano Pillars,Nigeria,1.0,0.0,0.0,0.0,1.0,0.0,1,0,1,0,1,1,5.964586928733951e-05,5,Netherlands / Belgium
VVV-Venlo/Helmond Sport U21,Netherlands,4.0,0.0,2.0,0.0,6.0,0.0,2,1,1,2,4,6,8.553431486926934e-05,5,Netherlands / Belgium
VVV-Venlo/Helmond Sport U19,Netherlands,3.0,0.0,0.0,0.0,3.0,0.0,2,0,2,0,3,3,5.964586928733951e-05,5,Netherlands / Belgium
Helmond Sport,Netherlands,22.0,300000.0,39.0,0.0,61.0,300000.0,29,18,11,39,22,61,0.0005274916897299,5,Netherlands / Belgium
sc Heerenveen/Emmen II,Netherlands,11.0,0.0,2.0,0.0,13.0,0.0,4,1,3,2,11,13,8.027606354142458e-05,5,Netherlands / Belgium
AZ Alkmaar U19,Netherlands,13.0,0.0,0.0,0.0,13.0,0.0,2,0,2,0,13,13,5.964586928733951e-05,5,Netherlands / Belgium
Feyenoord U21,Netherlands,22.0,150000.0,13.0,0.0,35.0,150000.0,10,3,7,13,22,35,0.0001951189535903,5,Netherlands / Belgium
Excelsior Rotterdam U19,Netherlands,2.0,0.0,0.0,0.0,2.0,0.0,1,0,1,0,2,2,5.964586928733951e-05,5,Netherlands / Belgium
De Graafschap Doetinchem U19,Netherlands,2.0,0.0,0.0,0.0,2.0,0.0,1,0,1,0,2,2,5.964586928733951e-05,5,Netherlands / Belgium
De Graafschap Doetinchem U21,Netherlands,12.0,0.0,1.0,0.0,13.0,0.0,2,1,1,1,12,13,7.31085880333144e-05,5,Netherlands / Belgium
FC Aurore Bienne,Switzerland,1.0,0.0,0.0,0.0,1.0,0.0,1,0,1,0,1,1,5.964586928733951e-05,5,Netherlands / Belgium
Saturn Ramenskoe,Russia,2.0,0.0,1.0,0.0,3.0,0.0,2,1,1,1,2,3,7.018278736933084e-05,5,Netherlands / Belgium
Zaglebie Sosnowiec,Poland,1.0,100000.0,1.0,0.0,2.0,100000.0,2,1,1,1,1,2,7.64555367092365e-05,5,Netherlands / Belgium
SC Düsseldorf-West,Germany,1.0,0.0,0.0,0.0,1.0,0.0,1,0,1,0,1,1,5.964586928733951e-05,5,Netherlands / Belgium
Roasso Kumamoto,Japan,1.0,0.0,0.0,0.0,1.0,0.0,1,0,1,0,1,1,5.964586928733951e-05,5,Netherlands / Belgium
Willem II/RKC U19,Netherlands,6.0,0.0,0.0,0.0,6.0,0.0,2,0,2,0,6,6,5.964586928733951e-05,5,Netherlands / Belgium
Panserraikos,Greece,1.0,0.0,2.0,0.0,3.0,0.0,3,2,1,2,1,3,8.218959222466313e-05,5,Netherlands / Belgium
Beerschot AC,Belgium,5.0,0.0,4.0,0.0,9.0,0.0,7,3,4,4,5,9,0.0001003922473892,5,Netherlands / Belgium
Ajax Cape Town,South Africa,1.0,2500000.0,3.0,0.0,4.0,2500000.0,4,3,1,3,1,4,9.094729321543188e-05,5,Netherlands / Belgium
CD El Nacional,Ecuador,1.0,2000000.0,0.0,0.0,1.0,2000000.0,1,0,1,0,1,1,5.964586928733951e-05,5,Netherlands / Belgium
FC Saburtalo,Georgia,1.0,120000.0,0.0,0.0,1.0,120000.0,1,0,1,0,1,1,5.964586928733951e-05,5,Netherlands / Belgium
Royal Cappellen FC,Belgium,1.0,0.0,1.0,0.0,2.0,0.0,2,1,1,1,1,2,7.597694277241465e-05,5,Netherlands / Belgium
KVV Quick '20,Netherlands,3.0,0.0,2.0,0.0,5.0,0.0,4,2,2,2,3,5,8.202964707180653e-05,5,Netherlands / Belgium
De Treffers Under 19,Netherlands,1.0,0.0,0.0,0.0,1.0,0.0,1,0,1,0,1,1,5.964586928733951e-05,5,Netherlands / Belgium
FK Baku,Azerbaijan,1.0,0.0,6.0,0.0,7.0,0.0,7,6,1,6,1,7,0.0001290177680184,3,Spain / Argentina
VV Capelle,Netherlands,2.0,0.0,5.0,0.0,7.0,0.0,5,3,2,5,2,7,0.0001114309182172,5,Netherlands / Belgium
FC Groningen/Cambuur U21,Netherlands,11.0,0.0,2.0,0.0,13.0,0.0,5,2,3,2,11,13,8.372185467511278e-05,5,Netherlands / Belgium
Quick Boys,Netherlands,2.0,0.0,3.0,0.0,5.0,0.0,4,3,1,3,2,5,9.081012552042666e-05,5,Netherlands / Belgium
Alphense Boys,Netherlands,1.0,0.0,3.0,0.0,4.0,0.0,3,2,1,3,1,4,9.167146092353172e-05,5,Netherlands / Belgium
AFC Amsterdam,Netherlands,1.0,0.0,1.0,0.0,2.0,0.0,2,1,1,1,1,2,7.009527800639807e-05,5,Netherlands / Belgium
Lommel United,Belgium,1.0,0.0,1.0,0.0,2.0,0.0,2,1,1,1,1,2,6.996965407416947e-05,5,Netherlands / Belgium
Ventforet Kofu,Japan,1.0,0.0,0.0,0.0,1.0,0.0,1,0,1,0,1,1,5.964586928733951e-05,5,Netherlands / Belgium
VPV Purmersteijn,Netherlands,1.0,0.0,0.0,0.0,1.0,0.0,1,0,1,0,1,1,5.964586928733951e-05,5,Netherlands / Belgium
Al-Khor SC,Qatar,1.0,0.0,2.0,500000.0,3.0,500000.0,3,2,1,2,1,3,8.48225531725819e-05,1,France / Belgium
Mersin Idmanyurdu,Turkey,1.0,0.0,4.0,450000.0,5.0,450000.0,5,4,1,4,1,5,0.0001069609343073,0,England / Scotland
SV Holzwickede,Germany,1.0,0.0,0.0,0.0,1.0,0.0,1,0,1,0,1,1,5.964586928733951e-05,5,Netherlands / Belgium
IFK Trollhättan,Sweden,1.0,0.0,0.0,0.0,1.0,0.0,1,0,1,0,1,1,5.964586928733951e-05,5,Netherlands / Belgium
SV Spakenburg,Netherlands,1.0,0.0,4.0,0.0,5.0,0.0,4,3,1,4,1,5,0.0001167232365007,5,Netherlands / Belgium
Gold Coast United,Australia,1.0,0.0,3.0,0.0,4.0,0.0,4,3,1,3,1,4,9.29335675852871e-05,5,Netherlands / Belgium
FC Utrecht U19,Netherlands,5.0,0.0,0.0,0.0,5.0,0.0,2,0,2,0,5,5,5.964586928733951e-05,5,Netherlands / Belgium
FC Groningen/Cambuur U19,Netherlands,8.0,100000.0,0.0,0.0,8.0,100000.0,2,0,2,0,8,8,5.964586928733951e-05,5,Netherlands / Belgium
NAC Breda U21,Netherlands,8.0,0.0,1.0,0.0,9.0,0.0,2,1,1,1,8,9,7.180576042454956e-05,5,Netherlands / Belgium
FK Radnicki 1923 Kragujevac,Serbia,1.0,1250000.0,0.0,0.0,1.0,1250000.0,1,0,1,0,1,1,5.964586928733951e-05,5,Netherlands / Belgium
FC Boshuizen,Netherlands,1.0,0.0,0.0,0.0,1.0,0.0,1,0,1,0,1,1,5.964586928733951e-05,5,Netherlands / Belgium
Central Coast Mariners U21,Australia,1.0,0.0,0.0,0.0,1.0,0.0,1,0,1,0,1,1,5.964586928733951e-05,5,Netherlands / Belgium
Coritiba Foot Ball Club B,Brazil,1.0,0.0,1.0,0.0,2.0,0.0,2,1,1,1,1,2,7.259009207830443e-05,5,Netherlands / Belgium
FC Presikhaaf,Netherlands,2.0,0.0,0.0,0.0,2.0,0.0,1,0,1,0,2,2,5.964586928733951e-05,5,Netherlands / Belgium
PEC Zwolle U19,Netherlands,13.0,0.0,0.0,0.0,13.0,0.0,2,0,2,0,13,13,5.964586928733951e-05,5,Netherlands / Belgium
VV Zwaluwen Vlaardingen,Netherlands,1.0,0.0,0.0,0.0,1.0,0.0,1,0,1,0,1,1,5.964586928733951e-05,5,Netherlands / Belgium
F91 Dudelange,Luxembourg,2.0,0.0,1.0,0.0,3.0,0.0,3,1,2,1,2,3,7.09293974441842e-05,1,France / Belgium
SV Babelsberg 03,Germany,1.0,0.0,2.0,0.0,3.0,0.0,3,2,1,2,1,3,8.820027144787575e-05,5,Netherlands / Belgium
KSV Oudenaarde,Belgium,1.0,0.0,1.0,0.0,2.0,0.0,2,1,1,1,1,2,7.170586228497664e-05,5,Netherlands / Belgium
MSK Breclav,Czech Republic,2.0,0.0,1.0,0.0,3.0,0.0,2,1,1,1,2,3,7.170586228497664e-05,5,Netherlands / Belgium
Valur Reykjavík,Iceland,1.0,0.0,1.0,0.0,2.0,0.0,2,1,1,1,1,2,7.086822190638304e-05,5,Netherlands / Belgium
Vitesse Arnhem U21,Netherlands,21.0,200000.0,3.0,0.0,24.0,200000.0,10,3,7,3,21,24,9.52003558355912e-05,5,Netherlands / Belgium
SC Veendam (- 2013),Netherlands,3.0,0.0,0.0,0.0,3.0,0.0,1,0,1,0,3,3,5.964586928733951e-05,5,Netherlands / Belgium
SC Heerenveen U21,Netherlands,14.0,0.0,0.0,0.0,14.0,0.0,4,0,4,0,14,14,5.964586928733951e-05,5,Netherlands / Belgium
CSM Corona Brasov,Romania,1.0,0.0,0.0,0.0,1.0,0.0,1,0,1,0,1,1,5.964586928733951e-05,5,Netherlands / Belgium
PEC Zwolle U21,Netherlands,12.0,0.0,9.0,0.0,21.0,0.0,3,2,1,9,12,21,0.0001608027123022,5,Netherlands / Belgium
ADO '20 Heemskerk,Netherlands,1.0,0.0,0.0,0.0,1.0,0.0,1,0,1,0,1,1,5.964586928733951e-05,5,Netherlands / Belgium
Heracles Almelo U21,Netherlands,1.0,0.0,1.0,0.0,2.0,0.0,2,1,1,1,1,2,7.170586228497664e-05,5,Netherlands / Belgium
Volga Nizhniy Novgorod (-2016),Russia,1.0,0.0,2.0,0.0,3.0,0.0,3,2,1,2,1,3,8.074165484751712e-05,5,Netherlands / Belgium
Rijnsburgse Boys,Netherlands,1.0,0.0,0.0,0.0,1.0,0.0,1,0,1,0,1,1,5.964586928733951e-05,5,Netherlands / Belgium
Damash Gilan FC,Iran,1.0,250000.0,0.0,0.0,1.0,250000.0,1,0,1,0,1,1,5.964586928733951e-05,5,Netherlands / Belgium
Roda JC Kerkrade U21,Netherlands,11.0,0.0,1.0,0.0,12.0,0.0,2,1,1,1,11,12,7.511898658276472e-05,5,Netherlands / Belgium
VVOG Harderwijk,Netherlands,1.0,0.0,0.0,0.0,1.0,0.0,1,0,1,0,1,1,5.964586928733951e-05,5,Netherlands / Belgium
CSV Apeldoorn,Netherlands,1.0,0.0,2.0,0.0,3.0,0.0,3,2,1,2,1,3,8.864280871443171e-05,5,Netherlands / Belgium
DVS '33 Ermelo,Netherlands,1.0,0.0,1.0,0.0,2.0,0.0,2,1,1,1,1,2,7.538502274231335e-05,5,Netherlands / Belgium
GVVV Veenendaal,Netherlands,1.0,0.0,3.0,0.0,4.0,0.0,4,3,1,3,1,4,0.0001002670153988,5,Netherlands / Belgium
Excelsior '31 Rijssen,Netherlands,1.0,0.0,5.0,0.0,6.0,0.0,3,2,1,5,1,6,0.0001273041551901,5,Netherlands / Belgium
Chiangrai United,Thailand,1.0,0.0,1.0,0.0,2.0,0.0,2,1,1,1,1,2,7.102389134987198e-05,5,Netherlands / Belgium
OFI Crete FC,Greece,2.0,0.0,9.0,0.0,11.0,0.0,10,8,2,9,2,11,0.0001871807667551,5,Netherlands / Belgium
Viborg FF,Denmark,3.0,700000.0,6.0,0.0,9.0,700000.0,8,5,3,6,3,9,0.0001255995784014,5,Netherlands / Belgium
Vitesse Arnhem U19,Netherlands,7.0,0.0,0.0,0.0,7.0,0.0,1,0,1,0,7,7,5.964586928733951e-05,5,Netherlands / Belgium
FC Volendam U17,Netherlands,1.0,0.0,0.0,0.0,1.0,0.0,1,0,1,0,1,1,5.964586928733951e-05,5,Netherlands / Belgium
Marshall Thundering Herd (Marshall University),United States,1.0,0.0,0.0,0.0,1.0,0.0,1,0,1,0,1,1,5.964586928733951e-05,5,Netherlands / Belgium
Chernomorets 1919 Burgas,Bulgaria,1.0,0.0,7.0,250000.0,8.0,250000.0,8,7,1,7,1,8,0.0001370691426707,1,France / Belgium
Al-Shaab CSC,United Arab Emirates,1.0,0.0,0.0,0.0,1.0,0.0,1,0,1,0,1,1,5.964586928733951e-05,5,Netherlands / Belgium
FC Dordrecht U21,Netherlands,2.0,0.0,0.0,0.0,2.0,0.0,1,0,1,0,2,2,5.964586928733951e-05,5,Netherlands / Belgium
VV De Meern,Netherlands,1.0,0.0,1.0,0.0,2.0,0.0,2,1,1,1,1,2,6.996965407416947e-05,5,Netherlands / Belgium
Ajax Amateurs,Netherlands,1.0,0.0,2.0,0.0,3.0,0.0,3,2,1,2,1,3,8.951601007819651e-05,5,Netherlands / Belgium
FC Kuusysi,Finland,1.0,0.0,0.0,0.0,1.0,0.0,1,0,1,0,1,1,5.964586928733951e-05,5,Netherlands / Belgium
FC Brügge U21,Belgium,2.0,0.0,1.0,0.0,3.0,0.0,3,1,2,1,2,3,6.955794533801583e-05,5,Netherlands / Belgium
Feyenoord U19,Netherlands,17.0,0.0,1.0,0.0,18.0,0.0,3,1,2,1,17,18,7.102389134987198e-05,5,Netherlands / Belgium
KF Vushtrria,Kosovo,1.0,300000.0,0.0,0.0,1.0,300000.0,1,0,1,0,1,1,5.964586928733951e-05,5,Netherlands / Belgium
Achilles '29,Netherlands,2.0,0.0,11.0,0.0,13.0,0.0,9,7,2,11,2,13,0.0001919709558388,5,Netherlands / Belgium
KFC Turnhout,Belgium,1.0,0.0,0.0,0.0,1.0,0.0,1,0,1,0,1,1,5.964586928733951e-05,5,Netherlands / Belgium
SC Cambuur-Leeuwarden U21,Netherlands,2.0,0.0,2.0,0.0,4.0,0.0,3,2,1,2,2,4,8.448661009584678e-05,5,Netherlands / Belgium
FK Inter Baku,Azerbaijan,1.0,0.0,1.0,0.0,2.0,0.0,2,1,1,1,1,2,6.971175129723224e-05,5,Netherlands / Belgium
Sandnes Ulf,Norway,1.0,0.0,1.0,0.0,2.0,0.0,2,1,1,1,1,2,7.018278736933084e-05,5,Netherlands / Belgium
FC Lienden,Netherlands,1.0,50000.0,1.0,0.0,2.0,50000.0,2,1,1,1,1,2,7.330550932479465e-05,5,Netherlands / Belgium
Perth Glory,Australia,2.0,0.0,6.0,0.0,8.0,0.0,7,6,1,6,2,8,0.0001238095899725,0,England / Scotland
De Treffers,Netherlands,1.0,0.0,7.0,0.0,8.0,0.0,7,6,1,7,1,8,0.0001665051852532,5,Netherlands / Belgium
Western Sydney Wanderers,Australia,1.0,0.0,8.0,0.0,9.0,0.0,8,7,1,8,1,9,0.0001266708814942,3,Spain / Argentina
Central FC,Trinidad and Tobago,1.0,0.0,0.0,0.0,1.0,0.0,1,0,1,0,1,1,5.964586928733951e-05,5,Netherlands / Belgium
USV Elinkwijk,Netherlands,1.0,0.0,0.0,0.0,1.0,0.0,1,0,1,0,1,1,5.964586928733951e-05,5,Netherlands / Belgium
FK Radnik Bijeljina,Bosnia-Herzegovina,1.0,0.0,0.0,0.0,1.0,0.0,1,0,1,0,1,1,5.964586928733951e-05,5,Netherlands / Belgium
Ajax U18,Netherlands,1.0,0.0,0.0,0.0,1.0,0.0,1,0,1,0,1,1,5.964586928733951e-05,5,Netherlands / Belgium
Vitesse Arnheim U17,Netherlands,1.0,0.0,0.0,0.0,1.0,0.0,1,0,1,0,1,1,5.964586928733951e-05,5,Netherlands / Belgium
NEC Nijmegen U21,Netherlands,4.0,0.0,2.0,0.0,6.0,0.0,4,1,3,2,4,6,8.616144123157622e-05,5,Netherlands / Belgium
NEC Nijmegen U17,Netherlands,1.0,0.0,0.0,0.0,1.0,0.0,1,0,1,0,1,1,5.964586928733951e-05,5,Netherlands / Belgium
Excelsior Rotterdam U17,Netherlands,1.0,0.0,0.0,0.0,1.0,0.0,1,0,1,0,1,1,5.964586928733951e-05,5,Netherlands / Belgium
Willem II Tilburg U19,Netherlands,6.0,0.0,0.0,0.0,6.0,0.0,1,0,1,0,6,6,5.964586928733951e-05,5,Netherlands / Belgium
Aubagne FC,France,1.0,0.0,0.0,0.0,1.0,0.0,1,0,1,0,1,1,5.964586928733951e-05,5,Netherlands / Belgium
HVV Te Werve,Netherlands,1.0,0.0,0.0,0.0,1.0,0.0,1,0,1,0,1,1,5.964586928733951e-05,5,Netherlands / Belgium
KV Oostende U21,Belgium,1.0,0.0,0.0,0.0,1.0,0.0,1,0,1,0,1,1,5.964586928733951e-05,5,Netherlands / Belgium
Sparta Rotterdam U17,Netherlands,2.0,0.0,0.0,0.0,2.0,0.0,1,0,1,0,2,2,5.964586928733951e-05,5,Netherlands / Belgium
Go Ahead Eagles Deventer U19,Netherlands,1.0,0.0,0.0,0.0,1.0,0.0,1,0,1,0,1,1,5.964586928733951e-05,5,Netherlands / Belgium
Lokomotiv Plovdiv,Bulgaria,1.0,0.0,2.0,0.0,3.0,0.0,3,2,1,2,1,3,8.542462988199188e-05,5,Netherlands / Belgium
FC Groningen U17,Netherlands,1.0,0.0,0.0,0.0,1.0,0.0,1,0,1,0,1,1,5.964586928733951e-05,5,Netherlands / Belgium
SV Rödinghausen,Germany,1.0,0.0,0.0,0.0,1.0,0.0,1,0,1,0,1,1,5.964586928733951e-05,5,Netherlands / Belgium
ASV De Dijk,Netherlands,1.0,0.0,0.0,0.0,1.0,0.0,1,0,1,0,1,1,5.964586928733951e-05,5,Netherlands / Belgium
VVV-Venlo U19,Netherlands,7.0,0.0,0.0,0.0,7.0,0.0,1,0,1,0,7,7,5.964586928733951e-05,5,Netherlands / Belgium
FK Jablonec,Czech Republic,1.0,1500000.0,0.0,0.0,1.0,1500000.0,1,0,1,0,1,1,5.964586928733951e-05,5,Netherlands / Belgium
Zhejiang Yiteng,China,1.0,0.0,0.0,0.0,1.0,0.0,1,0,1,0,1,1,5.964586928733951e-05,5,Netherlands / Belgium
FC Emmen U19,Netherlands,5.0,0.0,0.0,0.0,5.0,0.0,1,0,1,0,5,5,5.964586928733951e-05,5,Netherlands / Belgium
SC Spelle-Venhaus,Germany,1.0,0.0,0.0,0.0,1.0,0.0,1,0,1,0,1,1,5.964586928733951e-05,5,Netherlands / Belgium
ACSM Politehnica Iasi,Romania,1.0,0.0,3.0,0.0,4.0,0.0,4,3,1,3,1,4,9.449662613171454e-05,4,Portugal / Brazil
Dunaújváros PASE,Hungary,1.0,0.0,0.0,0.0,1.0,0.0,1,0,1,0,1,1,5.964586928733951e-05,5,Netherlands / Belgium
Fortuna Sittard U19,Netherlands,3.0,0.0,0.0,0.0,3.0,0.0,1,0,1,0,3,3,5.964586928733951e-05,5,Netherlands / Belgium
Eastern SC,Hongkong,1.0,0.0,0.0,0.0,1.0,0.0,1,0,1,0,1,1,5.964586928733951e-05,5,Netherlands / Belgium
Kozakken Boys,Netherlands,1.0,0.0,3.0,0.0,4.0,0.0,3,2,1,3,1,4,9.652319138906354e-05,5,Netherlands / Belgium
FC Admira Wacker Mödling,Austria,2.0,600000.0,3.0,0.0,5.0,600000.0,4,3,1,3,2,5,9.109846353025196e-05,5,Netherlands / Belgium
TOP Oss,Netherlands,10.0,0.0,12.0,0.0,22.0,0.0,16,8,8,12,10,22,0.000222276707414,5,Netherlands / Belgium
SV TEC Tiel,Netherlands,1.0,0.0,1.0,0.0,2.0,0.0,2,1,1,1,1,2,7.180576042454956e-05,5,Netherlands / Belgium
VVV-Venlo U17,Netherlands,2.0,0.0,0.0,0.0,2.0,0.0,1,0,1,0,2,2,5.964586928733951e-05,5,Netherlands / Belgium
SD Aucas,Ecuador,2.0,0.0,2.0,0.0,4.0,0.0,2,1,1,2,2,4,8.284683481989693e-05,5,Netherlands / Belgium
OFK Backa,Serbia,1.0,0.0,1.0,0.0,2.0,0.0,2,1,1,1,1,2,8.011323374911483e-05,5,Netherlands / Belgium
NK Rudes U19,Croatia,1.0,0.0,0.0,0.0,1.0,0.0,1,0,1,0,1,1,5.964586928733951e-05,5,Netherlands / Belgium
KSC Lokeren II,Belgium,1.0,0.0,0.0,0.0,1.0,0.0,1,0,1,0,1,1,5.964586928733951e-05,5,Netherlands / Belgium
Kuopion Palloseura,Finland,1.0,0.0,0.0,0.0,1.0,0.0,1,0,1,0,1,1,5.964586928733951e-05,5,Netherlands / Belgium
VV IJsselmeervogels,Netherlands,1.0,0.0,3.0,0.0,4.0,0.0,3,2,1,3,1,4,9.912504049946002e-05,5,Netherlands / Belgium
Royal Antwerp FC U21,Belgium,1.0,0.0,0.0,0.0,1.0,0.0,1,0,1,0,1,1,5.964586928733951e-05,5,Netherlands / Belgium
VV Noordwijk,Netherlands,1.0,0.0,3.0,0.0,4.0,0.0,4,3,1,3,1,4,9.481039488267666e-05,5,Netherlands / Belgium
Hapoel Beer Sheva,Israel,1.0,0.0,4.0,0.0,5.0,0.0,5,4,1,4,1,5,0.0001124254555994,5,Netherlands / Belgium
Middlesbrough FC U23,England,1.0,0.0,1.0,0.0,2.0,0.0,2,1,1,1,1,2,7.102389134987198e-05,5,Netherlands / Belgium
Zemplin Michalovce,Slovakia,1.0,200000.0,1.0,0.0,2.0,200000.0,2,1,1,1,1,2,6.44005381688456e-05,5,Netherlands / Belgium
Academia Puerto Cabello U20,Venezuela,1.0,0.0,1.0,0.0,2.0,0.0,2,1,1,1,1,2,8.011323374911483e-05,5,Netherlands / Belgium
FC St. Pauli II,Germany,1.0,400000.0,0.0,0.0,1.0,400000.0,1,0,1,0,1,1,5.964586928733951e-05,5,Netherlands / Belgium
ETO FC Győr,Hungary,1.0,0.0,3.0,0.0,4.0,0.0,4,3,1,3,1,4,0.0001007521156629,5,Netherlands / Belgium
RKSV Groene Ster,Netherlands,1.0,0.0,3.0,0.0,4.0,0.0,2,1,1,3,1,4,0.0001210479626726,5,Netherlands / Belgium
EVV Echt,Netherlands,1.0,0.0,8.0,0.0,9.0,0.0,4,3,1,8,1,9,0.0001833037239655,5,Netherlands / Belgium
SV Straelen,Germany,1.0,0.0,2.0,0.0,3.0,0.0,3,2,1,2,1,3,8.202095941201913e-05,5,Netherlands / Belgium
sc Heerenveen U17,Netherlands,1.0,0.0,0.0,0.0,1.0,0.0,1,0,1,0,1,1,5.964586928733951e-05,5,Netherlands / Belgium
Club NXT,Belgium,1.0,0.0,0.0,0.0,1.0,0.0,1,0,1,0,1,1,5.964586928733951e-05,5,Netherlands / Belgium
Guangzhou City,China,1.0,0.0,0.0,0.0,1.0,0.0,1,0,1,0,1,1,5.964586928733951e-05,5,Netherlands / Belgium
KSK Lierse Kempenzonen U21,Belgium,1.0,0.0,0.0,0.0,1.0,0.0,1,0,1,0,1,1,5.964586928733951e-05,5,Netherlands / Belgium
Columbus Crew,United States,1.0,0.0,1.0,0.0,2.0,0.0,2,1,1,1,1,2,7.09903865556943e-05,6,Germany / Austria
Club Alianza Lima II,Peru,1.0,0.0,0.0,0.0,1.0,0.0,1,0,1,0,1,1,5.964586928733951e-05,5,Netherlands / Belgium
Beerschot V.A.,Belgium,2.0,0.0,5.0,0.0,7.0,0.0,7,5,2,5,2,7,0.000127073079707,0,England / Scotland
Falkenbergs FF,Sweden,1.0,0.0,1.0,0.0,2.0,0.0,2,1,1,1,1,2,8.011323374911483e-05,5,Netherlands / Belgium
Racing Club de Grasse,France,1.0,0.0,0.0,0.0,1.0,0.0,1,0,1,0,1,1,5.964586928733951e-05,5,Netherlands / Belgium
Fortuna Sittard U21,Netherlands,3.0,0.0,0.0,0.0,3.0,0.0,1,0,1,0,3,3,5.964586928733951e-05,5,Netherlands / Belgium
Gefle IF,Sweden,1.0,0.0,0.0,0.0,1.0,0.0,1,0,1,0,1,1,5.964586928733951e-05,5,Netherlands / Belgium
Go Ahead Eagles Deventer U21,Netherlands,2.0,0.0,0.0,0.0,2.0,0.0,1,0,1,0,2,2,5.964586928733951e-05,5,Netherlands / Belgium
Cape Town City FC,South Africa,1.0,0.0,1.0,0.0,2.0,0.0,2,1,1,1,1,2,7.67866513645544e-05,5,Netherlands / Belgium
FC Groningen U18,Netherlands,1.0,0.0,0.0,0.0,1.0,0.0,1,0,1,0,1,1,5.964586928733951e-05,5,Netherlands / Belgium
Ajman Club,United Arab Emirates,1.0,0.0,2.0,0.0,3.0,0.0,3,2,1,2,1,3,8.364340296263774e-05,4,Portugal / Brazil
KSC Lokeren-Temse,Belgium,1.0,0.0,1.0,20000.0,2.0,20000.0,2,1,1,1,1,2,7.597694277241465e-05,5,Netherlands / Belgium
Volos NPS,Greece,1.0,1200000.0,5.0,0.0,6.0,1200000.0,6,5,1,5,1,6,0.0001404902928915,3,Spain / Argentina
Montevideo City Torque,Uruguay,1.0,0.0,1.0,0.0,2.0,0.0,2,1,1,1,1,2,6.99609664143821e-05,5,Netherlands / Belgium
Bala Town FC,Wales,0.0,0.0,1.0,0.0,1.0,0.0,1,1,0,1,0,1,6.9537383897226e-05,0,England / Scotland
Grays Athletic FC,England,0.0,0.0,1.0,0.0,1.0,0.0,1,1,0,1,0,1,7.118376351027512e-05,0,England / Scotland
Redhill FC,England,0.0,0.0,1.0,0.0,1.0,0.0,1,1,0,1,0,1,7.058705042261675e-05,0,England / Scotland
AFC Wulfrunians,England,0.0,0.0,1.0,0.0,1.0,0.0,1,1,0,1,0,1,7.190049179102868e-05,0,England / Scotland
GKS Belchatow,Poland,0.0,0.0,1.0,0.0,1.0,0.0,1,1,0,1,0,1,7.163725875068519e-05,0,England / Scotland
Sparta Oborniki,Poland,0.0,0.0,1.0,0.0,1.0,0.0,1,1,0,1,0,1,7.42017586410456e-05,0,England / Scotland
Metalurg Donetsk (-2015),Ukraine,0.0,0.0,3.0,700000.0,3.0,700000.0,3,3,0,3,0,3,8.974932790974807e-05,6,Germany / Austria
Rugby Town FC,England,0.0,0.0,1.0,0.0,1.0,0.0,1,1,0,1,0,1,7.243222088602865e-05,0,England / Scotland
FC Dender,Nigeria,0.0,0.0,1.0,0.0,1.0,0.0,1,1,0,1,0,1,7.118376351027512e-05,0,England / Scotland
University College Dublin,Ireland,0.0,0.0,1.0,0.0,1.0,0.0,1,1,0,1,0,1,6.854538339144269e-05,0,England / Scotland
Forest Green Rovers,England,0.0,0.0,2.0,0.0,2.0,0.0,2,2,0,2,0,2,8.208905118747499e-05,0,England / Scotland
Guangzhou Evergrande,China,0.0,0.0,3.0,16000000.0,3.0,16000000.0,3,3,0,3,0,3,8.662259327798243e-05,6,Germany / Austria
Gretna FC 2008,Scotland,0.0,0.0,1.0,0.0,1.0,0.0,1,1,0,1,0,1,7.219776923078877e-05,0,England / Scotland
Neath FC,Wales,0.0,0.0,1.0,0.0,1.0,0.0,1,1,0,1,0,1,7.051850118584549e-05,0,England / Scotland
North Greenford United FC,England,0.0,0.0,1.0,0.0,1.0,0.0,1,1,0,1,0,1,7.309170932156326e-05,0,England / Scotland
Histon FC,England,0.0,0.0,1.0,0.0,1.0,0.0,1,1,0,1,0,1,7.309170932156326e-05,0,England / Scotland
Anagennisi Derynias,Cyprus,0.0,0.0,1.0,0.0,1.0,0.0,1,1,0,1,0,1,7.309170932156326e-05,0,England / Scotland
Ashington AFC,England,0.0,0.0,1.0,0.0,1.0,0.0,1,1,0,1,0,1,7.103842502392295e-05,0,England / Scotland
Newcastle Town FC,England,0.0,0.0,1.0,0.0,1.0,0.0,1,1,0,1,0,1,7.243222088602865e-05,0,England / Scotland
HBS Craeyenhout,Netherlands,0.0,0.0,6.0,0.0,6.0,0.0,2,2,0,6,0,6,0.0001273667700659,5,Netherlands / Belgium
Carshalton Athletic,England,0.0,0.0,1.0,0.0,1.0,0.0,1,1,0,1,0,1,7.219776923078877e-05,0,England / Scotland
Carmarthen Town AFC,Wales,0.0,0.0,1.0,0.0,1.0,0.0,1,1,0,1,0,1,7.051850118584549e-05,0,England / Scotland
Blyth Spartans,England,0.0,0.0,2.0,0.0,2.0,0.0,1,1,0,2,0,2,8.24309807605052e-05,0,England / Scotland
BFC Siófok,Hungary,0.0,0.0,1.0,0.0,1.0,0.0,1,1,0,1,0,1,7.118376351027512e-05,0,England / Scotland
Oxford City,England,0.0,0.0,1.0,0.0,1.0,0.0,1,1,0,1,0,1,7.324963931669311e-05,0,England / Scotland
FC United of Manchester,England,0.0,0.0,1.0,0.0,1.0,0.0,1,1,0,1,0,1,7.116279132912008e-05,0,England / Scotland
Carrick Rangers,Northern Ireland,0.0,0.0,1.0,0.0,1.0,0.0,1,1,0,1,0,1,7.309170932156326e-05,0,England / Scotland
KR Reykjavík,Iceland,0.0,0.0,2.0,0.0,2.0,0.0,2,2,0,2,0,2,8.35647364437357e-05,5,Netherlands / Belgium
Needham Market FC,England,0.0,0.0,1.0,0.0,1.0,0.0,1,1,0,1,0,1,6.837239648544994e-05,0,England / Scotland
Brackley Town,England,0.0,0.0,1.0,0.0,1.0,0.0,1,1,0,1,0,1,7.375488776530909e-05,0,England / Scotland
AO Episkopi Rethymnou,Greece,0.0,0.0,1.0,0.0,1.0,0.0,1,1,0,1,0,1,7.375488776530909e-05,0,England / Scotland
CD Cruz Azul Hidalgo,Mexico,0.0,0.0,1.0,0.0,1.0,0.0,1,1,0,1,0,1,7.460849587920809e-05,0,England / Scotland
Shelbourne FC,Ireland,0.0,0.0,1.0,0.0,1.0,0.0,1,1,0,1,0,1,7.42017586410456e-05,0,England / Scotland
Hyde FC,England,0.0,0.0,1.0,0.0,1.0,0.0,1,1,0,1,0,1,7.42017586410456e-05,0,England / Scotland
Guisborough Town FC,England,0.0,0.0,1.0,0.0,1.0,0.0,1,1,0,1,0,1,7.42017586410456e-05,0,England / Scotland
Gaziantep Büyüksehir Belediyespor,Turkey,0.0,0.0,2.0,0.0,2.0,0.0,2,2,0,2,0,2,8.809624838540941e-05,0,England / Scotland
Slough Town,England,0.0,0.0,1.0,0.0,1.0,0.0,1,1,0,1,0,1,6.896158126845837e-05,0,England / Scotland
Harlow Town,England,0.0,0.0,1.0,0.0,1.0,0.0,1,1,0,1,0,1,7.243222088602865e-05,0,England / Scotland
Hadley FC,England,0.0,0.0,1.0,0.0,1.0,0.0,1,1,0,1,0,1,7.051850118584549e-05,0,England / Scotland
FK Olimpik Sarajevo,Bosnia-Herzegovina,0.0,0.0,1.0,0.0,1.0,0.0,1,1,0,1,0,1,6.837239648544994e-05,0,England / Scotland
Orlando City SC,United States,0.0,0.0,8.0,1602000.0,8.0,1602000.0,6,6,0,8,0,8,0.0001363199425516,5,Netherlands / Belgium
Ebbsfleet United,England,0.0,0.0,1.0,0.0,1.0,0.0,1,1,0,1,0,1,6.976732185616294e-05,0,England / Scotland
Kerala Blasters FC,India,0.0,0.0,1.0,0.0,1.0,0.0,1,1,0,1,0,1,7.460849587920809e-05,0,England / Scotland
Kidderminster Harriers,England,0.0,0.0,1.0,0.0,1.0,0.0,1,1,0,1,0,1,7.23919345550092e-05,0,England / Scotland
UP Langreo,Spain,0.0,0.0,1.0,0.0,1.0,0.0,1,1,0,1,0,1,7.051850118584549e-05,0,England / Scotland
Beijing Renhe,China,0.0,0.0,3.0,5620000.0,3.0,5620000.0,3,3,0,3,0,3,8.967725237143514e-05,6,Germany / Austria
Gosport Borough,England,0.0,0.0,1.0,0.0,1.0,0.0,1,1,0,1,0,1,7.366438555712466e-05,0,England / Scotland
Weymouth FC,England,0.0,0.0,1.0,0.0,1.0,0.0,1,1,0,1,0,1,7.366438555712466e-05,0,England / Scotland
Limerick FC,Ireland,0.0,0.0,1.0,0.0,1.0,0.0,1,1,0,1,0,1,7.053222388541746e-05,0,England / Scotland
Levadia Tallinn,Estonia,0.0,0.0,1.0,0.0,1.0,0.0,1,1,0,1,0,1,6.858983003874031e-05,0,England / Scotland
Guiseley AFC,England,0.0,0.0,1.0,0.0,1.0,0.0,1,1,0,1,0,1,7.42017586410456e-05,0,England / Scotland
Guangzhou R&F,China,0.0,0.0,2.0,9350000.0,2.0,9350000.0,2,2,0,2,0,2,7.792794254078461e-05,3,Spain / Argentina
Gyeongnam FC,"Korea, South",0.0,0.0,2.0,0.0,2.0,0.0,2,2,0,2,0,2,8.616287993602658e-05,0,England / Scotland
Miedz Legnica,Poland,0.0,0.0,1.0,0.0,1.0,0.0,1,1,0,1,0,1,6.9537383897226e-05,0,England / Scotland
Pafos FC,Cyprus,0.0,0.0,5.0,0.0,5.0,0.0,5,5,0,5,0,5,0.0001355412615651,0,England / Scotland
Chorley FC,England,0.0,0.0,1.0,0.0,1.0,0.0,1,1,0,1,0,1,7.42017586410456e-05,0,England / Scotland
ACSC FC Arges,Romania,0.0,0.0,1.0,0.0,1.0,0.0,1,1,0,1,0,1,7.190049179102868e-05,0,England / Scotland
Billericay Town,England,0.0,0.0,1.0,0.0,1.0,0.0,1,1,0,1,0,1,7.460849587920809e-05,0,England / Scotland
Charlotte Independence,United States,0.0,0.0,2.0,0.0,2.0,0.0,2,2,0,2,0,2,8.209550114482633e-05,1,France / Belgium
Adana Demirspor,Turkey,0.0,0.0,5.0,0.0,5.0,0.0,5,5,0,5,0,5,0.0001132177324493,5,Netherlands / Belgium
FK Metalac Gornji Milanovac,Serbia,0.0,0.0,2.0,0.0,2.0,0.0,2,2,0,2,0,2,7.869483666760696e-05,0,England / Scotland
UE Lleida (- 2011),Spain,0.0,0.0,1.0,0.0,1.0,0.0,1,1,0,1,0,1,6.986997783909923e-05,3,Spain / Argentina
Universidad de Las Palmas (- 2011),Spain,0.0,0.0,1.0,0.0,1.0,0.0,1,1,0,1,0,1,7.345574134290896e-05,3,Spain / Argentina
Atlético Ceuta,Spain,0.0,0.0,4.0,0.0,4.0,0.0,4,4,0,4,0,4,0.0001171814820111,3,Spain / Argentina
Adap Galo Maringá Football Club (PR),Brazil,0.0,0.0,1.0,0.0,1.0,0.0,1,1,0,1,0,1,7.09567090310446e-05,3,Spain / Argentina
Villajoyosa CF,Spain,0.0,0.0,1.0,0.0,1.0,0.0,1,1,0,1,0,1,7.248364780613796e-05,3,Spain / Argentina
Clube Esportivo Lajeadense (RS),Brazil,0.0,0.0,2.0,0.0,2.0,0.0,2,2,0,2,0,2,8.730425925559472e-05,3,Spain / Argentina
Akademik Sofia,Bulgaria,0.0,0.0,1.0,0.0,1.0,0.0,1,1,0,1,0,1,7.088389255477891e-05,3,Spain / Argentina
UD Maracena,Spain,0.0,0.0,1.0,0.0,1.0,0.0,1,1,0,1,0,1,7.120010664217374e-05,3,Spain / Argentina
Montañeros CF,Spain,0.0,0.0,2.0,0.0,2.0,0.0,2,2,0,2,0,2,7.561536068373495e-05,3,Spain / Argentina
Alqueries CF,Spain,0.0,0.0,1.0,0.0,1.0,0.0,1,1,0,1,0,1,7.148409852699365e-05,3,Spain / Argentina
SD Noja,Spain,0.0,0.0,1.0,0.0,1.0,0.0,1,1,0,1,0,1,6.864013886266999e-05,3,Spain / Argentina
SD Beasain,Spain,0.0,0.0,1.0,0.0,1.0,0.0,1,1,0,1,0,1,6.864013886266999e-05,3,Spain / Argentina
Istanbul Büyüksehir Belediyespor,Turkey,0.0,0.0,6.0,2600000.0,6.0,2600000.0,6,6,0,6,0,6,0.0001290082532043,6,Germany / Austria
Club Cienciano,Peru,0.0,0.0,1.0,0.0,1.0,0.0,1,1,0,1,0,1,6.957338058108506e-05,3,Spain / Argentina
Guizhou Renhe,China,0.0,0.0,4.0,500000.0,4.0,500000.0,2,2,0,4,0,4,0.0001058069338474,3,Spain / Argentina
Huracán Valencia CF,Spain,0.0,0.0,1.0,0.0,1.0,0.0,1,1,0,1,0,1,7.096063510071575e-05,3,Spain / Argentina
Esteghlal FC,Iran,0.0,0.0,2.0,828000.0,2.0,828000.0,2,2,0,2,0,2,8.7431741639275e-05,3,Spain / Argentina
San Fernando CD,Spain,0.0,0.0,3.0,0.0,3.0,0.0,3,3,0,3,0,3,0.0001000442709145,3,Spain / Argentina
New York Cosmos,United States,0.0,0.0,3.0,0.0,3.0,0.0,3,3,0,3,0,3,8.611277741598553e-05,3,Spain / Argentina
CD Plaza Amador,Panama,0.0,0.0,1.0,0.0,1.0,0.0,1,1,0,1,0,1,7.017841179139171e-05,3,Spain / Argentina
AEL Kalloni,Greece,0.0,0.0,2.0,0.0,2.0,0.0,2,2,0,2,0,2,8.342255927376417e-05,1,France / Belgium
Olímpic Xàtiva,Spain,0.0,0.0,1.0,0.0,1.0,0.0,1,1,0,1,0,1,7.215847102697954e-05,3,Spain / Argentina
CSMS Iași,Romania,0.0,0.0,1.0,0.0,1.0,0.0,1,1,0,1,0,1,7.120010664217374e-05,3,Spain / Argentina
Jiangsu Guoxin Sainty,China,0.0,0.0,1.0,5000000.0,1.0,5000000.0,1,1,0,1,0,1,6.979149844786596e-05,3,Spain / Argentina
Gernika Club,Spain,0.0,0.0,1.0,0.0,1.0,0.0,1,1,0,1,0,1,7.215847102697954e-05,3,Spain / Argentina
La Roda CF,Spain,0.0,0.0,1.0,0.0,1.0,0.0,1,1,0,1,0,1,7.215847102697954e-05,3,Spain / Argentina
CD Everton,Chile,0.0,0.0,1.0,0.0,1.0,0.0,1,1,0,1,0,1,6.962603673062772e-05,3,Spain / Argentina
CD Palestino,Chile,0.0,0.0,1.0,0.0,1.0,0.0,1,1,0,1,0,1,7.120010664217374e-05,3,Spain / Argentina
Zamudio SD,Spain,0.0,0.0,1.0,0.0,1.0,0.0,1,1,0,1,0,1,7.215847102697954e-05,3,Spain / Argentina
Tianjin Quanjian,China,0.0,0.0,2.0,23700000.0,2.0,23700000.0,2,2,0,2,0,2,7.942464765759067e-05,6,Germany / Austria
Port FC,Thailand,0.0,0.0,1.0,0.0,1.0,0.0,1,1,0,1,0,1,7.230934563702073e-05,3,Spain / Argentina
UE Olot,Spain,0.0,0.0,1.0,0.0,1.0,0.0,1,1,0,1,0,1,7.132112630905428e-05,3,Spain / Argentina
FK Palanga (-2020),Lithuania,0.0,0.0,1.0,0.0,1.0,0.0,1,1,0,1,0,1,7.021362436937344e-05,3,Spain / Argentina
Henan Jianye,China,0.0,0.0,2.0,1600000.0,2.0,1600000.0,2,2,0,2,0,2,8.113601571622062e-05,6,Germany / Austria
V-Varen Nagasaki,Japan,0.0,0.0,1.0,0.0,1.0,0.0,1,1,0,1,0,1,6.903084210735409e-05,3,Spain / Argentina
CD Teruel,Spain,0.0,0.0,1.0,0.0,1.0,0.0,1,1,0,1,0,1,7.148100472290707e-05,3,Spain / Argentina
Watford FC U23,England,0.0,0.0,1.0,0.0,1.0,0.0,1,1,0,1,0,1,7.096063510071575e-05,3,Spain / Argentina
Avispa Fukuoka,Japan,0.0,0.0,3.0,0.0,3.0,0.0,3,3,0,3,0,3,0.0001062327979831,4,Portugal / Brazil
Algeciras CF,Spain,0.0,0.0,1.0,0.0,1.0,0.0,1,1,0,1,0,1,7.096063510071575e-05,3,Spain / Argentina
Real Ávila CF,Spain,0.0,0.0,1.0,0.0,1.0,0.0,1,1,0,1,0,1,7.017841179139171e-05,3,Spain / Argentina
FC Juárez,Mexico,0.0,0.0,3.0,0.0,3.0,0.0,2,2,0,3,0,3,7.9321518908713e-05,2,Italy / Romania
Aris Limassol,Cyprus,0.0,0.0,6.0,0.0,6.0,0.0,6,6,0,6,0,6,0.0001270594703676,3,Spain / Argentina
Mar Menor FC,Spain,0.0,0.0,1.0,0.0,1.0,0.0,1,1,0,1,0,1,7.102061095872824e-05,3,Spain / Argentina
UD Fuengirola,Spain,0.0,0.0,1.0,0.0,1.0,0.0,1,1,0,1,0,1,6.419990598931032e-05,2,Italy / Romania
AC Ancona,Italy,0.0,0.0,3.0,0.0,3.0,0.0,3,3,0,3,0,3,7.312683242503253e-05,2,Italy / Romania
Cosenza Calcio 1914,Italy,0.0,0.0,5.0,0.0,5.0,0.0,3,3,0,5,0,5,8.440486995902822e-05,2,Italy / Romania
ASD Rondinella Marzocco,Italy,0.0,0.0,2.0,0.0,2.0,0.0,1,1,0,2,0,2,6.888189307215103e-05,2,Italy / Romania
Pomezia Calcio,Italy,0.0,0.0,4.0,0.0,4.0,0.0,4,4,0,4,0,4,8.48399655469233e-05,2,Italy / Romania
ASD Morolo Calcio,Italy,0.0,0.0,1.0,0.0,1.0,0.0,1,1,0,1,0,1,6.426388117974522e-05,2,Italy / Romania
ASD Sanluri Calcio,Italy,0.0,0.0,1.0,0.0,1.0,0.0,1,1,0,1,0,1,6.426388117974522e-05,2,Italy / Romania
NK Varteks Varazdin,Croatia,0.0,0.0,1.0,0.0,1.0,0.0,1,1,0,1,0,1,6.394781414062478e-05,2,Italy / Romania
Ravenna Calcio,Italy,0.0,0.0,5.0,500120000.0,5.0,500120000.0,5,5,0,5,0,5,9.16587175709969e-05,2,Italy / Romania
SC Spezia,Italy,0.0,0.0,6.0,1000000000.0,6.0,1000000000.0,4,4,0,6,0,6,9.03323171376988e-05,2,Italy / Romania
FC Esperia Viareggio,Italy,0.0,0.0,26.0,0.0,26.0,0.0,11,11,0,26,0,26,0.0002220119760807,2,Italy / Romania
AS Calcio Figline,Italy,0.0,0.0,4.0,0.0,4.0,0.0,3,3,0,4,0,4,7.767741932810519e-05,2,Italy / Romania
Giulianova Calcio,Italy,0.0,0.0,7.0,0.0,7.0,0.0,6,6,0,7,0,7,0.0001162706428913,2,Italy / Romania
AC Monopoli,Italy,0.0,0.0,1.0,0.0,1.0,0.0,1,1,0,1,0,1,6.57982052096803e-05,2,Italy / Romania
AS Pescina Valle del Giovenco,Italy,0.0,0.0,4.0,0.0,4.0,0.0,3,3,0,4,0,4,9.505065834248578e-05,2,Italy / Romania
FC Canavese,Italy,0.0,0.0,2.0,0.0,2.0,0.0,1,1,0,2,0,2,6.841107805243808e-05,2,Italy / Romania
AC Arezzo,Italy,0.0,0.0,5.0,0.0,5.0,0.0,3,3,0,5,0,5,0.0001061071288008,2,Italy / Romania
ASD Sporting Terni,Italy,0.0,0.0,1.0,0.0,1.0,0.0,1,1,0,1,0,1,6.955794533801583e-05,2,Italy / Romania
Santegidiese Calcio,Italy,0.0,0.0,1.0,0.0,1.0,0.0,1,1,0,1,0,1,6.955794533801583e-05,2,Italy / Romania
AC Sangiustese,Italy,0.0,0.0,1.0,0.0,1.0,0.0,1,1,0,1,0,1,6.955794533801583e-05,2,Italy / Romania
Sansepolcro Calcio,Italy,0.0,0.0,2.0,0.0,2.0,0.0,2,2,0,2,0,2,7.794261013313116e-05,2,Italy / Romania
Crociati Noceto,Italy,0.0,0.0,5.0,0.0,5.0,0.0,2,2,0,5,0,5,9.798598714593908e-05,2,Italy / Romania
Perugia Calcio,Italy,0.0,0.0,3.0,0.0,3.0,0.0,3,3,0,3,0,3,8.586286686941048e-05,2,Italy / Romania
AC Sporting Cecina,Italy,0.0,0.0,1.0,0.0,1.0,0.0,1,1,0,1,0,1,6.478453820312686e-05,2,Italy / Romania
Noicattaro Calcio,Italy,0.0,0.0,3.0,0.0,3.0,0.0,1,1,0,3,0,3,8.65233468898012e-05,2,Italy / Romania
Igea 1946,Italy,0.0,0.0,4.0,0.0,4.0,0.0,4,4,0,4,0,4,8.25400712875166e-05,2,Italy / Romania
Gallipoli Calcio,Italy,0.0,0.0,9.0,0.0,9.0,0.0,7,7,0,9,0,9,0.0001204231408635,2,Italy / Romania
AC Pro Sesto,Italy,0.0,0.0,4.0,0.0,4.0,0.0,3,3,0,4,0,4,8.46973486285045e-05,2,Italy / Romania
US Caravaggese,Italy,0.0,0.0,1.0,0.0,1.0,0.0,1,1,0,1,0,1,6.387944754261553e-05,2,Italy / Romania
Sangiovannese 1927,Italy,0.0,0.0,4.0,0.0,4.0,0.0,2,2,0,4,0,4,8.84117327904815e-05,2,Italy / Romania
Cisco Roma,Italy,0.0,0.0,1.0,0.0,1.0,0.0,1,1,0,1,0,1,7.163006219994274e-05,2,Italy / Romania
Unirea Alba Iulia,Romania,0.0,0.0,1.0,0.0,1.0,0.0,1,1,0,1,0,1,6.40611233289008e-05,2,Italy / Romania
FC Locarno,Switzerland,0.0,0.0,1.0,0.0,1.0,0.0,1,1,0,1,0,1,6.478453820312686e-05,2,Italy / Romania
Olbia Calcio,Italy,0.0,0.0,1.0,0.0,1.0,0.0,1,1,0,1,0,1,6.485513661486118e-05,2,Italy / Romania
The Strongest La Paz,Bolivia,0.0,0.0,2.0,0.0,2.0,0.0,2,2,0,2,0,2,7.778239812228344e-05,2,Italy / Romania
Turris Calcio,Italy,0.0,0.0,1.0,0.0,1.0,0.0,1,1,0,1,0,1,7.163006219994274e-05,2,Italy / Romania
FC Pro Vasto,Italy,0.0,0.0,1.0,0.0,1.0,0.0,1,1,0,1,0,1,6.640363740911812e-05,2,Italy / Romania
Büyüksehir Belediyespor,Turkey,0.0,0.0,1.0,0.0,1.0,0.0,1,1,0,1,0,1,6.40611233289008e-05,2,Italy / Romania
Diagoras Rodou,Greece,0.0,0.0,1.0,0.0,1.0,0.0,1,1,0,1,0,1,6.678840991586686e-05,2,Italy / Romania
Selargius Calcio,Italy,0.0,0.0,1.0,0.0,1.0,0.0,1,1,0,1,0,1,6.678840991586686e-05,2,Italy / Romania
FC Matera,Italy,0.0,0.0,3.0,0.0,3.0,0.0,2,2,0,3,0,3,7.313706838106733e-05,2,Italy / Romania
AC Rinascita Messina,Italy,0.0,0.0,3.0,0.0,3.0,0.0,3,3,0,3,0,3,7.620299733551085e-05,2,Italy / Romania
UTA Bătrâna Doamnă Arad,Romania,0.0,0.0,3.0,0.0,3.0,0.0,3,3,0,3,0,3,9.484198359971118e-05,2,Italy / Romania
Manisaspor,Turkey,0.0,0.0,4.0,1700000.0,4.0,1700000.0,4,4,0,4,0,4,0.0001150876439837,4,Portugal / Brazil
Valenzana Calcio,Italy,0.0,0.0,2.0,0.0,2.0,0.0,2,2,0,2,0,2,7.698969328327536e-05,2,Italy / Romania
AC Mezzocorona,Italy,0.0,0.0,1.0,0.0,1.0,0.0,1,1,0,1,0,1,6.803053408245477e-05,2,Italy / Romania
FC Wohlen,Switzerland,0.0,0.0,1.0,0.0,1.0,0.0,1,1,0,1,0,1,6.41575416815005e-05,2,Italy / Romania
SC Ligorna 1922,Italy,0.0,0.0,5.0,0.0,5.0,0.0,2,2,0,5,0,5,8.345822430139727e-05,2,Italy / Romania
FC Fondi 1922,Italy,0.0,0.0,12.0,0.0,12.0,0.0,3,3,0,12,0,12,0.0001676935562298,2,Italy / Romania
AC Montichiari,Italy,0.0,0.0,1.0,0.0,1.0,0.0,1,1,0,1,0,1,6.640363740911812e-05,2,Italy / Romania
Mixto Esporte Clube (MT),Brazil,0.0,0.0,2.0,0.0,2.0,0.0,2,2,0,2,0,2,8.354441948633307e-05,4,Portugal / Brazil
Bassano Virtus 55 ST,Italy,0.0,0.0,19.0,0.0,19.0,0.0,11,11,0,19,0,19,0.0001628005967546,2,Italy / Romania
Prato Youth,Italy,0.0,0.0,1.0,0.0,1.0,0.0,1,1,0,1,0,1,6.485513661486118e-05,2,Italy / Romania
Sacilese Calcio,Italy,0.0,0.0,2.0,0.0,2.0,0.0,1,1,0,2,0,2,6.847637737046207e-05,2,Italy / Romania
SC Kriens,Switzerland,0.0,0.0,2.0,0.0,2.0,0.0,1,1,0,2,0,2,6.847637737046207e-05,2,Italy / Romania
Colorno Calcio,Italy,0.0,0.0,2.0,0.0,2.0,0.0,1,1,0,2,0,2,7.947002138869223e-05,2,Italy / Romania
Solbiatese Arno Calcio,Italy,0.0,0.0,1.0,0.0,1.0,0.0,1,1,0,1,0,1,7.107695868651365e-05,2,Italy / Romania
Feralpisalò,Italy,0.0,0.0,31.0,160000.0,31.0,160000.0,15,15,0,31,0,31,0.0002374936394888,2,Italy / Romania
Ethnikos Piraeus,Greece,0.0,0.0,3.0,0.0,3.0,0.0,3,3,0,3,0,3,0.0001052500792817,4,Portugal / Brazil
Shaanxi Chanba,China,0.0,0.0,1.0,0.0,1.0,0.0,1,1,0,1,0,1,6.44005381688456e-05,2,Italy / Romania
AS Casale Calcio,Italy,0.0,0.0,4.0,0.0,4.0,0.0,3,3,0,4,0,4,7.730534731831936e-05,2,Italy / Romania
RD Internapoli,Italy,0.0,0.0,1.0,0.0,1.0,0.0,1,1,0,1,0,1,6.430656029794482e-05,2,Italy / Romania
CS Mioveni,Romania,0.0,0.0,1.0,300000.0,1.0,300000.0,1,1,0,1,0,1,7.163006219994274e-05,2,Italy / Romania
GSD Lascaris,Italy,0.0,0.0,1.0,0.0,1.0,0.0,1,1,0,1,0,1,6.727103291713188e-05,2,Italy / Romania
US Borgo a Buggiano 1920,Italy,0.0,0.0,8.0,0.0,8.0,0.0,2,2,0,8,0,8,0.0001182312820234,2,Italy / Romania
ASD Martina,Italy,0.0,0.0,1.0,0.0,1.0,0.0,1,1,0,1,0,1,6.727103291713188e-05,2,Italy / Romania
US Sambenedettese 1923,Italy,0.0,0.0,1.0,0.0,1.0,0.0,1,1,0,1,0,1,6.727103291713188e-05,2,Italy / Romania
Casertana FC,Italy,0.0,0.0,19.0,0.0,19.0,0.0,14,14,0,19,0,19,0.0002006014365257,2,Italy / Romania
US Folgore Caratese,Italy,0.0,0.0,3.0,0.0,3.0,0.0,3,3,0,3,0,3,7.214622978497067e-05,2,Italy / Romania
FC Tiraspol,Moldova,0.0,0.0,1.0,0.0,1.0,0.0,1,1,0,1,0,1,6.394781414062478e-05,2,Italy / Romania
AC Cuneo 1905,Italy,0.0,0.0,17.0,0.0,17.0,0.0,11,11,0,17,0,17,0.0001565612714651,2,Italy / Romania
CS Visé,Belgium,0.0,0.0,2.0,0.0,2.0,0.0,2,2,0,2,0,2,7.018080959222956e-05,2,Italy / Romania
FC Snagov,Romania,0.0,0.0,1.0,0.0,1.0,0.0,1,1,0,1,0,1,6.485513661486118e-05,2,Italy / Romania
Celano FC Marsica,Italy,0.0,0.0,3.0,0.0,3.0,0.0,3,3,0,3,0,3,7.682495587448052e-05,2,Italy / Romania
Deportivo Cuenca,Ecuador,0.0,0.0,1.0,0.0,1.0,0.0,1,1,0,1,0,1,6.40611233289008e-05,2,Italy / Romania
Hamrun Spartans,Malta,0.0,0.0,2.0,0.0,2.0,0.0,2,2,0,2,0,2,7.372669183572172e-05,2,Italy / Romania
Red Star FC 93,France,0.0,0.0,4.0,0.0,4.0,0.0,4,4,0,4,0,4,9.544229501917784e-05,1,France / Belgium
Acqui US 1911,Italy,0.0,0.0,1.0,0.0,1.0,0.0,1,1,0,1,0,1,6.478453820312686e-05,2,Italy / Romania
FC Brüssel,Belgium,0.0,0.0,5.0,0.0,5.0,0.0,5,5,0,5,0,5,0.000109282189232,1,France / Belgium
Nacional Esporte Clube Ltda. (MG),Brazil,0.0,0.0,1.0,0.0,1.0,0.0,1,1,0,1,0,1,6.419990598931032e-05,2,Italy / Romania
Royal Boussu Dour Borinage,Belgium,0.0,0.0,1.0,0.0,1.0,0.0,1,1,0,1,0,1,6.426388117974522e-05,2,Italy / Romania
AFC Chindia Targoviste,Romania,0.0,0.0,2.0,0.0,2.0,0.0,2,2,0,2,0,2,6.90185500612514e-05,2,Italy / Romania
FC Dinamo II,Romania,0.0,0.0,1.0,0.0,1.0,0.0,1,1,0,1,0,1,6.426388117974522e-05,2,Italy / Romania
Ebolitana Calcio 1925,Italy,0.0,0.0,1.0,0.0,1.0,0.0,1,1,0,1,0,1,6.699163161791367e-05,2,Italy / Romania
JEF United Chiba,Japan,0.0,0.0,2.0,300000.0,2.0,300000.0,2,2,0,2,0,2,7.925522582973507e-05,2,Italy / Romania
Hönefoss BK,Norway,0.0,0.0,1.0,0.0,1.0,0.0,1,1,0,1,0,1,6.803053408245477e-05,2,Italy / Romania
Qormi FC,Malta,0.0,0.0,5.0,0.0,5.0,0.0,3,3,0,5,0,5,0.0001081240584737,2,Italy / Romania
FK Javor-Matis Ivanjica,Serbia,0.0,0.0,1.0,0.0,1.0,0.0,1,1,0,1,0,1,6.40611233289008e-05,2,Italy / Romania
CF Braila,Romania,0.0,0.0,1.0,0.0,1.0,0.0,1,1,0,1,0,1,6.40611233289008e-05,2,Italy / Romania
Valle d'Aosta Calcio,Italy,0.0,0.0,3.0,0.0,3.0,0.0,2,2,0,3,0,3,7.516884617421671e-05,2,Italy / Romania
Tritium Calcio 1908,Italy,0.0,0.0,2.0,0.0,2.0,0.0,2,2,0,2,0,2,6.836306818218608e-05,2,Italy / Romania
AS Fokikos Amfissas,Greece,0.0,0.0,1.0,0.0,1.0,0.0,1,1,0,1,0,1,6.40611233289008e-05,2,Italy / Romania
CS Otopeni,Romania,0.0,0.0,1.0,0.0,1.0,0.0,1,1,0,1,0,1,6.40611233289008e-05,2,Italy / Romania
Botev Vratsa,Bulgaria,0.0,0.0,3.0,0.0,3.0,0.0,3,3,0,3,0,3,7.808405985007788e-05,2,Italy / Romania
Club Almirante Brown,Argentina,0.0,0.0,1.0,0.0,1.0,0.0,1,1,0,1,0,1,6.430656029794482e-05,2,Italy / Romania
ASD Acireale Calcio,Italy,0.0,0.0,1.0,0.0,1.0,0.0,1,1,0,1,0,1,6.430656029794482e-05,2,Italy / Romania
Fujieda MYFC,Japan,0.0,0.0,1.0,0.0,1.0,0.0,1,1,0,1,0,1,6.419990598931032e-05,2,Italy / Romania
Royal Francs Borains,Belgium,0.0,0.0,3.0,0.0,3.0,0.0,3,3,0,3,0,3,8.100700605960784e-05,2,Italy / Romania
Ars et Labor Grottaglie,Italy,0.0,0.0,1.0,0.0,1.0,0.0,1,1,0,1,0,1,6.955794533801583e-05,2,Italy / Romania
Unirea Dej,Romania,0.0,0.0,1.0,0.0,1.0,0.0,1,1,0,1,0,1,6.955794533801583e-05,2,Italy / Romania
CD San Luis de Quillota,Chile,0.0,0.0,1.0,0.0,1.0,0.0,1,1,0,1,0,1,6.640363740911812e-05,2,Italy / Romania
FC Castiglione,Italy,0.0,0.0,4.0,0.0,4.0,0.0,2,2,0,4,0,4,8.44308460468364e-05,2,Italy / Romania
SSD Pro Sesto,Italy,0.0,0.0,1.0,0.0,1.0,0.0,1,1,0,1,0,1,6.387944754261553e-05,2,Italy / Romania
Sliema Wanderers,Malta,0.0,0.0,5.0,0.0,5.0,0.0,4,4,0,5,0,5,0.0001066243206221,2,Italy / Romania
NK Triglav Kranj,Slovenia,0.0,0.0,2.0,0.0,2.0,0.0,2,2,0,2,0,2,7.109035476915212e-05,2,Italy / Romania
SC Vallée d’Aoste,Italy,0.0,0.0,3.0,0.0,3.0,0.0,3,3,0,3,0,3,7.920828664796421e-05,2,Italy / Romania
AC Savoia 1908,Italy,0.0,0.0,8.0,0.0,8.0,0.0,5,5,0,8,0,8,0.0001216276479393,2,Italy / Romania
CS Flacara Faget,Romania,0.0,0.0,1.0,0.0,1.0,0.0,1,1,0,1,0,1,6.394781414062478e-05,2,Italy / Romania
Brown Bears (Brown University),United States,0.0,0.0,1.0,0.0,1.0,0.0,1,1,0,1,0,1,6.394781414062478e-05,2,Italy / Romania
SC Kriens II,Switzerland,0.0,0.0,1.0,0.0,1.0,0.0,1,1,0,1,0,1,6.955794533801583e-05,2,Italy / Romania
Renato Curi Angolana,Italy,0.0,0.0,1.0,0.0,1.0,0.0,1,1,0,1,0,1,7.01345882153105e-05,2,Italy / Romania
Msida St. Joseph FC,Malta,0.0,0.0,1.0,0.0,1.0,0.0,1,1,0,1,0,1,6.590612407875949e-05,2,Italy / Romania
Correggese Calcio 1948,Italy,0.0,0.0,6.0,0.0,6.0,0.0,3,3,0,6,0,6,0.0001013567326254,2,Italy / Romania
Mariano Keller,Italy,0.0,0.0,2.0,0.0,2.0,0.0,2,2,0,2,0,2,7.421863634862115e-05,2,Italy / Romania
FC Sambiase Calcio,Italy,0.0,0.0,1.0,0.0,1.0,0.0,1,1,0,1,0,1,7.163006219994274e-05,2,Italy / Romania
NFC Orlandina,Italy,0.0,0.0,1.0,0.0,1.0,0.0,1,1,0,1,0,1,7.163006219994274e-05,2,Italy / Romania
AS Castel Rigone,Italy,0.0,0.0,3.0,0.0,3.0,0.0,3,3,0,3,0,3,8.333055054303192e-05,2,Italy / Romania
HNK Gorica,Croatia,0.0,0.0,5.0,0.0,5.0,0.0,4,4,0,5,0,5,9.417292255356936e-05,2,Italy / Romania
ASD Olbia 1905,Italy,0.0,0.0,1.0,0.0,1.0,0.0,1,1,0,1,0,1,6.678840991586686e-05,2,Italy / Romania
Santiago Wanderers,Chile,0.0,0.0,2.0,0.0,2.0,0.0,2,2,0,2,0,2,8.062699402787353e-05,2,Italy / Romania
Polisportiva Tirreno,Italy,0.0,0.0,1.0,0.0,1.0,0.0,1,1,0,1,0,1,7.541772670035187e-05,2,Italy / Romania
Miami United FC,United States,0.0,0.0,1.0,0.0,1.0,0.0,1,1,0,1,0,1,6.41575416815005e-05,2,Italy / Romania
Real Vicenza VS,Italy,0.0,0.0,6.0,0.0,6.0,0.0,5,5,0,6,0,6,0.0001013823210786,2,Italy / Romania
Nuova Cosenza Calcio,Italy,0.0,0.0,2.0,0.0,2.0,0.0,2,2,0,2,0,2,6.845948653478581e-05,2,Italy / Romania
GSD RapalloBogliasco,Italy,0.0,0.0,1.0,0.0,1.0,0.0,1,1,0,1,0,1,6.41575416815005e-05,2,Italy / Romania
FC Vado,Italy,0.0,0.0,4.0,0.0,4.0,0.0,2,2,0,4,0,4,7.894655190723634e-05,2,Italy / Romania
ASDC Borgomanero,Italy,0.0,0.0,1.0,0.0,1.0,0.0,1,1,0,1,0,1,6.640363740911812e-05,2,Italy / Romania
Chorrillo FC,Panama,0.0,0.0,1.0,0.0,1.0,0.0,1,1,0,1,0,1,6.640363740911812e-05,2,Italy / Romania
USD Virtusvecomp Verona,Italy,0.0,0.0,1.0,0.0,1.0,0.0,1,1,0,1,0,1,6.640363740911812e-05,2,Italy / Romania
ASD Sanvitese,Italy,0.0,0.0,2.0,0.0,2.0,0.0,1,1,0,2,0,2,6.847637737046207e-05,2,Italy / Romania
Dubai Cultural Sports Club,United Arab Emirates,0.0,0.0,1.0,0.0,1.0,0.0,1,1,0,1,0,1,6.44005381688456e-05,2,Italy / Romania
FC Biel-Bienne,Switzerland,0.0,0.0,2.0,0.0,2.0,0.0,2,2,0,2,0,2,7.217205338203513e-05,1,France / Belgium
FC Legnago Salus,Italy,0.0,0.0,6.0,0.0,6.0,0.0,6,6,0,6,0,6,9.74529253988143e-05,2,Italy / Romania
ACD Trissino Valdagno,Italy,0.0,0.0,1.0,0.0,1.0,0.0,1,1,0,1,0,1,6.683468523626773e-05,2,Italy / Romania
Boca San Lazzaro,Italy,0.0,0.0,1.0,0.0,1.0,0.0,1,1,0,1,0,1,6.955794533801583e-05,2,Italy / Romania
APS Zakynthos,Greece,0.0,0.0,4.0,0.0,4.0,0.0,1,1,0,4,0,4,9.929417349004476e-05,2,Italy / Romania
Victorian Institute of Sport,Australia,0.0,0.0,1.0,0.0,1.0,0.0,1,1,0,1,0,1,6.955794533801583e-05,2,Italy / Romania
ASD Valtarese Calcio,Italy,0.0,0.0,1.0,0.0,1.0,0.0,1,1,0,1,0,1,6.955794533801583e-05,2,Italy / Romania
Brönshöj Boldklub,Denmark,0.0,0.0,1.0,0.0,1.0,0.0,1,1,0,1,0,1,6.955794533801583e-05,2,Italy / Romania
Mosta FC,Malta,0.0,0.0,9.0,0.0,9.0,0.0,6,6,0,9,0,9,0.0001217250601647,2,Italy / Romania
Vittoriosa Stars FC,Malta,0.0,0.0,1.0,0.0,1.0,0.0,1,1,0,1,0,1,6.41575416815005e-05,2,Italy / Romania
Thermal Abano Teolo,Italy,0.0,0.0,1.0,90000.0,1.0,90000.0,1,1,0,1,0,1,7.163006219994274e-05,2,Italy / Romania
Comercial Futebol Clube (SP),Brazil,0.0,0.0,1.0,0.0,1.0,0.0,1,1,0,1,0,1,6.426388117974522e-05,2,Italy / Romania
Clube Atlético Paranaense B,Brazil,0.0,0.0,2.0,0.0,2.0,0.0,1,1,0,2,0,2,6.888189307215103e-05,2,Italy / Romania
USD Novese,Italy,0.0,0.0,1.0,0.0,1.0,0.0,1,1,0,1,0,1,6.419990598931032e-05,2,Italy / Romania
Don Bosco Moca,Dominican Republic,0.0,0.0,1.0,0.0,1.0,0.0,1,1,0,1,0,1,6.955794533801583e-05,2,Italy / Romania
CD Barco,Spain,0.0,0.0,1.0,0.0,1.0,0.0,1,1,0,1,0,1,6.955794533801583e-05,2,Italy / Romania
SK Vysoké Mýto,Czech Republic,0.0,0.0,1.0,0.0,1.0,0.0,1,1,0,1,0,1,6.955794533801583e-05,2,Italy / Romania
USD San Marco Avenza,Italy,0.0,0.0,1.0,0.0,1.0,0.0,1,1,0,1,0,1,6.955794533801583e-05,2,Italy / Romania
Lokomotiv Sofia,Bulgaria,0.0,0.0,2.0,50000.0,2.0,50000.0,2,2,0,2,0,2,7.895530788730433e-05,1,France / Belgium
UR La Louvière Centre,Belgium,0.0,0.0,1.0,0.0,1.0,0.0,1,1,0,1,0,1,6.683468523626773e-05,2,Italy / Romania
KF Teuta,Albania,0.0,0.0,4.0,0.0,4.0,0.0,3,3,0,4,0,4,8.874579836844288e-05,2,Italy / Romania
AC Delta Porto Tolle,Italy,0.0,0.0,3.0,0.0,3.0,0.0,3,3,0,3,0,3,8.203709366028257e-05,2,Italy / Romania
USD Scanzorosciate,Italy,0.0,0.0,1.0,0.0,1.0,0.0,1,1,0,1,0,1,6.387944754261553e-05,2,Italy / Romania
SSD Piacenza Calcio 1919,Italy,0.0,0.0,2.0,0.0,2.0,0.0,2,2,0,2,0,2,6.769525880441217e-05,2,Italy / Romania
USD Ciserano,Italy,0.0,0.0,2.0,0.0,2.0,0.0,2,2,0,2,0,2,6.769525880441217e-05,2,Italy / Romania
Lupa Roma FC,Italy,0.0,0.0,14.0,0.0,14.0,0.0,10,10,0,14,0,14,0.0001652472176777,2,Italy / Romania
NK Krka,Slovenia,0.0,0.0,2.0,0.0,2.0,0.0,1,1,0,2,0,2,6.81130257978916e-05,2,Italy / Romania
Sant'Antonio Abate,Italy,0.0,0.0,1.0,0.0,1.0,0.0,1,1,0,1,0,1,6.803053408245477e-05,2,Italy / Romania
SSD Vis Pesaro 1898,Italy,0.0,0.0,2.0,0.0,2.0,0.0,2,2,0,2,0,2,8.42906362804424e-05,2,Italy / Romania
Città di Giulianova,Italy,0.0,0.0,1.0,0.0,1.0,0.0,1,1,0,1,0,1,6.803053408245477e-05,2,Italy / Romania
Forlì FC,Italy,0.0,0.0,9.0,0.0,9.0,0.0,6,6,0,9,0,9,0.0001165150079717,2,Italy / Romania
SP Tre Fiori,San Marino,0.0,0.0,2.0,0.0,2.0,0.0,1,1,0,2,0,2,7.641519887757007e-05,2,Italy / Romania
KF Vllaznia,Albania,0.0,0.0,2.0,0.0,2.0,0.0,2,2,0,2,0,2,7.792450856052504e-05,2,Italy / Romania
HNK Zmaj Makarska,Croatia,0.0,0.0,1.0,0.0,1.0,0.0,1,1,0,1,0,1,6.640363740911812e-05,2,Italy / Romania
SS Matelica Calcio ASD,Italy,0.0,0.0,3.0,0.0,3.0,0.0,3,3,0,3,0,3,7.816465378125359e-05,2,Italy / Romania
NK Istra 1961 II,Croatia,0.0,0.0,1.0,0.0,1.0,0.0,1,1,0,1,0,1,6.640363740911812e-05,2,Italy / Romania
Lentigione Calcio,Italy,0.0,0.0,2.0,0.0,2.0,0.0,2,2,0,2,0,2,7.631571345979446e-05,2,Italy / Romania
CS Scandicci 1908,Italy,0.0,0.0,2.0,0.0,2.0,0.0,2,2,0,2,0,2,7.322169983737041e-05,2,Italy / Romania
US Palestrina 1919,Italy,0.0,0.0,1.0,0.0,1.0,0.0,1,1,0,1,0,1,6.683468523626773e-05,2,Italy / Romania
Reggiana Giovanili,Italy,0.0,0.0,1.0,0.0,1.0,0.0,1,1,0,1,0,1,6.683468523626773e-05,2,Italy / Romania
Floriana FC,Malta,0.0,0.0,1.0,0.0,1.0,0.0,1,1,0,1,0,1,6.683468523626773e-05,2,Italy / Romania
Pro Piacenza 1919,Italy,0.0,0.0,18.0,0.0,18.0,0.0,9,9,0,18,0,18,0.000158688920359,2,Italy / Romania
ACD Asti Calcio,Italy,0.0,0.0,1.0,0.0,1.0,0.0,1,1,0,1,0,1,6.402847366988883e-05,2,Italy / Romania
Terracina Calcio,Italy,0.0,0.0,3.0,0.0,3.0,0.0,2,2,0,3,0,3,7.34238829571676e-05,2,Italy / Romania
FC Rapperswil-Jona,Switzerland,0.0,0.0,1.0,0.0,1.0,0.0,1,1,0,1,0,1,6.394781414062478e-05,2,Italy / Romania
ACR Messina,Italy,0.0,0.0,20.0,0.0,20.0,0.0,11,11,0,20,0,20,0.0001874400944068,2,Italy / Romania
CD San Marcos de Arica,Chile,0.0,0.0,1.0,0.0,1.0,0.0,1,1,0,1,0,1,6.57982052096803e-05,2,Italy / Romania
Paksi FC,Hungary,0.0,0.0,2.0,0.0,2.0,0.0,2,2,0,2,0,2,8.281573131013422e-05,5,Netherlands / Belgium
SSD Cynthia 1920,Italy,0.0,0.0,1.0,0.0,1.0,0.0,1,1,0,1,0,1,6.955794533801583e-05,2,Italy / Romania
Vittoria Calcio,Italy,0.0,0.0,1.0,0.0,1.0,0.0,1,1,0,1,0,1,6.955794533801583e-05,2,Italy / Romania
FC Monteponi Iglesias,Italy,0.0,0.0,1.0,0.0,1.0,0.0,1,1,0,1,0,1,6.955794533801583e-05,2,Italy / Romania
Lornano Badesse Calcio,Italy,0.0,0.0,1.0,0.0,1.0,0.0,1,1,0,1,0,1,6.955794533801583e-05,2,Italy / Romania
ASD Nocera Umbra,Italy,0.0,0.0,1.0,0.0,1.0,0.0,1,1,0,1,0,1,6.955794533801583e-05,2,Italy / Romania
SSD Città di Campobasso,Italy,0.0,0.0,2.0,0.0,2.0,0.0,2,2,0,2,0,2,7.476721266553753e-05,2,Italy / Romania
Fabriano Cerreto,Italy,0.0,0.0,1.0,0.0,1.0,0.0,1,1,0,1,0,1,6.955794533801583e-05,2,Italy / Romania
Vallicisa 2000 Gs Succisa,Italy,0.0,0.0,1.0,0.0,1.0,0.0,1,1,0,1,0,1,6.955794533801583e-05,2,Italy / Romania
Salernitana Primavera,Italy,0.0,0.0,1.0,0.0,1.0,0.0,1,1,0,1,0,1,6.955794533801583e-05,2,Italy / Romania
Mqabba FC,Malta,0.0,0.0,1.0,0.0,1.0,0.0,1,1,0,1,0,1,6.955794533801583e-05,2,Italy / Romania
SSD Argentina Arma,Italy,0.0,0.0,1.0,0.0,1.0,0.0,1,1,0,1,0,1,6.41575416815005e-05,2,Italy / Romania
US Ancona,Italy,0.0,0.0,12.0,50000.0,12.0,50000.0,11,11,0,12,0,12,0.00014664122094,2,Italy / Romania
Virtus Castelfranco,Italy,0.0,0.0,2.0,0.0,2.0,0.0,2,2,0,2,0,2,7.325188640933364e-05,2,Italy / Romania
Casalgrandese,Italy,0.0,0.0,1.0,0.0,1.0,0.0,1,1,0,1,0,1,6.590612407875949e-05,2,Italy / Romania
AC Formigine,Italy,0.0,0.0,1.0,0.0,1.0,0.0,1,1,0,1,0,1,6.590612407875949e-05,2,Italy / Romania
ASA Tirgu Mures,Romania,0.0,0.0,1.0,0.0,1.0,0.0,1,1,0,1,0,1,6.445122780012936e-05,2,Italy / Romania
Club General Díaz de Luque,Paraguay,0.0,0.0,1.0,0.0,1.0,0.0,1,1,0,1,0,1,6.40611233289008e-05,2,Italy / Romania
SSD Mapello,Italy,0.0,0.0,2.0,0.0,2.0,0.0,1,1,0,2,0,2,6.81130257978916e-05,2,Italy / Romania
Aurora Seriate,Italy,0.0,0.0,1.0,0.0,1.0,0.0,1,1,0,1,0,1,6.387944754261553e-05,2,Italy / Romania
SS Pennarossa,San Marino,0.0,0.0,1.0,0.0,1.0,0.0,1,1,0,1,0,1,6.803053408245477e-05,2,Italy / Romania
ASA Targu Mures II,Romania,0.0,0.0,1.0,0.0,1.0,0.0,1,1,0,1,0,1,6.801243250984875e-05,2,Italy / Romania
Shanghai Shenxin,China,0.0,0.0,1.0,0.0,1.0,0.0,1,1,0,1,0,1,6.478453820312686e-05,2,Italy / Romania
A.C. Garda,Italy,0.0,0.0,1.0,0.0,1.0,0.0,1,1,0,1,0,1,6.683468523626773e-05,2,Italy / Romania
Cardiff City U23,Wales,0.0,0.0,1.0,0.0,1.0,0.0,1,1,0,1,0,1,6.346168054913612e-05,2,Italy / Romania
AC Bastia 1924,Italy,0.0,0.0,1.0,0.0,1.0,0.0,1,1,0,1,0,1,6.44005381688456e-05,2,Italy / Romania
Spyris Kaunas,Lithuania,0.0,0.0,1.0,0.0,1.0,0.0,1,1,0,1,0,1,6.430656029794482e-05,2,Italy / Romania
New York Cosmos B,United States,0.0,0.0,1.0,0.0,1.0,0.0,1,1,0,1,0,1,6.955794533801583e-05,2,Italy / Romania
FK Berane,Montenegro,0.0,0.0,1.0,0.0,1.0,0.0,1,1,0,1,0,1,6.955794533801583e-05,2,Italy / Romania
Jedinstvo Bijelo Polje,Montenegro,0.0,0.0,1.0,0.0,1.0,0.0,1,1,0,1,0,1,6.955794533801583e-05,2,Italy / Romania
Sporting Club Trestina,Italy,0.0,0.0,1.0,0.0,1.0,0.0,1,1,0,1,0,1,6.955794533801583e-05,2,Italy / Romania
AS Gualdo Casacastalda,Italy,0.0,0.0,1.0,0.0,1.0,0.0,1,1,0,1,0,1,6.955794533801583e-05,2,Italy / Romania
Club Petrolero,Bolivia,0.0,0.0,1.0,0.0,1.0,0.0,1,1,0,1,0,1,6.41575416815005e-05,2,Italy / Romania
Imolese Calcio 1919,Italy,0.0,0.0,21.0,0.0,21.0,0.0,12,12,0,21,0,21,0.000178684466931,2,Italy / Romania
Bytovia Bytow,Poland,0.0,0.0,3.0,0.0,3.0,0.0,2,2,0,3,0,3,7.433846116047564e-05,2,Italy / Romania
AC Delta Rovigo,Italy,0.0,0.0,3.0,0.0,3.0,0.0,3,3,0,3,0,3,8.86551390903856e-05,2,Italy / Romania
AS Fabrègues,France,0.0,0.0,1.0,0.0,1.0,0.0,1,1,0,1,0,1,6.426388117974522e-05,2,Italy / Romania
ASD Lupa Castelli Romani,Italy,0.0,0.0,5.0,0.0,5.0,0.0,3,3,0,5,0,5,8.753609823149565e-05,2,Italy / Romania
Serpentara Bellegra Olevano,Italy,0.0,0.0,1.0,0.0,1.0,0.0,1,1,0,1,0,1,6.44005381688456e-05,2,Italy / Romania
Viareggio 2014,Italy,0.0,0.0,2.0,0.0,2.0,0.0,2,2,0,2,0,2,6.923774099741045e-05,2,Italy / Romania
SSD Ischia Calcio,Italy,0.0,0.0,4.0,0.0,4.0,0.0,4,4,0,4,0,4,8.45133991600716e-05,2,Italy / Romania
SS Maceratese,Italy,0.0,0.0,7.0,0.0,7.0,0.0,4,4,0,7,0,7,0.0001204999757903,2,Italy / Romania
ASD Bustese 1963,Italy,0.0,0.0,1.0,0.0,1.0,0.0,1,1,0,1,0,1,6.41575416815005e-05,2,Italy / Romania
Club Real Santa Cruz,Bolivia,0.0,0.0,1.0,0.0,1.0,0.0,1,1,0,1,0,1,6.41575416815005e-05,2,Italy / Romania
Calcio Montebelluna 1909,Italy,0.0,0.0,1.0,0.0,1.0,0.0,1,1,0,1,0,1,6.346168054913612e-05,2,Italy / Romania
Neves FC,Portugal,0.0,0.0,1.0,0.0,1.0,0.0,1,1,0,1,0,1,6.346168054913612e-05,2,Italy / Romania
ASD OltrepòVoghera,Italy,0.0,0.0,1.0,0.0,1.0,0.0,1,1,0,1,0,1,6.346168054913612e-05,2,Italy / Romania
Pinerolo FC,Italy,0.0,0.0,3.0,0.0,3.0,0.0,2,2,0,3,0,3,7.307239757471575e-05,2,Italy / Romania
ASD Villafranca Veronese,Italy,0.0,0.0,1.0,0.0,1.0,0.0,1,1,0,1,0,1,6.346168054913612e-05,2,Italy / Romania
Fenegrò,Italy,0.0,0.0,1.0,0.0,1.0,0.0,1,1,0,1,0,1,6.346168054913612e-05,2,Italy / Romania
Gsd Castelfidardo Calcio,Italy,0.0,0.0,2.0,0.0,2.0,0.0,2,2,0,2,0,2,7.39503994771071e-05,2,Italy / Romania
ASD Pro Eureka,Italy,0.0,0.0,3.0,0.0,3.0,0.0,3,3,0,3,0,3,7.720039540518782e-05,2,Italy / Romania
DNŠ Zavrč,Slovenia,0.0,0.0,2.0,0.0,2.0,0.0,2,2,0,2,0,2,8.150905116161578e-05,4,Portugal / Brazil
Zakho SC,Iraq,0.0,0.0,1.0,0.0,1.0,0.0,1,1,0,1,0,1,6.394781414062478e-05,2,Italy / Romania
ASD Comprensorio Casalnuovese,Italy,0.0,0.0,1.0,0.0,1.0,0.0,1,1,0,1,0,1,6.683468523626773e-05,2,Italy / Romania
Virtusvecomp Verona SSD,Italy,0.0,0.0,1.0,0.0,1.0,0.0,1,1,0,1,0,1,6.683468523626773e-05,2,Italy / Romania
US Dro,Italy,0.0,0.0,1.0,0.0,1.0,0.0,1,1,0,1,0,1,6.683468523626773e-05,2,Italy / Romania
ASD DAK,Italy,0.0,0.0,1.0,0.0,1.0,0.0,1,1,0,1,0,1,6.683468523626773e-05,2,Italy / Romania
Siena Berretti,Italy,0.0,0.0,1.0,0.0,1.0,0.0,1,1,0,1,0,1,6.683468523626773e-05,2,Italy / Romania
FK Partizani,Albania,0.0,0.0,3.0,0.0,3.0,0.0,2,2,0,3,0,3,8.078126930697457e-05,2,Italy / Romania
Luzzara,Italy,0.0,0.0,1.0,0.0,1.0,0.0,1,1,0,1,0,1,6.640363740911812e-05,2,Italy / Romania
Chieti Calcio,Italy,0.0,0.0,1.0,0.0,1.0,0.0,1,1,0,1,0,1,6.801243250984875e-05,2,Italy / Romania
US Castelnuovo Garfagnana,Italy,0.0,0.0,1.0,0.0,1.0,0.0,1,1,0,1,0,1,6.801243250984875e-05,2,Italy / Romania
Ghivizzano Borgoamozzano,Italy,0.0,0.0,1.0,0.0,1.0,0.0,1,1,0,1,0,1,6.801243250984875e-05,2,Italy / Romania
Polisportiva Bucinese,Italy,0.0,0.0,1.0,0.0,1.0,0.0,1,1,0,1,0,1,6.801243250984875e-05,2,Italy / Romania
Cjarlins Muzane,Italy,0.0,0.0,2.0,0.0,2.0,0.0,1,1,0,2,0,2,6.847637737046207e-05,2,Italy / Romania
Ital-Lenti Belluno,Italy,0.0,0.0,1.0,0.0,1.0,0.0,1,1,0,1,0,1,6.40611233289008e-05,2,Italy / Romania
Borgosesia Calcio,Italy,0.0,0.0,1.0,0.0,1.0,0.0,1,1,0,1,0,1,6.387944754261553e-05,2,Italy / Romania
Folgore Veregra,Italy,0.0,0.0,1.0,0.0,1.0,0.0,1,1,0,1,0,1,7.590597148532713e-05,2,Italy / Romania
Atletico San Paolo,Italy,0.0,0.0,1.0,0.0,1.0,0.0,1,1,0,1,0,1,7.590597148532713e-05,2,Italy / Romania
Naxxar Lions FC,Malta,0.0,0.0,2.0,0.0,2.0,0.0,2,2,0,2,0,2,6.878314255139493e-05,2,Italy / Romania
Club Nacional Asunción,Paraguay,0.0,0.0,3.0,0.0,3.0,0.0,3,3,0,3,0,3,0.0001030791848577,4,Portugal / Brazil
ASD Borgorosso Arenzano,Italy,0.0,0.0,1.0,0.0,1.0,0.0,1,1,0,1,0,1,6.478453820312686e-05,2,Italy / Romania
AC Mestre,Italy,0.0,0.0,3.0,0.0,3.0,0.0,3,3,0,3,0,3,7.334550457683962e-05,2,Italy / Romania
FC International Leipzig,Germany,0.0,0.0,1.0,0.0,1.0,0.0,1,1,0,1,0,1,6.346168054913612e-05,2,Italy / Romania
Miami FC,United States,0.0,0.0,2.0,0.0,2.0,0.0,2,2,0,2,0,2,7.727731901236297e-05,6,Germany / Austria
USCD Bardolino Calcio 1946,Italy,0.0,0.0,1.0,0.0,1.0,0.0,1,1,0,1,0,1,6.640363740911812e-05,2,Italy / Romania
ASD Union ArzignanoChiampo,Italy,0.0,0.0,2.0,0.0,2.0,0.0,1,1,0,2,0,2,7.31614055308968e-05,2,Italy / Romania
ASD Fortis Juventus 1909,Italy,0.0,0.0,1.0,0.0,1.0,0.0,1,1,0,1,0,1,6.801243250984875e-05,2,Italy / Romania
Rozwój Katowice,Poland,0.0,0.0,1.0,0.0,1.0,0.0,1,1,0,1,0,1,6.40611233289008e-05,2,Italy / Romania
Castelvetro Calcio,Italy,0.0,0.0,3.0,0.0,3.0,0.0,2,2,0,3,0,3,7.951214120075358e-05,2,Italy / Romania
FC Otranto,Italy,0.0,0.0,1.0,0.0,1.0,0.0,1,1,0,1,0,1,6.699163161791367e-05,2,Italy / Romania
SS Sambenedettese,Italy,0.0,0.0,12.0,50000.0,12.0,50000.0,11,11,0,12,0,12,0.0001459394393905,2,Italy / Romania
Piacenza Calcio 1919,Italy,0.0,0.0,26.0,300000.0,26.0,300000.0,16,16,0,26,0,26,0.0002073254150767,2,Italy / Romania
Muravera Calcio,Italy,0.0,0.0,2.0,0.0,2.0,0.0,1,1,0,2,0,2,7.393095054439416e-05,2,Italy / Romania
MSUB Yellowjackets (Montana State Uni Billings),United States,0.0,0.0,1.0,0.0,1.0,0.0,1,1,0,1,0,1,6.640363740911812e-05,2,Italy / Romania
AC Este 1920,Italy,0.0,0.0,1.0,0.0,1.0,0.0,1,1,0,1,0,1,6.640363740911812e-05,2,Italy / Romania
Beroe Stara Zagora,Bulgaria,0.0,0.0,3.0,0.0,3.0,0.0,3,3,0,3,0,3,0.0001003131263421,4,Portugal / Brazil
Avezzano Calcio,Italy,0.0,0.0,2.0,0.0,2.0,0.0,1,1,0,2,0,2,8.458532986333835e-05,2,Italy / Romania
Urbs Reggina 1914,Italy,0.0,0.0,18.0,0.0,18.0,0.0,10,10,0,18,0,18,0.0001447852569123,2,Italy / Romania
Ümraniyespor,Turkey,0.0,0.0,3.0,0.0,3.0,0.0,3,3,0,3,0,3,9.4030591586826e-05,1,France / Belgium
Angelo Baiardo,Italy,0.0,0.0,1.0,0.0,1.0,0.0,1,1,0,1,0,1,6.478453820312686e-05,2,Italy / Romania
ASD Albissola 2010,Italy,0.0,0.0,3.0,0.0,3.0,0.0,1,1,0,3,0,3,7.506187603470171e-05,2,Italy / Romania
ASD Voltrese Vultur,Italy,0.0,0.0,1.0,0.0,1.0,0.0,1,1,0,1,0,1,6.478453820312686e-05,2,Italy / Romania
29 de Setiembre F.B.C,Paraguay,0.0,0.0,1.0,0.0,1.0,0.0,1,1,0,1,0,1,6.478453820312686e-05,2,Italy / Romania
US Belvedere,Italy,0.0,0.0,1.0,0.0,1.0,0.0,1,1,0,1,0,1,6.478453820312686e-05,2,Italy / Romania
Sporting Recco,Italy,0.0,0.0,1.0,0.0,1.0,0.0,1,1,0,1,0,1,6.478453820312686e-05,2,Italy / Romania
ASD Genova Calcio,Italy,0.0,0.0,2.0,0.0,2.0,0.0,2,2,0,2,0,2,6.929621059728787e-05,2,Italy / Romania
Città di Gragnano,Italy,0.0,0.0,1.0,0.0,1.0,0.0,1,1,0,1,0,1,6.478453820312686e-05,2,Italy / Romania
Città di Foligno 1928,Italy,0.0,0.0,1.0,0.0,1.0,0.0,1,1,0,1,0,1,6.346168054913612e-05,2,Italy / Romania
FCV Dender EH,Belgium,0.0,0.0,2.0,0.0,2.0,0.0,2,2,0,2,0,2,7.540649573242125e-05,5,Netherlands / Belgium
AS Viterbese Castrense,Italy,0.0,0.0,15.0,0.0,15.0,0.0,10,10,0,15,0,15,0.0001464227352612,2,Italy / Romania
FC Grosseto,Italy,0.0,0.0,2.0,0.0,2.0,0.0,2,2,0,2,0,2,7.479527922591575e-05,2,Italy / Romania
Gzira United FC,Malta,0.0,0.0,2.0,0.0,2.0,0.0,2,2,0,2,0,2,7.732340416423863e-05,2,Italy / Romania
Unicusano Fondi Calcio,Italy,0.0,0.0,1.0,0.0,1.0,0.0,1,1,0,1,0,1,7.01345882153105e-05,2,Italy / Romania
A.C. Calvina Sport,Italy,0.0,0.0,1.0,0.0,1.0,0.0,1,1,0,1,0,1,7.01345882153105e-05,2,Italy / Romania
El-Jaish Sports Club,Qatar,0.0,0.0,3.0,5000000.0,3.0,5000000.0,3,3,0,3,0,3,8.492985278341416e-05,1,France / Belgium
ASD Nibbiano & Valtidone,Italy,0.0,0.0,1.0,0.0,1.0,0.0,1,1,0,1,0,1,6.590612407875949e-05,2,Italy / Romania
FBC Saronno 1910,Italy,0.0,0.0,1.0,0.0,1.0,0.0,1,1,0,1,0,1,6.445122780012936e-05,2,Italy / Romania
Madre Pietra Daunia,Italy,0.0,0.0,1.0,0.0,1.0,0.0,1,1,0,1,0,1,6.40611233289008e-05,2,Italy / Romania
NK Brda,Slovenia,0.0,0.0,1.0,0.0,1.0,0.0,1,1,0,1,0,1,6.40611233289008e-05,2,Italy / Romania
Polisportiva Tamai,Italy,0.0,0.0,2.0,0.0,2.0,0.0,2,2,0,2,0,2,7.14068856594749e-05,2,Italy / Romania
US Adriese 1906,Italy,0.0,0.0,1.0,0.0,1.0,0.0,1,1,0,1,0,1,6.40611233289008e-05,2,Italy / Romania
ASD Ceriale,Italy,0.0,0.0,1.0,0.0,1.0,0.0,1,1,0,1,0,1,6.478453820312686e-05,2,Italy / Romania
US Agropoli 1921,Italy,0.0,0.0,1.0,0.0,1.0,0.0,1,1,0,1,0,1,6.478453820312686e-05,2,Italy / Romania
Atletico Aradeo,Italy,0.0,0.0,1.0,0.0,1.0,0.0,1,1,0,1,0,1,6.387944754261553e-05,2,Italy / Romania
Calcio Valcalepio,Italy,0.0,0.0,1.0,0.0,1.0,0.0,1,1,0,1,0,1,6.387944754261553e-05,2,Italy / Romania
Pineto Calcio,Italy,0.0,0.0,1.0,0.0,1.0,0.0,1,1,0,1,0,1,6.387944754261553e-05,2,Italy / Romania
AS Giana Erminio,Italy,0.0,0.0,11.0,0.0,11.0,0.0,6,6,0,11,0,11,0.0001264979050813,2,Italy / Romania
Bruk-Bet Termalica Nieciecza,Poland,0.0,0.0,1.0,0.0,1.0,0.0,1,1,0,1,0,1,6.387944754261553e-05,2,Italy / Romania
Virtus Volla,Italy,0.0,0.0,1.0,0.0,1.0,0.0,1,1,0,1,0,1,7.32313258976773e-05,2,Italy / Romania
Linares Deportivo,Spain,0.0,0.0,1.0,0.0,1.0,0.0,1,1,0,1,0,1,6.699163161791367e-05,2,Italy / Romania
Ravenna FC,Italy,0.0,0.0,22.0,0.0,22.0,0.0,11,11,0,22,0,22,0.0002081457867252,2,Italy / Romania
Sassari Latte Dolce,Italy,0.0,0.0,1.0,0.0,1.0,0.0,1,1,0,1,0,1,6.678840991586686e-05,2,Italy / Romania
Ferrini Cagliari,Italy,0.0,0.0,1.0,0.0,1.0,0.0,1,1,0,1,0,1,6.678840991586686e-05,2,Italy / Romania
Atletico Uri,Italy,0.0,0.0,1.0,0.0,1.0,0.0,1,1,0,1,0,1,6.678840991586686e-05,2,Italy / Romania
Racing Fondi,Italy,0.0,0.0,2.0,0.0,2.0,0.0,2,2,0,2,0,2,7.140642180827262e-05,2,Italy / Romania
AZ Picerno,Italy,0.0,0.0,1.0,0.0,1.0,0.0,1,1,0,1,0,1,6.640363740911812e-05,2,Italy / Romania
ASD Sona Calcio,Italy,0.0,0.0,2.0,0.0,2.0,0.0,2,2,0,2,0,2,7.091530980327922e-05,2,Italy / Romania
NK Aluminij Kidricevo,Slovenia,0.0,0.0,2.0,0.0,2.0,0.0,2,2,0,2,0,2,8.346146077060465e-05,4,Portugal / Brazil
Pirin Blagoevgrad,Bulgaria,0.0,0.0,1.0,0.0,1.0,0.0,1,1,0,1,0,1,6.640363740911812e-05,2,Italy / Romania
MC Fermana FC,Italy,0.0,0.0,4.0,0.0,4.0,0.0,3,3,0,4,0,4,8.135982117524268e-05,2,Italy / Romania
AS Roccella 1935,Italy,0.0,0.0,1.0,0.0,1.0,0.0,1,1,0,1,0,1,7.21155995753389e-05,2,Italy / Romania
Trastevere Calcio,Italy,0.0,0.0,2.0,0.0,2.0,0.0,2,2,0,2,0,2,7.687026845684504e-05,2,Italy / Romania
US Inveruno,Italy,0.0,0.0,1.0,0.0,1.0,0.0,1,1,0,1,0,1,6.478453820312686e-05,2,Italy / Romania
Milano City FC,Italy,0.0,0.0,3.0,0.0,3.0,0.0,2,2,0,3,0,3,7.47285656317042e-05,2,Italy / Romania
Grand View Vikings,United States,0.0,0.0,1.0,0.0,1.0,0.0,1,1,0,1,0,1,6.478453820312686e-05,2,Italy / Romania
Rignanese Calcio,Italy,0.0,0.0,4.0,0.0,4.0,0.0,3,3,0,4,0,4,7.762369425324547e-05,2,Italy / Romania
San Teodoro,Italy,0.0,0.0,1.0,0.0,1.0,0.0,1,1,0,1,0,1,6.683468523626773e-05,2,Italy / Romania
SS Monza 1912,Italy,0.0,0.0,5.0,0.0,5.0,0.0,4,4,0,5,0,5,8.568569496692266e-05,2,Italy / Romania
FC Ascona,Switzerland,0.0,0.0,1.0,0.0,1.0,0.0,1,1,0,1,0,1,6.402847366988883e-05,2,Italy / Romania
Sicula Leonzio,Italy,0.0,0.0,6.0,0.0,6.0,0.0,4,4,0,6,0,6,0.000100831664654,2,Italy / Romania
AC Crema 1908,Italy,0.0,0.0,2.0,0.0,2.0,0.0,2,2,0,2,0,2,7.48482777113544e-05,2,Italy / Romania
AC Vigasio,Italy,0.0,0.0,1.0,0.0,1.0,0.0,1,1,0,1,0,1,6.640363740911812e-05,2,Italy / Romania
NK Ankaran Hrvatini,Slovenia,0.0,0.0,2.0,0.0,2.0,0.0,1,1,0,2,0,2,8.458532986333835e-05,2,Italy / Romania
FK Zeljeznicar Sarajevo,Bosnia-Herzegovina,0.0,0.0,1.0,0.0,1.0,0.0,1,1,0,1,0,1,6.394781414062478e-05,2,Italy / Romania
AS Bisceglie 1913,Italy,0.0,0.0,10.0,0.0,10.0,0.0,8,8,0,10,0,10,0.000132811196009,2,Italy / Romania
CD Ñublense,Chile,0.0,0.0,2.0,0.0,2.0,0.0,1,1,0,2,0,2,6.847637737046207e-05,2,Italy / Romania
AS Sasso Marconi,Italy,0.0,0.0,1.0,0.0,1.0,0.0,1,1,0,1,0,1,6.699163161791367e-05,2,Italy / Romania
LR Vicenza Virtus,Italy,0.0,0.0,5.0,1000.0,5.0,1000.0,5,5,0,5,0,5,9.39478232335076e-05,2,Italy / Romania
USD Breno,Italy,0.0,0.0,2.0,0.0,2.0,0.0,2,2,0,2,0,2,7.102198817114293e-05,2,Italy / Romania
Castiadas Calcio 1973,Italy,0.0,0.0,1.0,0.0,1.0,0.0,1,1,0,1,0,1,6.678840991586686e-05,2,Italy / Romania
Calcio Sandonà,Italy,0.0,0.0,1.0,0.0,1.0,0.0,1,1,0,1,0,1,6.678840991586686e-05,2,Italy / Romania
Union Namur Fosses-la-Ville,Belgium,0.0,0.0,1.0,0.0,1.0,0.0,1,1,0,1,0,1,6.678840991586686e-05,2,Italy / Romania
Fermana FC,Italy,0.0,0.0,6.0,0.0,6.0,0.0,4,4,0,6,0,6,9.032973786951124e-05,2,Italy / Romania
ASD Astrea,Italy,0.0,0.0,1.0,0.0,1.0,0.0,1,1,0,1,0,1,6.640363740911812e-05,2,Italy / Romania
Albissola 2010,Italy,0.0,0.0,5.0,0.0,5.0,0.0,3,3,0,5,0,5,8.920148482353299e-05,2,Italy / Romania
Vis Pesaro dal 1898,Italy,0.0,0.0,15.0,440000.0,15.0,440000.0,10,10,0,15,0,15,0.0001686863043448,2,Italy / Romania
Senglea Athletic FC,Malta,0.0,0.0,1.0,0.0,1.0,0.0,1,1,0,1,0,1,6.801243250984875e-05,2,Italy / Romania
Virtusvecomp Verona,Italy,0.0,0.0,3.0,0.0,3.0,0.0,3,3,0,3,0,3,7.901705972057346e-05,2,Italy / Romania
Unión La Calera,Chile,0.0,0.0,2.0,0.0,2.0,0.0,1,1,0,2,0,2,6.99232071189144e-05,2,Italy / Romania
US Levico Terme,Italy,0.0,0.0,1.0,0.0,1.0,0.0,1,1,0,1,0,1,6.346168054913612e-05,2,Italy / Romania
FC Schaffhausen,Switzerland,0.0,0.0,2.0,0.0,2.0,0.0,2,2,0,2,0,2,7.595328095466253e-05,6,Germany / Austria
USD Atletico Chiuduno,Italy,0.0,0.0,1.0,0.0,1.0,0.0,1,1,0,1,0,1,6.394781414062478e-05,2,Italy / Romania
KF Tirana,Albania,0.0,0.0,1.0,0.0,1.0,0.0,1,1,0,1,0,1,6.394781414062478e-05,2,Italy / Romania
AC Gozzano,Italy,0.0,0.0,5.0,0.0,5.0,0.0,5,5,0,5,0,5,9.814359098819676e-05,2,Italy / Romania
SSCD Granata 1924,Italy,0.0,0.0,1.0,0.0,1.0,0.0,1,1,0,1,0,1,6.430656029794482e-05,2,Italy / Romania
FC Aprilia Racing Club,Italy,0.0,0.0,1.0,0.0,1.0,0.0,1,1,0,1,0,1,6.426388117974522e-05,2,Italy / Romania
ASD Arzignano Valchiampo,Italy,0.0,0.0,1.0,0.0,1.0,0.0,1,1,0,1,0,1,6.816235585121335e-05,2,Italy / Romania
FC Calvi Noale,Italy,0.0,0.0,2.0,0.0,2.0,0.0,2,2,0,2,0,2,7.179699013070349e-05,2,Italy / Romania
FK Tönsberg,Norway,0.0,0.0,1.0,0.0,1.0,0.0,1,1,0,1,0,1,6.445122780012936e-05,2,Italy / Romania
ASD Adrense 1909,Italy,0.0,0.0,1.0,0.0,1.0,0.0,1,1,0,1,0,1,6.387944754261553e-05,2,Italy / Romania
Dinamo Batumi,Georgia,0.0,0.0,1.0,0.0,1.0,0.0,1,1,0,1,0,1,6.801243250984875e-05,2,Italy / Romania
La Fiorita 1967,San Marino,0.0,0.0,1.0,0.0,1.0,0.0,1,1,0,1,0,1,6.346168054913612e-05,2,Italy / Romania
FC Chiasso II,Switzerland,0.0,0.0,1.0,0.0,1.0,0.0,1,1,0,1,0,1,6.394781414062478e-05,2,Italy / Romania
US Massese 1919,Italy,0.0,0.0,1.0,0.0,1.0,0.0,1,1,0,1,0,1,6.816235585121335e-05,2,Italy / Romania
FK Kukësi,Albania,0.0,0.0,2.0,0.0,2.0,0.0,2,2,0,2,0,2,8.53175326358959e-05,4,Portugal / Brazil
Real Salt Lake City,United States,0.0,0.0,3.0,435000.0,3.0,435000.0,2,2,0,3,0,3,8.721576049707848e-05,2,Italy / Romania
Como 1907,Italy,0.0,0.0,15.0,0.0,15.0,0.0,12,12,0,15,0,15,0.0001607645730492,2,Italy / Romania
ASD Manzanese Calcio,Italy,0.0,0.0,1.0,0.0,1.0,0.0,1,1,0,1,0,1,6.387944754261553e-05,2,Italy / Romania
Modena FC 2018,Italy,0.0,0.0,7.0,0.0,7.0,0.0,5,5,0,7,0,7,9.427217706591764e-05,2,Italy / Romania
USD Caravaggio,Italy,0.0,0.0,1.0,0.0,1.0,0.0,1,1,0,1,0,1,6.387944754261553e-05,2,Italy / Romania
Cesena FC,Italy,0.0,0.0,15.0,0.0,15.0,0.0,9,9,0,15,0,15,0.000165876755007,2,Italy / Romania
Franciacorta FC,Italy,0.0,0.0,1.0,0.0,1.0,0.0,1,1,0,1,0,1,7.107695868651365e-05,2,Italy / Romania
Al-Salmiya SC,Kuwait,0.0,0.0,1.0,0.0,1.0,0.0,1,1,0,1,0,1,6.485513661486118e-05,2,Italy / Romania
ACD Castelbaldo Masi,Italy,0.0,0.0,1.0,0.0,1.0,0.0,1,1,0,1,0,1,6.683468523626773e-05,2,Italy / Romania
SC Atletico Cenaia,Italy,0.0,0.0,1.0,0.0,1.0,0.0,1,1,0,1,0,1,6.346168054913612e-05,2,Italy / Romania
US Città di Fasano,Italy,0.0,0.0,1.0,0.0,1.0,0.0,1,1,0,1,0,1,6.886204884622808e-05,2,Italy / Romania
USD Bitonto Calcio,Italy,0.0,0.0,1.0,0.0,1.0,0.0,1,1,0,1,0,1,6.886204884622808e-05,2,Italy / Romania
Spartak 2 Moscow,Russia,0.0,0.0,1.0,3000000.0,1.0,3000000.0,1,1,0,1,0,1,6.426388117974522e-05,2,Italy / Romania
Perugia Youth,Italy,0.0,0.0,2.0,0.0,2.0,0.0,1,1,0,2,0,2,6.888189307215103e-05,2,Italy / Romania
Club Atlético Central Córdoba (SdE),Argentina,0.0,0.0,1.0,0.0,1.0,0.0,1,1,0,1,0,1,6.426388117974522e-05,2,Italy / Romania
HNK Cibalia Vinkovci,Croatia,0.0,0.0,1.0,0.0,1.0,0.0,1,1,0,1,0,1,6.426388117974522e-05,2,Italy / Romania
ACD San Tommaso,Italy,0.0,0.0,1.0,0.0,1.0,0.0,1,1,0,1,0,1,6.41575416815005e-05,2,Italy / Romania
ViOn Zlate Moravce-Vrable,Slovakia,0.0,0.0,1.0,0.0,1.0,0.0,1,1,0,1,0,1,6.816235585121335e-05,2,Italy / Romania
Sondrio Calcio,Italy,0.0,0.0,1.0,0.0,1.0,0.0,1,1,0,1,0,1,6.445122780012936e-05,2,Italy / Romania
US Savoia 1908,Italy,0.0,0.0,3.0,0.0,3.0,0.0,2,2,0,3,0,3,7.47285656317042e-05,2,Italy / Romania
Calcio Brusaporto,Italy,0.0,0.0,1.0,0.0,1.0,0.0,1,1,0,1,0,1,6.387944754261553e-05,2,Italy / Romania
Castelsardo Calcio,Italy,0.0,0.0,1.0,0.0,1.0,0.0,1,1,0,1,0,1,6.678840991586686e-05,2,Italy / Romania
Lusitano Ginásio Clube SAD,Portugal,0.0,0.0,1.0,0.0,1.0,0.0,1,1,0,1,0,1,6.485513661486118e-05,2,Italy / Romania
AC Nardò,Italy,0.0,0.0,1.0,0.0,1.0,0.0,1,1,0,1,0,1,6.886204884622808e-05,2,Italy / Romania
SSD Fidelis Andria,Italy,0.0,0.0,3.0,200000.0,3.0,200000.0,3,3,0,3,0,3,0.0001043096179698,2,Italy / Romania
Felino,Italy,0.0,0.0,1.0,0.0,1.0,0.0,1,1,0,1,0,1,6.858802291993441e-05,2,Italy / Romania
Vigor Carpaneto,Italy,0.0,0.0,1.0,0.0,1.0,0.0,1,1,0,1,0,1,6.590612407875949e-05,2,Italy / Romania
ASD Atletico Castagneto,Italy,0.0,0.0,1.0,0.0,1.0,0.0,1,1,0,1,0,1,6.387944754261553e-05,2,Italy / Romania
US Viterbese 1908,Italy,0.0,0.0,6.0,0.0,6.0,0.0,5,5,0,6,0,6,8.968490462063108e-05,2,Italy / Romania
Reggina 1914,Italy,0.0,0.0,25.0,550000.0,25.0,550000.0,14,14,0,25,0,25,0.0002139992082842,2,Italy / Romania
HNK Sibenik,Croatia,0.0,0.0,2.0,0.0,2.0,0.0,2,2,0,2,0,2,6.849745943502132e-05,2,Italy / Romania
Asd Puteolana 1902,Italy,0.0,0.0,1.0,0.0,1.0,0.0,1,1,0,1,0,1,7.32313258976773e-05,2,Italy / Romania
Mumbai City FC,India,0.0,0.0,4.0,0.0,4.0,0.0,4,4,0,4,0,4,0.0001156004952876,4,Portugal / Brazil
Baltika Kaliningrad,Russia,0.0,0.0,2.0,0.0,2.0,0.0,2,2,0,2,0,2,8.413241369512851e-05,4,Portugal / Brazil
Al-Ain,Saudi Arabia,0.0,0.0,3.0,1500000.0,3.0,1500000.0,3,3,0,3,0,3,8.869825558205546e-05,2,Italy / Romania
Alhaurín de la Torre CF,Spain,0.0,0.0,1.0,0.0,1.0,0.0,1,1,0,1,0,1,6.485513661486118e-05,2,Italy / Romania
LR Vicenza,Italy,0.0,0.0,5.0,400000.0,5.0,400000.0,4,4,0,5,0,5,0.0001004013630496,2,Italy / Romania
MSK Puchov,Slovakia,0.0,0.0,1.0,0.0,1.0,0.0,1,1,0,1,0,1,6.683468523626773e-05,2,Italy / Romania
Palermo FC,Italy,0.0,0.0,4.0,0.0,4.0,0.0,4,4,0,4,0,4,9.401142078704436e-05,2,Italy / Romania
Inter Miami CF,United States,0.0,0.0,3.0,0.0,3.0,0.0,2,2,0,3,0,3,7.847696006233081e-05,2,Italy / Romania
Calcio Foggia 1920,Italy,0.0,0.0,5.0,0.0,5.0,0.0,5,5,0,5,0,5,8.57389987843501e-05,2,Italy / Romania
Portici 1906,Italy,0.0,0.0,2.0,0.0,2.0,0.0,2,2,0,2,0,2,7.149537624687303e-05,2,Italy / Romania
SS Turris Calcio,Italy,0.0,0.0,5.0,0.0,5.0,0.0,4,4,0,5,0,5,9.571036222328146e-05,2,Italy / Romania
Albacete Balompié B,Spain,0.0,0.0,1.0,0.0,1.0,0.0,1,1,0,1,0,1,6.858802291993441e-05,2,Italy / Romania
FC Arzignano Valchiampo,Italy,0.0,0.0,1.0,0.0,1.0,0.0,1,1,0,1,0,1,6.41575416815005e-05,2,Italy / Romania
Pisa Primavera,Italy,0.0,0.0,1.0,0.0,1.0,0.0,1,1,0,1,0,1,6.590612407875949e-05,2,Italy / Romania
Roccella,Italy,0.0,0.0,1.0,0.0,1.0,0.0,1,1,0,1,0,1,6.590612407875949e-05,2,Italy / Romania
ACN Siena 1904,Italy,0.0,0.0,6.0,0.0,6.0,0.0,5,5,0,6,0,6,0.0001143635632136,2,Italy / Romania
Club Atlético Temperley,Argentina,0.0,0.0,1.0,0.0,1.0,0.0,1,1,0,1,0,1,7.364036106952929e-05,2,Italy / Romania
Gelbison,Italy,0.0,0.0,1.0,0.0,1.0,0.0,1,1,0,1,0,1,7.32313258976773e-05,2,Italy / Romania
Union Feltre,Italy,0.0,0.0,1.0,0.0,1.0,0.0,1,1,0,1,0,1,6.699163161791367e-05,2,Italy / Romania
Calcio Biancavilla 1990,Italy,0.0,0.0,1.0,0.0,1.0,0.0,1,1,0,1,0,1,7.21155995753389e-05,2,Italy / Romania
Pro Sesto 1913,Italy,0.0,0.0,2.0,0.0,2.0,0.0,2,2,0,2,0,2,7.662727196949988e-05,2,Italy / Romania
NK Siroki Brijeg,Bosnia-Herzegovina,0.0,0.0,2.0,0.0,2.0,0.0,2,2,0,2,0,2,8.087663172544804e-05,6,Germany / Austria
IFK Mariehamn,Finland,0.0,0.0,2.0,0.0,2.0,0.0,2,2,0,2,0,2,8.064801591757144e-05,5,Netherlands / Belgium
Panathinaikos Athens B,Greece,0.0,0.0,1.0,0.0,1.0,0.0,1,1,0,1,0,1,6.346168054913612e-05,2,Italy / Romania
Kocaelispor,Turkey,0.0,0.0,1.0,0.0,1.0,0.0,1,1,0,1,0,1,6.387944754261553e-05,2,Italy / Romania
Monterosi Tuscia FC,Italy,0.0,0.0,3.0,0.0,3.0,0.0,3,3,0,3,0,3,7.620736601017953e-05,2,Italy / Romania
Novara FC,Italy,0.0,0.0,2.0,0.0,2.0,0.0,2,2,0,2,0,2,7.99006158609493e-05,2,Italy / Romania
Villa Valle,Italy,0.0,0.0,1.0,0.0,1.0,0.0,1,1,0,1,0,1,6.590612407875949e-05,2,Italy / Romania
Ancona Matelica,Italy,0.0,0.0,3.0,0.0,3.0,0.0,2,2,0,3,0,3,8.815334100935986e-05,2,Italy / Romania
SSU Politehnica Timisoara,Romania,0.0,0.0,1.0,0.0,1.0,0.0,1,1,0,1,0,1,6.41575416815005e-05,2,Italy / Romania
Caldiero Terme,Italy,0.0,0.0,1.0,0.0,1.0,0.0,1,1,0,1,0,1,6.683468523626773e-05,2,Italy / Romania
AC Trento,Italy,0.0,0.0,3.0,0.0,3.0,0.0,3,3,0,3,0,3,7.718262147957674e-05,2,Italy / Romania
Giugliano Calcio 1928,Italy,0.0,0.0,1.0,0.0,1.0,0.0,1,1,0,1,0,1,6.478453820312686e-05,2,Italy / Romania
Acireale Calcio,Italy,0.0,0.0,1.0,0.0,1.0,0.0,1,1,0,1,0,1,6.478453820312686e-05,2,Italy / Romania
FK Oleksandriya,Ukraine,0.0,0.0,1.0,0.0,1.0,0.0,1,1,0,1,0,1,6.478453820312686e-05,2,Italy / Romania
Dolomiti Bellunesi,Italy,0.0,0.0,1.0,0.0,1.0,0.0,1,1,0,1,0,1,6.699163161791367e-05,2,Italy / Romania
Yokohama FC,Japan,0.0,0.0,1.0,0.0,1.0,0.0,1,1,0,1,0,1,6.406112332890074e-05,2,Italy / Romania
Centro Storico Lebowski,Italy,0.0,0.0,1.0,0.0,1.0,0.0,1,1,0,1,0,1,6.485513661486165e-05,2,Italy / Romania
Paide Linnameeskond,Estonia,0.0,0.0,1.0,0.0,1.0,0.0,1,1,0,1,0,1,6.678840991586686e-05,2,Italy / Romania
ASD Città Di Varese,Italy,0.0,0.0,1.0,0.0,1.0,0.0,1,1,0,1,0,1,6.445122780012936e-05,2,Italy / Romania
HSL Derthona,Italy,0.0,0.0,1.0,0.0,1.0,0.0,1,1,0,1,0,1,6.445122780012936e-05,2,Italy / Romania
Alcione Milano,Italy,0.0,0.0,1.0,0.0,1.0,0.0,1,1,0,1,0,1,6.445122780012936e-05,2,Italy / Romania
Città di Anagni Calcio,Italy,0.0,0.0,1.0,0.0,1.0,0.0,1,1,0,1,0,1,6.782382521184576e-05,2,Italy / Romania
FC Trapani 1905,Italy,0.0,0.0,1.0,0.0,1.0,0.0,1,1,0,1,0,1,7.912999622103795e-05,2,Italy / Romania
SVV Scheveningen,Netherlands,0.0,0.0,6.0,0.0,6.0,0.0,3,3,0,6,0,6,0.0001291779258793,5,Netherlands / Belgium
SSVg Velbert 02,Germany,0.0,0.0,1.0,0.0,1.0,0.0,1,1,0,1,0,1,7.323814578368573e-05,6,Germany / Austria
FSV Erlangen-Bruck,Germany,0.0,0.0,1.0,0.0,1.0,0.0,1,1,0,1,0,1,6.95679090539806e-05,6,Germany / Austria
KSV Hessen Kassel,Germany,0.0,0.0,2.0,0.0,2.0,0.0,2,2,0,2,0,2,8.156075578912375e-05,6,Germany / Austria
TSV Neusäß,Germany,0.0,0.0,1.0,0.0,1.0,0.0,1,1,0,1,0,1,7.09903865556943e-05,6,Germany / Austria
TSV Gersthofen,Germany,0.0,0.0,1.0,0.0,1.0,0.0,1,1,0,1,0,1,7.09903865556943e-05,6,Germany / Austria
TSV Aindling,Germany,0.0,0.0,1.0,0.0,1.0,0.0,1,1,0,1,0,1,7.09903865556943e-05,6,Germany / Austria
Vasas SC,Hungary,0.0,0.0,1.0,0.0,1.0,0.0,1,1,0,1,0,1,6.948369358491738e-05,6,Germany / Austria
TuS Haltern,Germany,0.0,0.0,1.0,0.0,1.0,0.0,1,1,0,1,0,1,6.913185268320204e-05,6,Germany / Austria
Eintracht Braunschweig II,Germany,0.0,0.0,1.0,0.0,1.0,0.0,1,1,0,1,0,1,7.54546061240656e-05,6,Germany / Austria
Slezsky FC Opava,Czech Republic,0.0,0.0,1.0,0.0,1.0,0.0,1,1,0,1,0,1,7.018926116645838e-05,6,Germany / Austria
VfR Wormatia Worms,Germany,0.0,0.0,2.0,0.0,2.0,0.0,2,2,0,2,0,2,8.055507165113316e-05,6,Germany / Austria
BSV Schwarz-Weiß Rehden,Germany,0.0,0.0,1.0,0.0,1.0,0.0,1,1,0,1,0,1,7.038587746191665e-05,6,Germany / Austria
PFC Simurq,Azerbaijan,0.0,0.0,1.0,0.0,1.0,0.0,1,1,0,1,0,1,7.038587746191665e-05,6,Germany / Austria
SC Verl,Germany,0.0,0.0,4.0,0.0,4.0,0.0,4,4,0,4,0,4,0.0001114648070911,6,Germany / Austria
SC Paderborn 07 II,Germany,0.0,0.0,3.0,0.0,3.0,0.0,2,2,0,3,0,3,0.0001006938262961,6,Germany / Austria
USI Lupo-Martini Wolfsburg,Germany,0.0,0.0,1.0,0.0,1.0,0.0,1,1,0,1,0,1,7.201263825753898e-05,6,Germany / Austria
VfV Borussia 06 Hildesheim,Germany,0.0,0.0,1.0,0.0,1.0,0.0,1,1,0,1,0,1,7.038587746191665e-05,6,Germany / Austria
SG Wattenscheid 09,Germany,0.0,0.0,1.0,0.0,1.0,0.0,1,1,0,1,0,1,6.948369358491738e-05,6,Germany / Austria
TSV Schwabmünchen,Germany,0.0,0.0,1.0,0.0,1.0,0.0,1,1,0,1,0,1,7.09903865556943e-05,6,Germany / Austria
Rot-Weiß Darmstadt,Germany,0.0,0.0,1.0,0.0,1.0,0.0,1,1,0,1,0,1,7.201263825753898e-05,6,Germany / Austria
VfB Ginsheim,Germany,0.0,0.0,1.0,0.0,1.0,0.0,1,1,0,1,0,1,7.201263825753898e-05,6,Germany / Austria
TS Ober-Roden,Germany,0.0,0.0,1.0,0.0,1.0,0.0,1,1,0,1,0,1,7.201263825753898e-05,6,Germany / Austria
FSV Wacker Nordhausen,Germany,0.0,0.0,1.0,0.0,1.0,0.0,1,1,0,1,0,1,7.201263825753898e-05,6,Germany / Austria
SV 07 Elversberg,Germany,0.0,0.0,2.0,0.0,2.0,0.0,2,2,0,2,0,2,8.265901509865804e-05,6,Germany / Austria
Tampa Bay Rowdies,United States,0.0,0.0,1.0,0.0,1.0,0.0,1,1,0,1,0,1,7.000619759178127e-05,6,Germany / Austria
FC Ingolstadt 04 II,Germany,0.0,0.0,1.0,0.0,1.0,0.0,1,1,0,1,0,1,7.31490987146534e-05,6,Germany / Austria
Jeonbuk Hyundai Motors,"Korea, South",0.0,0.0,2.0,1700000.0,2.0,1700000.0,2,2,0,2,0,2,8.284291206990089e-05,5,Netherlands / Belgium
Chongqing Dangdai Lifan,China,0.0,0.0,1.0,12000000.0,1.0,12000000.0,1,1,0,1,0,1,6.775990890562767e-05,6,Germany / Austria
Daejeon Citizen,"Korea, South",0.0,0.0,1.0,0.0,1.0,0.0,1,1,0,1,0,1,6.938019332392608e-05,6,Germany / Austria
Thespakusatsu Gunma,Japan,0.0,0.0,1.0,0.0,1.0,0.0,1,1,0,1,0,1,7.540346358882255e-05,6,Germany / Austria
Leipziger SV Südwest,Germany,0.0,0.0,1.0,0.0,1.0,0.0,1,1,0,1,0,1,6.927136297253398e-05,6,Germany / Austria
WSG Wattens,Austria,0.0,0.0,1.0,0.0,1.0,0.0,1,1,0,1,0,1,7.008850306343475e-05,6,Germany / Austria
Los Angeles Galaxy II,United States,0.0,0.0,1.0,0.0,1.0,0.0,1,1,0,1,0,1,7.365214794926466e-05,6,Germany / Austria
FC Gießen,Germany,0.0,0.0,1.0,0.0,1.0,0.0,1,1,0,1,0,1,7.365214794926466e-05,6,Germany / Austria
Rot-Weiss Essen,Germany,0.0,0.0,1.0,0.0,1.0,0.0,1,1,0,1,0,1,7.365214794926466e-05,6,Germany / Austria
Berliner AK 07,Germany,0.0,0.0,1.0,0.0,1.0,0.0,1,1,0,1,0,1,7.546763431974251e-05,6,Germany / Austria
Olympia Biebesheim,Germany,0.0,0.0,1.0,0.0,1.0,0.0,1,1,0,1,0,1,7.082074761454668e-05,6,Germany / Austria
TuS Dassendorf,Germany,0.0,0.0,1.0,0.0,1.0,0.0,1,1,0,1,0,1,6.943715534823796e-05,6,Germany / Austria
Club Atlético Huracán de Chabás,Argentina,0.0,0.0,1.0,0.0,1.0,0.0,1,1,0,1,0,1,7.082074761454668e-05,6,Germany / Austria
LKS Goczalkowice-Zdroj,Poland,0.0,0.0,1.0,0.0,1.0,0.0,1,1,0,1,0,1,6.775990890562767e-05,6,Germany / Austria
FC Viktoria 1889 Berlin,Germany,0.0,0.0,2.0,0.0,2.0,0.0,2,2,0,2,0,2,8.113255997964063e-05,6,Germany / Austria
FK Pirmasens,Germany,0.0,0.0,1.0,0.0,1.0,0.0,1,1,0,1,0,1,7.082074761454668e-05,6,Germany / Austria
TSV Brannenburg,Germany,0.0,0.0,2.0,0.0,2.0,0.0,1,1,0,2,0,2,7.932151788249513e-05,6,Germany / Austria
Guayaquil City FC,Ecuador,0.0,0.0,1.0,0.0,1.0,0.0,1,1,0,1,0,1,6.95679090539806e-05,6,Germany / Austria
SV Viktoria Aschaffenburg,Germany,0.0,0.0,1.0,0.0,1.0,0.0,1,1,0,1,0,1,6.95679090539806e-05,6,Germany / Austria
WSG Tirol,Austria,0.0,0.0,1.0,0.0,1.0,0.0,1,1,0,1,0,1,6.961471189775852e-05,6,Germany / Austria
Bonner SC,Germany,0.0,0.0,1.0,0.0,1.0,0.0,1,1,0,1,0,1,7.323814578368573e-05,6,Germany / Austria
Sporting Toulon Var,France,0.0,0.0,2.0,0.0,2.0,0.0,2,2,0,2,0,2,9.050616637212658e-05,1,France / Belgium
US Le Pontet,France,0.0,0.0,1.0,0.0,1.0,0.0,1,1,0,1,0,1,7.098268011107765e-05,1,France / Belgium
Charlton Athletic U21,England,0.0,0.0,1.0,0.0,1.0,0.0,1,1,0,1,0,1,6.934943587715669e-05,1,France / Belgium
Cúcuta Deportivo,Colombia,0.0,0.0,2.0,0.0,2.0,0.0,2,2,0,2,0,2,8.350659949865642e-05,1,France / Belgium
AS Marck,France,0.0,0.0,1.0,0.0,1.0,0.0,1,1,0,1,0,1,7.054604474097756e-05,1,France / Belgium
SR Saint-Dié,France,0.0,0.0,1.0,0.0,1.0,0.0,1,1,0,1,0,1,6.764533821469673e-05,1,France / Belgium
Gateway FC Abeokuta,Nigeria,0.0,0.0,1.0,0.0,1.0,0.0,1,1,0,1,0,1,6.9043231836628e-05,1,France / Belgium
Dynamo Kyiv II,Ukraine,0.0,0.0,1.0,0.0,1.0,0.0,1,1,0,1,0,1,6.996715431010398e-05,1,France / Belgium
USON Mondeville,France,0.0,0.0,1.0,0.0,1.0,0.0,1,1,0,1,0,1,7.204158512626235e-05,1,France / Belgium
AS Vitré,France,0.0,0.0,2.0,0.0,2.0,0.0,2,2,0,2,0,2,8.81106050383173e-05,1,France / Belgium
Rapid de Menton,France,0.0,0.0,1.0,0.0,1.0,0.0,1,1,0,1,0,1,6.921001378970406e-05,1,France / Belgium
US Orléans 45,France,0.0,0.0,1.0,0.0,1.0,0.0,1,1,0,1,0,1,6.995151258656672e-05,1,France / Belgium
TF Croix Daurade,France,0.0,0.0,1.0,0.0,1.0,0.0,1,1,0,1,0,1,6.998057018844024e-05,1,France / Belgium
SO Chambéry,France,0.0,0.0,1.0,0.0,1.0,0.0,1,1,0,1,0,1,6.912527882190355e-05,1,France / Belgium
Unirea Urziceni,Romania,0.0,0.0,1.0,300000.0,1.0,300000.0,1,1,0,1,0,1,7.654500695831964e-05,1,France / Belgium
JS Saint-Pierroise,Réunion,0.0,0.0,2.0,0.0,2.0,0.0,2,2,0,2,0,2,9.189687916961112e-05,1,France / Belgium
Al Merreikh Omdurman,Sudan,0.0,0.0,1.0,0.0,1.0,0.0,1,1,0,1,0,1,6.934943587715669e-05,1,France / Belgium
FC Le Mont LS,Switzerland,0.0,0.0,3.0,0.0,3.0,0.0,2,2,0,3,0,3,9.978427023514988e-05,1,France / Belgium
Neman Grodno,Belarus,0.0,0.0,1.0,0.0,1.0,0.0,1,1,0,1,0,1,7.16805421820895e-05,1,France / Belgium
Besançon Racing Club,France,0.0,0.0,2.0,0.0,2.0,0.0,2,2,0,2,0,2,8.345603336367698e-05,1,France / Belgium
FC Dieppe,France,0.0,0.0,1.0,0.0,1.0,0.0,1,1,0,1,0,1,6.934943587715669e-05,1,France / Belgium
CSO Amnéville,France,0.0,0.0,1.0,0.0,1.0,0.0,1,1,0,1,0,1,7.294571463643167e-05,1,France / Belgium
Tarbes Pyrénées Football,France,0.0,0.0,1.0,0.0,1.0,0.0,1,1,0,1,0,1,6.998057018844024e-05,1,France / Belgium
AFC Compiègne,France,0.0,0.0,1.0,0.0,1.0,0.0,1,1,0,1,0,1,6.866232857344218e-05,1,France / Belgium
Kardemir DC Karabükspor,Turkey,0.0,0.0,2.0,500000.0,2.0,500000.0,2,2,0,2,0,2,7.93513494012231e-05,5,Netherlands / Belgium
AFC Sudbury,England,0.0,0.0,1.0,0.0,1.0,0.0,1,1,0,1,0,1,7.11374813689035e-05,1,France / Belgium
FC 105 Libreville,Gabon,0.0,0.0,1.0,0.0,1.0,0.0,1,1,0,1,0,1,7.16805421820895e-05,1,France / Belgium
Pleudihen-sur-Rance,France,0.0,0.0,1.0,0.0,1.0,0.0,1,1,0,1,0,1,7.16805421820895e-05,1,France / Belgium
Football Club Calvi,France,0.0,0.0,1.0,0.0,1.0,0.0,1,1,0,1,0,1,7.499774149863112e-05,1,France / Belgium
Sport Galaxy Dakar,Senegal,0.0,0.0,1.0,0.0,1.0,0.0,1,1,0,1,0,1,6.912527882190355e-05,1,France / Belgium
Vendée Fontenay Foot,France,0.0,0.0,1.0,0.0,1.0,0.0,1,1,0,1,0,1,6.914753302789295e-05,1,France / Belgium
Monts d'Or Azergues Foot,France,0.0,0.0,2.0,0.0,2.0,0.0,2,2,0,2,0,2,8.431149555669427e-05,1,France / Belgium
White Star Brüssel,Belgium,0.0,0.0,3.0,0.0,3.0,0.0,3,3,0,3,0,3,9.528135317617458e-05,1,France / Belgium
Sports Réunis Colmar,France,0.0,0.0,1.0,0.0,1.0,0.0,1,1,0,1,0,1,6.87237218549641e-05,1,France / Belgium
Neuchâtel Xamax FCS Youth,Switzerland,0.0,0.0,1.0,0.0,1.0,0.0,1,1,0,1,0,1,6.87237218549641e-05,1,France / Belgium
FC Stade Nyonnais,Switzerland,0.0,0.0,1.0,0.0,1.0,0.0,1,1,0,1,0,1,7.11374813689035e-05,1,France / Belgium
Stade Bordelais,France,0.0,0.0,1.0,0.0,1.0,0.0,1,1,0,1,0,1,7.11374813689035e-05,1,France / Belgium
US Saint-Malo,France,0.0,0.0,1.0,0.0,1.0,0.0,1,1,0,1,0,1,7.137760290921018e-05,1,France / Belgium
MAS Fes,Morocco,0.0,0.0,1.0,0.0,1.0,0.0,1,1,0,1,0,1,7.137760290921018e-05,1,France / Belgium
Chengdu Tiancheng (1996-2014),China,0.0,0.0,1.0,0.0,1.0,0.0,1,1,0,1,0,1,7.294571463643167e-05,1,France / Belgium
Toulon Le Las,France,0.0,0.0,1.0,0.0,1.0,0.0,1,1,0,1,0,1,7.499774149863112e-05,1,France / Belgium
Tallinna FC Olympic,Estonia,0.0,0.0,1.0,0.0,1.0,0.0,1,1,0,1,0,1,7.204158512626235e-05,1,France / Belgium
Chennaiyin FC,India,0.0,0.0,1.0,0.0,1.0,0.0,1,1,0,1,0,1,6.995151258656672e-05,1,France / Belgium
FC Brentford U21,England,0.0,0.0,1.0,0.0,1.0,0.0,1,1,0,1,0,1,7.377632737813466e-05,1,France / Belgium
River Atlético Clube (PI),Brazil,0.0,0.0,1.0,0.0,1.0,0.0,1,1,0,1,0,1,7.377632737813466e-05,1,France / Belgium
Seraing United,Belgium,0.0,0.0,4.0,0.0,4.0,0.0,1,1,0,4,0,4,0.0001161677016505,1,France / Belgium
FC Système,DR Congo,0.0,0.0,1.0,0.0,1.0,0.0,1,1,0,1,0,1,7.377632737813466e-05,1,France / Belgium
Bergerac Périgord FC,France,0.0,0.0,1.0,0.0,1.0,0.0,1,1,0,1,0,1,6.914753302789295e-05,1,France / Belgium
US Sarre-Union,France,0.0,0.0,1.0,0.0,1.0,0.0,1,1,0,1,0,1,7.117175540427672e-05,1,France / Belgium
SC Bocognano Gravona,France,0.0,0.0,1.0,0.0,1.0,0.0,1,1,0,1,0,1,7.60759321435673e-05,1,France / Belgium
Sprimont Comblain Sport,Belgium,0.0,0.0,1.0,0.0,1.0,0.0,1,1,0,1,0,1,7.048155072060914e-05,1,France / Belgium
CR Al Hoceima,Morocco,0.0,0.0,3.0,0.0,3.0,0.0,3,3,0,3,0,3,9.30658939288472e-05,5,Netherlands / Belgium
RUFC Calais,France,0.0,0.0,1.0,0.0,1.0,0.0,1,1,0,1,0,1,7.120033875723556e-05,1,France / Belgium
El Tanque Sisley,Uruguay,0.0,0.0,1.0,0.0,1.0,0.0,1,1,0,1,0,1,7.120033875723556e-05,1,France / Belgium
UE Engordany,Andorra,0.0,0.0,1.0,0.0,1.0,0.0,1,1,0,1,0,1,7.499774149863112e-05,1,France / Belgium
IZK Khémisset,Morocco,0.0,0.0,1.0,0.0,1.0,0.0,1,1,0,1,0,1,7.377632737813466e-05,1,France / Belgium
Vlamertinge SK,Belgium,0.0,0.0,1.0,0.0,1.0,0.0,1,1,0,1,0,1,7.308820391202357e-05,1,France / Belgium
US Alençon,France,0.0,0.0,1.0,0.0,1.0,0.0,1,1,0,1,0,1,7.204158512626235e-05,1,France / Belgium
FC Lusitanos,Andorra,0.0,0.0,1.0,0.0,1.0,0.0,1,1,0,1,0,1,7.186919796280061e-05,1,France / Belgium
FK Napredak Krusevac,Serbia,0.0,0.0,3.0,0.0,3.0,0.0,3,3,0,3,0,3,0.0001039211762294,4,Portugal / Brazil
Juventus Bukarest,Romania,0.0,0.0,1.0,0.0,1.0,0.0,1,1,0,1,0,1,7.308820391202357e-05,1,France / Belgium
Istres Football Club,France,0.0,0.0,1.0,0.0,1.0,0.0,1,1,0,1,0,1,7.308820391202357e-05,1,France / Belgium
JS Saint-Jean Beaulieu,France,0.0,0.0,1.0,0.0,1.0,0.0,1,1,0,1,0,1,7.313474834091256e-05,1,France / Belgium
Annecy FC,France,0.0,0.0,3.0,0.0,3.0,0.0,3,3,0,3,0,3,9.283137074816874e-05,1,France / Belgium
US Marseille Endoume,France,0.0,0.0,1.0,0.0,1.0,0.0,1,1,0,1,0,1,6.866232857344218e-05,1,France / Belgium
CD El Ejido 2012,Spain,0.0,0.0,2.0,0.0,2.0,0.0,2,2,0,2,0,2,9.159801796351478e-05,1,France / Belgium
Minnesota United FC,United States,0.0,0.0,2.0,3270000.0,2.0,3270000.0,2,2,0,2,0,2,8.018821469037934e-05,1,France / Belgium
AC Amiens,France,0.0,0.0,1.0,0.0,1.0,0.0,1,1,0,1,0,1,7.308820391202357e-05,1,France / Belgium
BK Fremad Amager,Denmark,0.0,0.0,1.0,0.0,1.0,0.0,1,1,0,1,0,1,7.308820391202357e-05,1,France / Belgium
FC Rapid Bucuresti,Romania,0.0,0.0,1.0,0.0,1.0,0.0,1,1,0,1,0,1,7.308820391202357e-05,1,France / Belgium
PAS Lamia 1964,Greece,0.0,0.0,2.0,0.0,2.0,0.0,2,2,0,2,0,2,8.239410802332019e-05,1,France / Belgium
Al-Hazem SC,Saudi Arabia,0.0,0.0,2.0,0.0,2.0,0.0,2,2,0,2,0,2,8.547860651296803e-05,5,Netherlands / Belgium
Thonon Évian Grand Genève FC,France,0.0,0.0,2.0,0.0,2.0,0.0,2,2,0,2,0,2,8.15727645526178e-05,1,France / Belgium
Montana,Bulgaria,0.0,0.0,1.0,0.0,1.0,0.0,1,1,0,1,0,1,7.16805421820895e-05,1,France / Belgium
Deportes La Serena,Chile,0.0,0.0,1.0,0.0,1.0,0.0,1,1,0,1,0,1,7.377632737813466e-05,1,France / Belgium
Al-Faisaly Harmah,Saudi Arabia,0.0,0.0,5.0,1700000.0,5.0,1700000.0,4,4,0,5,0,5,0.0001239607771987,1,France / Belgium
Sporting Club de Lyon,France,0.0,0.0,1.0,0.0,1.0,0.0,1,1,0,1,0,1,6.912527882190355e-05,1,France / Belgium
Tokushima Vortis,Japan,0.0,0.0,1.0,0.0,1.0,0.0,1,1,0,1,0,1,7.16805421820895e-05,1,France / Belgium
FC Stade-Lausanne-Ouchy,Switzerland,0.0,0.0,2.0,0.0,2.0,0.0,2,2,0,2,0,2,8.288821802570965e-05,1,France / Belgium
Al-Shabab,Kuwait,0.0,0.0,1.0,0.0,1.0,0.0,1,1,0,1,0,1,6.819446996775826e-05,1,France / Belgium
AEK Athens B,Greece,0.0,0.0,1.0,0.0,1.0,0.0,1,1,0,1,0,1,7.186919796280061e-05,1,France / Belgium
Sabah FK,Azerbaijan,0.0,0.0,1.0,0.0,1.0,0.0,1,1,0,1,0,1,7.186919796280061e-05,1,France / Belgium
Al-Fayha FC,Saudi Arabia,0.0,0.0,5.0,1400000.0,5.0,1400000.0,5,5,0,5,0,5,0.0001315229019396,4,Portugal / Brazil
AS Saint-Priest,France,0.0,0.0,1.0,0.0,1.0,0.0,1,1,0,1,0,1,6.914753302789295e-05,1,France / Belgium
Louhans-Cuiseaux FC,France,0.0,0.0,1.0,0.0,1.0,0.0,1,1,0,1,0,1,7.25825747264824e-05,1,France / Belgium
Swift Hesperange,Luxembourg,0.0,0.0,1.0,0.0,1.0,0.0,1,1,0,1,0,1,7.25825747264824e-05,1,France / Belgium
Brujas FC,Costa Rica,0.0,0.0,1.0,0.0,1.0,0.0,1,1,0,1,0,1,7.435633554352635e-05,4,Portugal / Brazil
Nea Salamina Famagusta,Cyprus,0.0,0.0,4.0,0.0,4.0,0.0,4,4,0,4,0,4,0.0001334283845549,4,Portugal / Brazil
Ethnikos Achnas,Cyprus,0.0,0.0,3.0,0.0,3.0,0.0,3,3,0,3,0,3,0.0001154742721571,4,Portugal / Brazil
Shatin,Hongkong,0.0,0.0,1.0,0.0,1.0,0.0,1,1,0,1,0,1,7.910852362643602e-05,4,Portugal / Brazil
South China,Hongkong,0.0,0.0,2.0,0.0,2.0,0.0,2,2,0,2,0,2,9.418414342799994e-05,4,Portugal / Brazil
Itumbiara Esporte Clube (GO),Brazil,0.0,0.0,2.0,0.0,2.0,0.0,2,2,0,2,0,2,9.533074576857954e-05,4,Portugal / Brazil
AD Cerro de Reyes (- 2011),Spain,0.0,0.0,2.0,0.0,2.0,0.0,2,2,0,2,0,2,9.333450044905108e-05,4,Portugal / Brazil
Ionikos Nikeas,Greece,0.0,0.0,1.0,0.0,1.0,0.0,1,1,0,1,0,1,7.704336135078504e-05,4,Portugal / Brazil
NK Drava Ptuj,Slovenia,0.0,0.0,1.0,0.0,1.0,0.0,1,1,0,1,0,1,7.704336135078504e-05,4,Portugal / Brazil
Al-Ittihad Tripoli,Libya,0.0,0.0,1.0,0.0,1.0,0.0,1,1,0,1,0,1,7.704336135078504e-05,4,Portugal / Brazil
Esporte Clube São Bento (SP),Brazil,0.0,0.0,1.0,0.0,1.0,0.0,1,1,0,1,0,1,7.670369264882602e-05,4,Portugal / Brazil
Liepajas Metalurgs,Latvia,0.0,0.0,1.0,0.0,1.0,0.0,1,1,0,1,0,1,7.670369264882602e-05,4,Portugal / Brazil
União Recreativa dos Trabalhadores (MG),Brazil,0.0,0.0,1.0,0.0,1.0,0.0,1,1,0,1,0,1,7.670369264882602e-05,4,Portugal / Brazil
GD Interclube Luanda,Angola,0.0,0.0,1.0,0.0,1.0,0.0,1,1,0,1,0,1,7.640293851438257e-05,4,Portugal / Brazil
Granada 74 CF (-2009),Spain,0.0,0.0,1.0,0.0,1.0,0.0,1,1,0,1,0,1,7.640293851438257e-05,4,Portugal / Brazil
SC Valenciano,Portugal,0.0,0.0,1.0,0.0,1.0,0.0,1,1,0,1,0,1,7.328459873985044e-05,4,Portugal / Brazil
Independente Futebol Clube (SP),Brazil,0.0,0.0,1.0,0.0,1.0,0.0,1,1,0,1,0,1,7.67866513645544e-05,4,Portugal / Brazil
Comércio e Indústria,Portugal,0.0,0.0,1.0,0.0,1.0,0.0,1,1,0,1,0,1,7.67866513645544e-05,4,Portugal / Brazil
APOP Kinyras Pegias,Cyprus,0.0,0.0,3.0,0.0,3.0,0.0,3,3,0,3,0,3,0.0001065549362848,4,Portugal / Brazil
SC Alba,Portugal,0.0,0.0,1.0,0.0,1.0,0.0,1,1,0,1,0,1,7.640018143567281e-05,4,Portugal / Brazil
Oliveira do Bairro SC,Portugal,0.0,0.0,2.0,0.0,2.0,0.0,1,1,0,2,0,2,9.315449358400611e-05,4,Portugal / Brazil
Clube Atlético Guaçuano (SP),Brazil,0.0,0.0,1.0,0.0,1.0,0.0,1,1,0,1,0,1,7.34807584806934e-05,4,Portugal / Brazil
Hapoel Ramat Gan,Israel,0.0,0.0,1.0,0.0,1.0,0.0,1,1,0,1,0,1,7.704715696018789e-05,4,Portugal / Brazil
Chonburi FC,Thailand,0.0,0.0,1.0,0.0,1.0,0.0,1,1,0,1,0,1,7.64555367092365e-05,4,Portugal / Brazil
LD Alajuelense,Costa Rica,0.0,0.0,1.0,0.0,1.0,0.0,1,1,0,1,0,1,7.64555367092365e-05,4,Portugal / Brazil
Al-Orouba SC (Oman),Oman,0.0,0.0,1.0,0.0,1.0,0.0,1,1,0,1,0,1,7.910852362643602e-05,4,Portugal / Brazil
AS Khroub,Algeria,0.0,0.0,1.0,0.0,1.0,0.0,1,1,0,1,0,1,7.910852362643602e-05,4,Portugal / Brazil
TSW Pegasus,Hongkong,0.0,0.0,1.0,0.0,1.0,0.0,1,1,0,1,0,1,7.619371837183624e-05,4,Portugal / Brazil
Digenis Akritas Morfou,Cyprus,0.0,0.0,1.0,0.0,1.0,0.0,1,1,0,1,0,1,7.619371837183624e-05,4,Portugal / Brazil
FC U Craiova 1948,Romania,0.0,0.0,2.0,0.0,2.0,0.0,2,2,0,2,0,2,8.775767854146726e-05,4,Portugal / Brazil
Guangdong Sunray Cave,China,0.0,0.0,1.0,0.0,1.0,0.0,1,1,0,1,0,1,7.640018143567281e-05,4,Portugal / Brazil
Ittihad Alexandria,Egypt,0.0,0.0,2.0,0.0,2.0,0.0,2,2,0,2,0,2,9.55874557548102e-05,4,Portugal / Brazil
Trindade Atlético Clube (GO),Brazil,0.0,0.0,1.0,0.0,1.0,0.0,1,1,0,1,0,1,7.640293851438257e-05,4,Portugal / Brazil
FK Smederevo,Serbia,0.0,0.0,1.0,0.0,1.0,0.0,1,1,0,1,0,1,7.910852362643602e-05,4,Portugal / Brazil
FK Atyrau,Kazakhstan,0.0,0.0,1.0,0.0,1.0,0.0,1,1,0,1,0,1,7.910852362643602e-05,4,Portugal / Brazil
MIKA Ashtarak,Armenia,0.0,0.0,1.0,0.0,1.0,0.0,1,1,0,1,0,1,7.619371837183624e-05,4,Portugal / Brazil
Juventude Clube Aljezurense,Portugal,0.0,0.0,1.0,0.0,1.0,0.0,1,1,0,1,0,1,7.619371837183624e-05,4,Portugal / Brazil
La Vitréenne FC,France,0.0,0.0,1.0,0.0,1.0,0.0,1,1,0,1,0,1,7.328459873985044e-05,4,Portugal / Brazil
União Frederiquense de Futebol (RS),Brazil,0.0,0.0,1.0,0.0,1.0,0.0,1,1,0,1,0,1,7.680104607202209e-05,4,Portugal / Brazil
Club Sportivo San Lorenzo,Paraguay,0.0,0.0,1.0,0.0,1.0,0.0,1,1,0,1,0,1,7.260642404501838e-05,4,Portugal / Brazil
Kecskeméti TE,Hungary,0.0,0.0,1.0,0.0,1.0,0.0,1,1,0,1,0,1,7.640293851438257e-05,4,Portugal / Brazil
Deportes Cobreloa,Chile,0.0,0.0,1.0,0.0,1.0,0.0,1,1,0,1,0,1,7.640293851438257e-05,4,Portugal / Brazil
GD Prado,Portugal,0.0,0.0,1.0,0.0,1.0,0.0,1,1,0,1,0,1,7.818996369136462e-05,4,Portugal / Brazil
Veranópolis Esporte Clube (RS),Brazil,0.0,0.0,1.0,0.0,1.0,0.0,1,1,0,1,0,1,7.64555367092365e-05,4,Portugal / Brazil
Astra Ploiesti,Romania,0.0,0.0,1.0,0.0,1.0,0.0,1,1,0,1,0,1,7.704336135078504e-05,4,Portugal / Brazil
Ceahlăul Piatra Neamț,Romania,0.0,0.0,1.0,0.0,1.0,0.0,1,1,0,1,0,1,7.79192864355802e-05,4,Portugal / Brazil
Olaria Atlético Clube (RJ),Brazil,0.0,0.0,1.0,0.0,1.0,0.0,1,1,0,1,0,1,7.260642404501838e-05,4,Portugal / Brazil
Marília Atlético Clube (SP),Brazil,0.0,0.0,1.0,0.0,1.0,0.0,1,1,0,1,0,1,7.670369264882602e-05,4,Portugal / Brazil
Fluminense de Feira Futebol Clube (BA),Brazil,0.0,0.0,1.0,0.0,1.0,0.0,1,1,0,1,0,1,7.67866513645544e-05,4,Portugal / Brazil
Associação Desportiva Confiança (SE),Brazil,0.0,0.0,3.0,0.0,3.0,0.0,2,2,0,3,0,3,0.0001104752825262,4,Portugal / Brazil
Boa Esporte Clube (MG),Brazil,0.0,0.0,1.0,0.0,1.0,0.0,1,1,0,1,0,1,7.67866513645544e-05,4,Portugal / Brazil
Esporte Clube São José (RS),Brazil,0.0,0.0,1.0,0.0,1.0,0.0,1,1,0,1,0,1,7.120025334415832e-05,4,Portugal / Brazil
FC Milsami Orhei,Moldova,0.0,0.0,1.0,0.0,1.0,0.0,1,1,0,1,0,1,7.260642404501838e-05,4,Portugal / Brazil
Al-Shabab Al-Arabi Club,United Arab Emirates,0.0,0.0,2.0,975000.0,2.0,975000.0,2,2,0,2,0,2,8.259370118412952e-05,5,Netherlands / Belgium
Rotor Volgograd,Russia,0.0,0.0,2.0,0.0,2.0,0.0,1,1,0,2,0,2,9.376151601031244e-05,4,Portugal / Brazil
FK Rudar Prijedor,Bosnia-Herzegovina,0.0,0.0,1.0,0.0,1.0,0.0,1,1,0,1,0,1,7.640293851438257e-05,4,Portugal / Brazil
Club Deportivo Morón,Argentina,0.0,0.0,1.0,0.0,1.0,0.0,1,1,0,1,0,1,7.640293851438257e-05,4,Portugal / Brazil
Algarve United Futebol,Portugal,0.0,0.0,1.0,0.0,1.0,0.0,1,1,0,1,0,1,7.640293851438257e-05,4,Portugal / Brazil
Lusitano Ginásio Clube Moncarapachense,Portugal,0.0,0.0,1.0,0.0,1.0,0.0,1,1,0,1,0,1,7.640293851438257e-05,4,Portugal / Brazil
Guarany Bagé Futebol Clube,Brazil,0.0,0.0,1.0,0.0,1.0,0.0,1,1,0,1,0,1,7.64555367092365e-05,4,Portugal / Brazil
CA 3 de Febrero,Paraguay,0.0,0.0,1.0,0.0,1.0,0.0,1,1,0,1,0,1,7.64555367092365e-05,4,Portugal / Brazil
Nova Iguaçu Futebol Clube (RJ),Brazil,0.0,0.0,1.0,0.0,1.0,0.0,1,1,0,1,0,1,7.704715696018789e-05,4,Portugal / Brazil
Vilankulo FC,Mozambique,0.0,0.0,1.0,0.0,1.0,0.0,1,1,0,1,0,1,7.460792896687718e-05,4,Portugal / Brazil
SC Lourel,Portugal,0.0,0.0,1.0,0.0,1.0,0.0,1,1,0,1,0,1,7.460792896687718e-05,4,Portugal / Brazil
GD Bragança,Portugal,0.0,0.0,3.0,0.0,3.0,0.0,3,3,0,3,0,3,0.0001080587610134,4,Portugal / Brazil
Clube Futebol Benfica,Portugal,0.0,0.0,1.0,0.0,1.0,0.0,1,1,0,1,0,1,7.590706805685459e-05,4,Portugal / Brazil
Associação Esportiva Velo Clube Rioclarense (SP),Brazil,0.0,0.0,1.0,0.0,1.0,0.0,1,1,0,1,0,1,7.670369264882602e-05,4,Portugal / Brazil
Aquidauanense Futebol Clube (MS),Brazil,0.0,0.0,1.0,0.0,1.0,0.0,1,1,0,1,0,1,7.670369264882602e-05,4,Portugal / Brazil
Luverdense Esporte Clube (MT),Brazil,0.0,0.0,2.0,0.0,2.0,0.0,2,2,0,2,0,2,9.47378127758614e-05,4,Portugal / Brazil
Anápolis Futebol Clube (GO),Brazil,0.0,0.0,1.0,0.0,1.0,0.0,1,1,0,1,0,1,7.64555367092365e-05,4,Portugal / Brazil
Churchill Brothers FC,India,0.0,0.0,1.0,0.0,1.0,0.0,1,1,0,1,0,1,7.67866513645544e-05,4,Portugal / Brazil
Legião Futebol Clube (DF),Brazil,0.0,0.0,1.0,0.0,1.0,0.0,1,1,0,1,0,1,7.680104607202209e-05,4,Portugal / Brazil
CD Leones Negros de la UdeG,Mexico,0.0,0.0,1.0,0.0,1.0,0.0,1,1,0,1,0,1,7.818996369136462e-05,4,Portugal / Brazil
Esporte Clube Novo Hamburgo (RS),Brazil,0.0,0.0,1.0,0.0,1.0,0.0,1,1,0,1,0,1,7.818996369136462e-05,4,Portugal / Brazil
FK Teplice,Czech Republic,0.0,0.0,2.0,0.0,2.0,0.0,2,2,0,2,0,2,9.000771171786672e-05,4,Portugal / Brazil
Mpumalanga Black Aces FC,South Africa,0.0,0.0,1.0,0.0,1.0,0.0,1,1,0,1,0,1,7.64555367092365e-05,4,Portugal / Brazil
Esporte Clube Passo Fundo (RS),Brazil,0.0,0.0,1.0,0.0,1.0,0.0,1,1,0,1,0,1,7.67866513645544e-05,4,Portugal / Brazil
Americano Futebol Clube (RJ),Brazil,0.0,0.0,1.0,0.0,1.0,0.0,1,1,0,1,0,1,7.67866513645544e-05,4,Portugal / Brazil
Galícia Esporte Clube (BA),Brazil,0.0,0.0,1.0,0.0,1.0,0.0,1,1,0,1,0,1,7.460792896687718e-05,4,Portugal / Brazil
Clube Atlético Votuporanguense (SP),Brazil,0.0,0.0,1.0,0.0,1.0,0.0,1,1,0,1,0,1,7.260642404501838e-05,4,Portugal / Brazil
Shijiazhuang Yongchang,China,0.0,0.0,1.0,0.0,1.0,0.0,1,1,0,1,0,1,7.64555367092365e-05,4,Portugal / Brazil
Al-Musannah SC,Oman,0.0,0.0,1.0,0.0,1.0,0.0,1,1,0,1,0,1,7.640293851438257e-05,4,Portugal / Brazil
FK Indjija,Serbia,0.0,0.0,1.0,0.0,1.0,0.0,1,1,0,1,0,1,7.745279161611526e-05,4,Portugal / Brazil
O Elvas CAD,Portugal,0.0,0.0,1.0,0.0,1.0,0.0,1,1,0,1,0,1,7.745279161611526e-05,4,Portugal / Brazil
Ottawa Fury FC,United States,0.0,0.0,1.0,0.0,1.0,0.0,1,1,0,1,0,1,7.704715696018789e-05,4,Portugal / Brazil
Kuwait SC,Kuwait,0.0,0.0,2.0,0.0,2.0,0.0,2,2,0,2,0,2,9.416150465469092e-05,4,Portugal / Brazil
Torpedo Moscow,Russia,0.0,0.0,1.0,0.0,1.0,0.0,1,1,0,1,0,1,7.328459873985044e-05,4,Portugal / Brazil
FC Onze Bravos do Maquis,Angola,0.0,0.0,2.0,0.0,2.0,0.0,2,2,0,2,0,2,9.625725684938755e-05,4,Portugal / Brazil
Clube Recreativo da Caála,Angola,0.0,0.0,1.0,0.0,1.0,0.0,1,1,0,1,0,1,7.460792896687718e-05,4,Portugal / Brazil
Ratchaburi Mitr Phol FC,Thailand,0.0,0.0,3.0,0.0,3.0,0.0,3,3,0,3,0,3,0.0001031034510711,4,Portugal / Brazil
EC XV de Novembro (SP),Brazil,0.0,0.0,2.0,0.0,2.0,0.0,2,2,0,2,0,2,9.98074114664393e-05,4,Portugal / Brazil
FC Marinhas,Portugal,0.0,0.0,1.0,0.0,1.0,0.0,1,1,0,1,0,1,8.126331706241422e-05,4,Portugal / Brazil
Forjães Sport Club,Portugal,0.0,0.0,1.0,0.0,1.0,0.0,1,1,0,1,0,1,7.328459873985044e-05,4,Portugal / Brazil
Mondinense FC,Portugal,0.0,0.0,1.0,0.0,1.0,0.0,1,1,0,1,0,1,7.64555367092365e-05,4,Portugal / Brazil
Associação Esportiva Tiradentes (CE),Brazil,0.0,0.0,1.0,0.0,1.0,0.0,1,1,0,1,0,1,7.680104607202209e-05,4,Portugal / Brazil
Sport Huancayo,Peru,0.0,0.0,1.0,0.0,1.0,0.0,1,1,0,1,0,1,7.680104607202209e-05,4,Portugal / Brazil
PS Kemi Kings,Finland,0.0,0.0,1.0,0.0,1.0,0.0,1,1,0,1,0,1,8.126331706241422e-05,4,Portugal / Brazil
Panachaiki GE,Greece,0.0,0.0,1.0,0.0,1.0,0.0,1,1,0,1,0,1,7.67866513645544e-05,4,Portugal / Brazil
SC Sagamihara,Japan,0.0,0.0,1.0,0.0,1.0,0.0,1,1,0,1,0,1,8.151767049364949e-05,4,Portugal / Brazil
Brasília Futebol Clube (DF),Brazil,0.0,0.0,1.0,0.0,1.0,0.0,1,1,0,1,0,1,7.64555367092365e-05,4,Portugal / Brazil
Lynx FC,Gibraltar,0.0,0.0,1.0,0.0,1.0,0.0,1,1,0,1,0,1,8.126331706241422e-05,4,Portugal / Brazil
Hajer Club,Saudi Arabia,0.0,0.0,2.0,0.0,2.0,0.0,2,2,0,2,0,2,9.506006851279508e-05,4,Portugal / Brazil
Union Sportive de Ben Guerdane,Tunisia,0.0,0.0,1.0,0.0,1.0,0.0,1,1,0,1,0,1,7.745279161611526e-05,4,Portugal / Brazil
Deportivo Capiatá,Paraguay,0.0,0.0,1.0,0.0,1.0,0.0,1,1,0,1,0,1,7.590706805685459e-05,4,Portugal / Brazil
PGS Kissamikos,Greece,0.0,0.0,1.0,0.0,1.0,0.0,1,1,0,1,0,1,8.126331706241422e-05,4,Portugal / Brazil
Ilves Tampere,Finland,0.0,0.0,2.0,0.0,2.0,0.0,2,2,0,2,0,2,9.4726035808389e-05,5,Netherlands / Belgium
Club Mutual Crucero del Norte,Argentina,0.0,0.0,1.0,0.0,1.0,0.0,1,1,0,1,0,1,8.126331706241422e-05,4,Portugal / Brazil
UD Sousense,Portugal,0.0,0.0,1.0,0.0,1.0,0.0,1,1,0,1,0,1,8.126331706241422e-05,4,Portugal / Brazil
NK Dugopolje,Croatia,0.0,0.0,1.0,0.0,1.0,0.0,1,1,0,1,0,1,7.56986998190941e-05,4,Portugal / Brazil
Auckland City FC,New Zealand,0.0,0.0,1.0,0.0,1.0,0.0,1,1,0,1,0,1,7.56986998190941e-05,4,Portugal / Brazil
SC Dragões Sandinenses,Portugal,0.0,0.0,1.0,0.0,1.0,0.0,1,1,0,1,0,1,7.79192864355802e-05,4,Portugal / Brazil
Thanh Hoa FC,Vietnam,0.0,0.0,1.0,0.0,1.0,0.0,1,1,0,1,0,1,7.79192864355802e-05,4,Portugal / Brazil
Bangkok United,Thailand,0.0,0.0,1.0,0.0,1.0,0.0,1,1,0,1,0,1,7.460792896687718e-05,4,Portugal / Brazil
Guizhou Hengfeng Zhicheng,China,0.0,0.0,1.0,2600000.0,1.0,2600000.0,1,1,0,1,0,1,7.670369264882602e-05,4,Portugal / Brazil
Zaria Balti,Moldova,0.0,0.0,1.0,0.0,1.0,0.0,1,1,0,1,0,1,8.126331706241422e-05,4,Portugal / Brazil
Atlético dos Arcos,Portugal,0.0,0.0,1.0,0.0,1.0,0.0,1,1,0,1,0,1,8.126331706241422e-05,4,Portugal / Brazil
Gandzasar Kapan,Armenia,0.0,0.0,1.0,0.0,1.0,0.0,1,1,0,1,0,1,8.126331706241422e-05,4,Portugal / Brazil
GD Chaves Satelite,Portugal,0.0,0.0,3.0,0.0,3.0,0.0,1,1,0,3,0,3,0.0001100021570563,4,Portugal / Brazil
MFK Pervomaysk,Ukraine,0.0,0.0,1.0,0.0,1.0,0.0,1,1,0,1,0,1,7.460792896687718e-05,4,Portugal / Brazil
Kazma SC,Kuwait,0.0,0.0,1.0,0.0,1.0,0.0,1,1,0,1,0,1,7.460792896687718e-05,4,Portugal / Brazil
Omiya Ardija,Japan,0.0,0.0,1.0,750000.0,1.0,750000.0,1,1,0,1,0,1,7.590706805685459e-05,4,Portugal / Brazil
Vieira SC,Portugal,0.0,0.0,1.0,0.0,1.0,0.0,1,1,0,1,0,1,7.590706805685459e-05,4,Portugal / Brazil
Jacksonville Armada FC,United States,0.0,0.0,1.0,0.0,1.0,0.0,1,1,0,1,0,1,7.64555367092365e-05,4,Portugal / Brazil
Ras Al-Khaima,United Arab Emirates,0.0,0.0,1.0,0.0,1.0,0.0,1,1,0,1,0,1,7.619371837183624e-05,4,Portugal / Brazil
Santa Cruz Futebol Clube (RN),Brazil,0.0,0.0,1.0,0.0,1.0,0.0,1,1,0,1,0,1,7.619371837183624e-05,4,Portugal / Brazil
Gazisehir Gaziantep FK,Turkey,0.0,0.0,1.0,0.0,1.0,0.0,1,1,0,1,0,1,7.34807584806934e-05,4,Portugal / Brazil
CS Cartaginés,Costa Rica,0.0,0.0,1.0,0.0,1.0,0.0,1,1,0,1,0,1,7.56986998190941e-05,4,Portugal / Brazil
FC Samtredia,Georgia,0.0,0.0,1.0,0.0,1.0,0.0,1,1,0,1,0,1,7.260642404501838e-05,4,Portugal / Brazil
Paraná Clube B,Brazil,0.0,0.0,1.0,0.0,1.0,0.0,1,1,0,1,0,1,7.460792896687718e-05,4,Portugal / Brazil
Clube Atlético Juventus (SP),Brazil,0.0,0.0,1.0,0.0,1.0,0.0,1,1,0,1,0,1,7.460792896687718e-05,4,Portugal / Brazil
Sousa Esporte Clube (PB),Brazil,0.0,0.0,1.0,0.0,1.0,0.0,1,1,0,1,0,1,7.680104607202209e-05,4,Portugal / Brazil
Gangwon FC,"Korea, South",0.0,0.0,1.0,0.0,1.0,0.0,1,1,0,1,0,1,7.64555367092365e-05,4,Portugal / Brazil
Thai Honda FC,Thailand,0.0,0.0,1.0,0.0,1.0,0.0,1,1,0,1,0,1,7.56986998190941e-05,4,Portugal / Brazil
Al-Taawoun FC,Saudi Arabia,0.0,0.0,5.0,250000.0,5.0,250000.0,5,5,0,5,0,5,0.0001355658657862,4,Portugal / Brazil
Zhejiang Greentown,China,0.0,0.0,1.0,1250000.0,1.0,1250000.0,1,1,0,1,0,1,7.260642404501838e-05,4,Portugal / Brazil
Singha Chiangrai United,Thailand,0.0,0.0,1.0,0.0,1.0,0.0,1,1,0,1,0,1,7.676021698184256e-05,4,Portugal / Brazil
Clube Condeixa,Portugal,0.0,0.0,2.0,0.0,2.0,0.0,2,2,0,2,0,2,9.281304751359716e-05,4,Portugal / Brazil
GD Peniche,Portugal,0.0,0.0,1.0,0.0,1.0,0.0,1,1,0,1,0,1,7.67866513645544e-05,4,Portugal / Brazil
Clube Atlético Tubarão (SC),Brazil,0.0,0.0,1.0,0.0,1.0,0.0,1,1,0,1,0,1,7.590706805685459e-05,4,Portugal / Brazil
GDCRS Vila de Silgueiros,Portugal,0.0,0.0,1.0,0.0,1.0,0.0,1,1,0,1,0,1,7.56986998190941e-05,4,Portugal / Brazil
Irtysh Pavlodar,Kazakhstan,0.0,0.0,1.0,0.0,1.0,0.0,1,1,0,1,0,1,7.79192864355802e-05,4,Portugal / Brazil
Al-Muharraq SC,Bahrain,0.0,0.0,1.0,0.0,1.0,0.0,1,1,0,1,0,1,7.680104607202209e-05,4,Portugal / Brazil
Samut Prakan City,Thailand,0.0,0.0,1.0,0.0,1.0,0.0,1,1,0,1,0,1,7.680104607202209e-05,4,Portugal / Brazil
FC Ararat-Armenia,Armenia,0.0,0.0,2.0,0.0,2.0,0.0,2,2,0,2,0,2,9.241316764107928e-05,4,Portugal / Brazil
Okzhetpes Kokshetau,Kazakhstan,0.0,0.0,1.0,0.0,1.0,0.0,1,1,0,1,0,1,7.79192864355802e-05,4,Portugal / Brazil
Doxa Dramas,Greece,0.0,0.0,1.0,0.0,1.0,0.0,1,1,0,1,0,1,7.680104607202209e-05,4,Portugal / Brazil
FK Panevezys,Lithuania,0.0,0.0,1.0,0.0,1.0,0.0,1,1,0,1,0,1,7.680104607202209e-05,4,Portugal / Brazil
CA Pêro Pinheiro,Portugal,0.0,0.0,1.0,0.0,1.0,0.0,1,1,0,1,0,1,7.850986611639273e-05,4,Portugal / Brazil
Birkirkara FC,Malta,0.0,0.0,1.0,0.0,1.0,0.0,1,1,0,1,0,1,8.126331706241422e-05,4,Portugal / Brazil
Damac FC,Saudi Arabia,0.0,0.0,3.0,2000000.0,3.0,2000000.0,3,3,0,3,0,3,0.000109732404784,4,Portugal / Brazil
AD Ninense,Portugal,0.0,0.0,1.0,0.0,1.0,0.0,1,1,0,1,0,1,7.413975049283859e-05,4,Portugal / Brazil
Brito SC,Portugal,0.0,0.0,1.0,0.0,1.0,0.0,1,1,0,1,0,1,7.818996369136462e-05,4,Portugal / Brazil
Delfín SC,Ecuador,0.0,0.0,1.0,0.0,1.0,0.0,1,1,0,1,0,1,7.100060931442422e-05,4,Portugal / Brazil
El Paso Locomotive FC,United States,0.0,0.0,1.0,0.0,1.0,0.0,1,1,0,1,0,1,7.120025334415832e-05,4,Portugal / Brazil
HB Köge,Denmark,0.0,0.0,1.0,0.0,1.0,0.0,1,1,0,1,0,1,7.56986998190941e-05,4,Portugal / Brazil
CD Universitario,Panama,0.0,0.0,1.0,0.0,1.0,0.0,1,1,0,1,0,1,8.413838880999685e-05,4,Portugal / Brazil
Rukh Brest,Belarus,0.0,0.0,1.0,0.0,1.0,0.0,1,1,0,1,0,1,7.676021698184256e-05,4,Portugal / Brazil
USC Paredes,Portugal,0.0,0.0,3.0,0.0,3.0,0.0,2,2,0,3,0,3,0.0001095264029006,4,Portugal / Brazil
Al-Tai,Saudi Arabia,0.0,0.0,3.0,0.0,3.0,0.0,3,3,0,3,0,3,0.0001147227129629,4,Portugal / Brazil
Tarxien Rainbows,Malta,0.0,0.0,1.0,0.0,1.0,0.0,1,1,0,1,0,1,8.136519645654301e-05,4,Portugal / Brazil
ARC Oleiros,Portugal,0.0,0.0,2.0,0.0,2.0,0.0,2,2,0,2,0,2,9.19598985886092e-05,4,Portugal / Brazil
GD Vitória Sernache,Portugal,0.0,0.0,1.0,0.0,1.0,0.0,1,1,0,1,0,1,7.670369264882602e-05,4,Portugal / Brazil
Floresta Esporte Clube (CE),Brazil,0.0,0.0,1.0,0.0,1.0,0.0,1,1,0,1,0,1,7.670369264882602e-05,4,Portugal / Brazil
Asociación Atlética Argentinos Juniors II,Argentina,0.0,0.0,1.0,0.0,1.0,0.0,1,1,0,1,0,1,7.670369264882602e-05,4,Portugal / Brazil
Club Atlético Progreso,Uruguay,0.0,0.0,1.0,0.0,1.0,0.0,1,1,0,1,0,1,7.670369264882602e-05,4,Portugal / Brazil
Al-Jabalain FC,Saudi Arabia,0.0,0.0,1.0,0.0,1.0,0.0,1,1,0,1,0,1,7.64555367092365e-05,4,Portugal / Brazil
Tianjin Jinmen Tiger,China,0.0,0.0,1.0,5400000.0,1.0,5400000.0,1,1,0,1,0,1,7.06828482049589e-05,4,Portugal / Brazil
Técnico Universitario,Ecuador,0.0,0.0,1.0,0.0,1.0,0.0,1,1,0,1,0,1,8.413838880999685e-05,4,Portugal / Brazil
Deportes Tolima,Colombia,0.0,0.0,1.0,900000.0,1.0,900000.0,1,1,0,1,0,1,7.260642404501838e-05,4,Portugal / Brazil
Ho Chi Minh City FC,Vietnam,0.0,0.0,1.0,0.0,1.0,0.0,1,1,0,1,0,1,7.619371837183624e-05,4,Portugal / Brazil
Chuncheon Citizen,"Korea, South",0.0,0.0,1.0,0.0,1.0,0.0,1,1,0,1,0,1,7.670369264882602e-05,4,Portugal / Brazil
UD Santarém,Portugal,0.0,0.0,2.0,0.0,2.0,0.0,2,2,0,2,0,2,0.0001011962121714,4,Portugal / Brazil
Lion City Sailors,Singapore,0.0,0.0,1.0,1800000.0,1.0,1800000.0,1,1,0,1,0,1,7.34807584806934e-05,4,Portugal / Brazil
Royal Pari Fútbol Club,Bolivia,0.0,0.0,1.0,0.0,1.0,0.0,1,1,0,1,0,1,7.56986998190941e-05,4,Portugal / Brazil
JD Carregosense,Portugal,0.0,0.0,1.0,0.0,1.0,0.0,1,1,0,1,0,1,7.745279161611526e-05,4,Portugal / Brazil
Radomiak Radom,Poland,0.0,0.0,1.0,0.0,1.0,0.0,1,1,0,1,0,1,7.850986611639273e-05,4,Portugal / Brazil
Bengaluru FC,India,0.0,0.0,1.0,0.0,1.0,0.0,1,1,0,1,0,1,7.850986611639273e-05,4,Portugal / Brazil
Guanabara City Futebol Clube,Brazil,0.0,0.0,1.0,0.0,1.0,0.0,1,1,0,1,0,1,8.126331706241422e-05,4,Portugal / Brazil
NK Hrvatski Dragovoljac,Croatia,0.0,0.0,2.0,0.0,2.0,0.0,2,2,0,2,0,2,8.933742927160504e-05,4,Portugal / Brazil
FC Andorra,Spain,0.0,0.0,1.0,0.0,1.0,0.0,1,1,0,1,0,1,7.413975049283859e-05,4,Portugal / Brazil
Al-Quwa Al-Jawiya,Iraq,0.0,0.0,1.0,0.0,1.0,0.0,1,1,0,1,0,1,7.818996369136462e-05,4,Portugal / Brazil
Mazatlán FC,Mexico,0.0,0.0,1.0,0.0,1.0,0.0,1,1,0,1,0,1,7.818996369136462e-05,4,Portugal / Brazil
PAEEK,Cyprus,0.0,0.0,1.0,0.0,1.0,0.0,1,1,0,1,0,1,7.619371837183624e-05,4,Portugal / Brazil
Wuhan FC,China,0.0,0.0,1.0,131000.0,1.0,131000.0,1,1,0,1,0,1,7.542524006826281e-05,4,Portugal / Brazil
Länk FC Vilaverdense,Portugal,0.0,0.0,1.0,0.0,1.0,0.0,1,1,0,1,0,1,7.542524006826281e-05,4,Portugal / Brazil
FC Alverca,Portugal,0.0,0.0,1.0,0.0,1.0,0.0,1,1,0,1,0,1,7.542524006826281e-05,4,Portugal / Brazil
FC Vizela U23,Portugal,0.0,0.0,5.0,0.0,5.0,0.0,1,1,0,5,0,5,0.0001385427231919,4,Portugal / Brazil
AC Oulu,Finland,0.0,0.0,1.0,0.0,1.0,0.0,1,1,0,1,0,1,6.783162069161552e-05,5,Netherlands / Belgium
BV Cloppenburg,Germany,0.0,0.0,1.0,0.0,1.0,0.0,1,1,0,1,0,1,6.99609664143821e-05,5,Netherlands / Belgium
Gronitas Groningen,Netherlands,0.0,0.0,1.0,0.0,1.0,0.0,1,1,0,1,0,1,7.018278736933084e-05,5,Netherlands / Belgium
New Amsterdam FC,United States,0.0,0.0,1.0,0.0,1.0,0.0,1,1,0,1,0,1,7.124635205361825e-05,5,Netherlands / Belgium
Wuppertaler SV Borussia,Germany,0.0,0.0,2.0,0.0,2.0,0.0,2,2,0,2,0,2,8.157013684044816e-05,5,Netherlands / Belgium
FC Edmonton,Canada,0.0,0.0,2.0,0.0,2.0,0.0,2,2,0,2,0,2,8.636637400543274e-05,5,Netherlands / Belgium
SVZW Wierden,Netherlands,0.0,0.0,2.0,0.0,2.0,0.0,2,2,0,2,0,2,8.292821490402016e-05,5,Netherlands / Belgium
Kizilcahamamspor,Turkey,0.0,0.0,1.0,0.0,1.0,0.0,1,1,0,1,0,1,7.170586228497664e-05,5,Netherlands / Belgium
SV Venray,Netherlands,0.0,0.0,2.0,0.0,2.0,0.0,1,1,0,2,0,2,8.553431486926934e-05,5,Netherlands / Belgium
Ethnikos Asteras,Greece,0.0,0.0,1.0,0.0,1.0,0.0,1,1,0,1,0,1,7.597694277241465e-05,5,Netherlands / Belgium
EHC Hoensbroek,Netherlands,0.0,0.0,2.0,0.0,2.0,0.0,2,2,0,2,0,2,8.837677255488313e-05,5,Netherlands / Belgium
FC Hlucin,Czech Republic,0.0,0.0,1.0,0.0,1.0,0.0,1,1,0,1,0,1,7.170586228497664e-05,5,Netherlands / Belgium
HSV Hoek,Netherlands,0.0,0.0,2.0,0.0,2.0,0.0,2,2,0,2,0,2,8.386575342218672e-05,5,Netherlands / Belgium
DHC Delft,Netherlands,0.0,0.0,2.0,0.0,2.0,0.0,2,2,0,2,0,2,8.448661009584678e-05,5,Netherlands / Belgium
SDV Barneveld,Netherlands,0.0,0.0,1.0,0.0,1.0,0.0,1,1,0,1,0,1,7.330550932479465e-05,5,Netherlands / Belgium
IFC Ambacht,Netherlands,0.0,0.0,1.0,0.0,1.0,0.0,1,1,0,1,0,1,7.180576042454956e-05,5,Netherlands / Belgium
RKSV Leonidas,Netherlands,0.0,0.0,1.0,0.0,1.0,0.0,1,1,0,1,0,1,7.180576042454956e-05,5,Netherlands / Belgium
VV Baronie,Netherlands,0.0,0.0,1.0,0.0,1.0,0.0,1,1,0,1,0,1,7.180576042454956e-05,5,Netherlands / Belgium
VV Dijkse Boys (- 2013),Netherlands,0.0,0.0,1.0,0.0,1.0,0.0,1,1,0,1,0,1,7.124635205361825e-05,5,Netherlands / Belgium
Harkemase Boys,Netherlands,0.0,0.0,6.0,0.0,6.0,0.0,4,4,0,6,0,6,0.0001405035467439,5,Netherlands / Belgium
Zhemchuzhina Sochi,Russia,0.0,0.0,1.0,0.0,1.0,0.0,1,1,0,1,0,1,6.99609664143821e-05,5,Netherlands / Belgium
Pelita Jaya Karawang,Indonesia,0.0,0.0,1.0,0.0,1.0,0.0,1,1,0,1,0,1,6.971175129723224e-05,5,Netherlands / Belgium
VV UNA Veldhoven,Netherlands,0.0,0.0,2.0,0.0,2.0,0.0,2,2,0,2,0,2,8.806320937372959e-05,5,Netherlands / Belgium
Itabuna Esporte Clube (BA),Brazil,0.0,0.0,1.0,0.0,1.0,0.0,1,1,0,1,0,1,6.783162069161552e-05,5,Netherlands / Belgium
Juliana '31,Netherlands,0.0,0.0,1.0,0.0,1.0,0.0,1,1,0,1,0,1,7.330550932479465e-05,5,Netherlands / Belgium
HSC '21 Haaksbergen,Netherlands,0.0,0.0,3.0,0.0,3.0,0.0,2,2,0,3,0,3,9.950500873758756e-05,5,Netherlands / Belgium
VV Nieuwenhoorn,Netherlands,0.0,0.0,1.0,0.0,1.0,0.0,1,1,0,1,0,1,6.996965407416947e-05,5,Netherlands / Belgium
XerxesDZB,Netherlands,0.0,0.0,1.0,0.0,1.0,0.0,1,1,0,1,0,1,6.996965407416947e-05,5,Netherlands / Belgium
Etar Veliko Tarnovo,Bulgaria,0.0,0.0,1.0,0.0,1.0,0.0,1,1,0,1,0,1,6.996965407416947e-05,5,Netherlands / Belgium
KFC Zwarte Leeuw,Belgium,0.0,0.0,2.0,0.0,2.0,0.0,2,2,0,2,0,2,8.546540046200477e-05,5,Netherlands / Belgium
FC Inter Turku,Finland,0.0,0.0,1.0,0.0,1.0,0.0,1,1,0,1,0,1,7.180576042454956e-05,5,Netherlands / Belgium
NS Mura,Slovenia,0.0,0.0,1.0,0.0,1.0,0.0,1,1,0,1,0,1,6.995398685193468e-05,5,Netherlands / Belgium
Kaysar Kyzylorda,Kazakhstan,0.0,0.0,1.0,0.0,1.0,0.0,1,1,0,1,0,1,7.597694277241465e-05,5,Netherlands / Belgium
KFC Esperanza Neerpelt,Belgium,0.0,0.0,1.0,0.0,1.0,0.0,1,1,0,1,0,1,7.511898658276472e-05,5,Netherlands / Belgium
Valletta FC,Malta,0.0,0.0,1.0,0.0,1.0,0.0,1,1,0,1,0,1,6.963314642645073e-05,5,Netherlands / Belgium
Amkar Perm,Russia,0.0,0.0,1.0,0.0,1.0,0.0,1,1,0,1,0,1,6.963314642645073e-05,5,Netherlands / Belgium
VV UNA Onder 19,Netherlands,0.0,0.0,1.0,0.0,1.0,0.0,1,1,0,1,0,1,7.180576042454956e-05,5,Netherlands / Belgium
RKAVV Leidschendam,Netherlands,0.0,0.0,1.0,0.0,1.0,0.0,1,1,0,1,0,1,7.102389134987198e-05,5,Netherlands / Belgium
HV & CV Quick,Netherlands,0.0,0.0,1.0,0.0,1.0,0.0,1,1,0,1,0,1,7.102389134987198e-05,5,Netherlands / Belgium
Sportlust '46,Netherlands,0.0,0.0,1.0,0.0,1.0,0.0,1,1,0,1,0,1,7.086822190638304e-05,5,Netherlands / Belgium
Quick Boys '31 Venlo,Netherlands,0.0,0.0,1.0,0.0,1.0,0.0,1,1,0,1,0,1,7.086822190638304e-05,5,Netherlands / Belgium
FK Minsk,Belarus,0.0,0.0,1.0,0.0,1.0,0.0,1,1,0,1,0,1,7.124635205361825e-05,5,Netherlands / Belgium
MASV Arnhem,Netherlands,0.0,0.0,1.0,0.0,1.0,0.0,1,1,0,1,0,1,6.995398685193468e-05,5,Netherlands / Belgium
Sriwijaya FC,Indonesia,0.0,0.0,1.0,0.0,1.0,0.0,1,1,0,1,0,1,7.009527800639807e-05,5,Netherlands / Belgium
ACV Assen,Netherlands,0.0,0.0,2.0,0.0,2.0,0.0,2,2,0,2,0,2,8.567165234992398e-05,5,Netherlands / Belgium
Kickers Emden,Germany,0.0,0.0,1.0,0.0,1.0,0.0,1,1,0,1,0,1,7.018278736933084e-05,5,Netherlands / Belgium
Be Quick 1887,Netherlands,0.0,0.0,1.0,0.0,1.0,0.0,1,1,0,1,0,1,7.018278736933084e-05,5,Netherlands / Belgium
Diegem Sport,Belgium,0.0,0.0,1.0,0.0,1.0,0.0,1,1,0,1,0,1,7.102389134987198e-05,5,Netherlands / Belgium
Spartak Myjava,Slovakia,0.0,0.0,1.0,0.0,1.0,0.0,1,1,0,1,0,1,7.102389134987198e-05,5,Netherlands / Belgium
FC Lisse,Netherlands,0.0,0.0,1.0,0.0,1.0,0.0,1,1,0,1,0,1,7.102389134987198e-05,5,Netherlands / Belgium
VV WKE Emmen (diss.),Netherlands,0.0,0.0,2.0,0.0,2.0,0.0,2,2,0,2,0,2,8.440728921216493e-05,5,Netherlands / Belgium
SC Genemuiden,Netherlands,0.0,0.0,1.0,0.0,1.0,0.0,1,1,0,1,0,1,7.086822190638304e-05,5,Netherlands / Belgium
Rohda Raalte,Netherlands,0.0,0.0,1.0,0.0,1.0,0.0,1,1,0,1,0,1,7.086822190638304e-05,5,Netherlands / Belgium
RKSV Nuenen,Netherlands,0.0,0.0,1.0,0.0,1.0,0.0,1,1,0,1,0,1,7.290365525945788e-05,5,Netherlands / Belgium
JVC Cuijk,Netherlands,0.0,0.0,2.0,0.0,2.0,0.0,2,2,0,2,0,2,8.450413802573655e-05,5,Netherlands / Belgium
VV Drachtster Boys,Netherlands,0.0,0.0,1.0,0.0,1.0,0.0,1,1,0,1,0,1,7.318493659312144e-05,5,Netherlands / Belgium
VV Berkum,Netherlands,0.0,0.0,1.0,0.0,1.0,0.0,1,1,0,1,0,1,7.538502274231335e-05,5,Netherlands / Belgium
Niki Volou,Greece,0.0,0.0,1.0,0.0,1.0,0.0,1,1,0,1,0,1,7.018278736933084e-05,5,Netherlands / Belgium
VV Haaglandia Zondag (- 2017),Netherlands,0.0,0.0,1.0,0.0,1.0,0.0,1,1,0,1,0,1,7.102389134987198e-05,5,Netherlands / Belgium
KFC Dessel Sport,Belgium,0.0,0.0,1.0,0.0,1.0,0.0,1,1,0,1,0,1,7.086822190638304e-05,5,Netherlands / Belgium
Ceres-La Salle FC,Philippines,0.0,0.0,1.0,0.0,1.0,0.0,1,1,0,1,0,1,7.318493659312144e-05,5,Netherlands / Belgium
SV Voorwaarts Twello,Netherlands,0.0,0.0,1.0,0.0,1.0,0.0,1,1,0,1,0,1,7.538502274231335e-05,5,Netherlands / Belgium
KFC Houtvenne,Belgium,0.0,0.0,1.0,0.0,1.0,0.0,1,1,0,1,0,1,7.180576042454956e-05,5,Netherlands / Belgium
VV SteDoCo,Netherlands,0.0,0.0,2.0,0.0,2.0,0.0,2,2,0,2,0,2,8.768424445028923e-05,5,Netherlands / Belgium
Omonia Aradippou,Cyprus,0.0,0.0,1.0,0.0,1.0,0.0,1,1,0,1,0,1,6.996965407416947e-05,5,Netherlands / Belgium
VV Nieuwerkerk,Netherlands,0.0,0.0,1.0,0.0,1.0,0.0,1,1,0,1,0,1,6.996965407416947e-05,5,Netherlands / Belgium
BVV Barendrecht,Netherlands,0.0,0.0,1.0,0.0,1.0,0.0,1,1,0,1,0,1,6.996965407416947e-05,5,Netherlands / Belgium
FC Vestsjaelland,Denmark,0.0,0.0,1.0,0.0,1.0,0.0,1,1,0,1,0,1,6.99609664143821e-05,5,Netherlands / Belgium
TVC '28,Netherlands,0.0,0.0,1.0,0.0,1.0,0.0,1,1,0,1,0,1,7.538502274231335e-05,5,Netherlands / Belgium
Derby County U21,England,0.0,0.0,1.0,0.0,1.0,0.0,1,1,0,1,0,1,7.180576042454956e-05,5,Netherlands / Belgium
Deportivo Azogues,Ecuador,0.0,0.0,1.0,0.0,1.0,0.0,1,1,0,1,0,1,7.180576042454956e-05,5,Netherlands / Belgium
Safa Beirut SC,Lebanon,0.0,0.0,1.0,0.0,1.0,0.0,1,1,0,1,0,1,7.135317096521412e-05,5,Netherlands / Belgium
AZ Alkmaar U17,Netherlands,0.0,0.0,1.0,0.0,1.0,0.0,1,1,0,1,0,1,6.783162069161552e-05,5,Netherlands / Belgium
VV SWZ Sneek,Netherlands,0.0,0.0,1.0,0.0,1.0,0.0,1,1,0,1,0,1,6.99609664143821e-05,5,Netherlands / Belgium
San Antonio Scorpions FC,United States,0.0,0.0,1.0,0.0,1.0,0.0,1,1,0,1,0,1,7.009527800639807e-05,5,Netherlands / Belgium
SDO Bussum,Netherlands,0.0,0.0,1.0,0.0,1.0,0.0,1,1,0,1,0,1,6.963314642645073e-05,5,Netherlands / Belgium
ONS Sneek,Netherlands,0.0,0.0,1.0,0.0,1.0,0.0,1,1,0,1,0,1,7.318493659312144e-05,5,Netherlands / Belgium
Flevo Boys Emmeloord,Netherlands,0.0,0.0,1.0,0.0,1.0,0.0,1,1,0,1,0,1,7.318493659312144e-05,5,Netherlands / Belgium
Al-Jahra SC,Kuwait,0.0,0.0,1.0,0.0,1.0,0.0,1,1,0,1,0,1,6.996965407416947e-05,5,Netherlands / Belgium
Magreb '90,Netherlands,0.0,0.0,1.0,0.0,1.0,0.0,1,1,0,1,0,1,7.290365525945788e-05,5,Netherlands / Belgium
Leiknir Reykjavík,Iceland,0.0,0.0,1.0,0.0,1.0,0.0,1,1,0,1,0,1,7.511898658276472e-05,5,Netherlands / Belgium
FC Knokke,Belgium,0.0,0.0,1.0,0.0,1.0,0.0,1,1,0,1,0,1,7.511898658276472e-05,5,Netherlands / Belgium
VV Katwijk,Netherlands,0.0,0.0,4.0,0.0,4.0,0.0,4,4,0,4,0,4,0.0001204016437944,5,Netherlands / Belgium
Chojniczanka Chojnice,Poland,0.0,0.0,2.0,0.0,2.0,0.0,2,2,0,2,0,2,8.131223406351097e-05,5,Netherlands / Belgium
MVV Alcides,Netherlands,0.0,0.0,1.0,0.0,1.0,0.0,1,1,0,1,0,1,7.170586228497664e-05,5,Netherlands / Belgium
VV Chevremont,Netherlands,0.0,0.0,1.0,0.0,1.0,0.0,1,1,0,1,0,1,7.511898658276472e-05,5,Netherlands / Belgium
KFCO Beerschot Wilrijk,Belgium,0.0,0.0,2.0,0.0,2.0,0.0,1,1,0,2,0,2,9.059210387819008e-05,5,Netherlands / Belgium
FC Rijnvogels,Netherlands,0.0,0.0,1.0,0.0,1.0,0.0,1,1,0,1,0,1,7.31085880333144e-05,5,Netherlands / Belgium
Koninklijke HFC Haarlem,Netherlands,0.0,0.0,3.0,0.0,3.0,0.0,2,2,0,3,0,3,0.0001032840673344,5,Netherlands / Belgium
Dalkurd FF,Sweden,0.0,0.0,2.0,0.0,2.0,0.0,2,2,0,2,0,2,8.156144918066077e-05,5,Netherlands / Belgium
Orange County SC,United States,0.0,0.0,3.0,0.0,3.0,0.0,3,3,0,3,0,3,9.79943225985819e-05,5,Netherlands / Belgium
San Francisco Deltas,United States,0.0,0.0,1.0,0.0,1.0,0.0,1,1,0,1,0,1,7.538502274231335e-05,5,Netherlands / Belgium
Forum Sport,Netherlands,0.0,0.0,1.0,0.0,1.0,0.0,1,1,0,1,0,1,7.102389134987198e-05,5,Netherlands / Belgium
DCV Krimpen aan den Ijssel,Netherlands,0.0,0.0,1.0,0.0,1.0,0.0,1,1,0,1,0,1,6.996965407416947e-05,5,Netherlands / Belgium
PAOK Thessaloniki U20,Greece,0.0,0.0,1.0,0.0,1.0,0.0,1,1,0,1,0,1,7.086822190638304e-05,5,Netherlands / Belgium
Almere City FC U21,Netherlands,0.0,0.0,2.0,0.0,2.0,0.0,2,2,0,2,0,2,8.676822807076951e-05,5,Netherlands / Belgium
Helmond Sport U21,Netherlands,0.0,0.0,2.0,0.0,2.0,0.0,1,1,0,2,0,2,8.553431486926934e-05,5,Netherlands / Belgium
Florö SK,Norway,0.0,0.0,1.0,0.0,1.0,0.0,1,1,0,1,0,1,7.170586228497664e-05,5,Netherlands / Belgium
Koninklijke Sporting Hasselt,Belgium,0.0,0.0,1.0,0.0,1.0,0.0,1,1,0,1,0,1,7.259009207830443e-05,5,Netherlands / Belgium
Ellera,Italy,0.0,0.0,1.0,0.0,1.0,0.0,1,1,0,1,0,1,7.259009207830443e-05,5,Netherlands / Belgium
KVV Vosselaar,Belgium,0.0,0.0,1.0,0.0,1.0,0.0,1,1,0,1,0,1,7.124635205361825e-05,5,Netherlands / Belgium
VV Hoogeveen,Netherlands,0.0,0.0,2.0,0.0,2.0,0.0,1,1,0,2,0,2,9.062359924852584e-05,5,Netherlands / Belgium
PERSIB Bandung,Indonesia,0.0,0.0,1.0,0.0,1.0,0.0,1,1,0,1,0,1,7.102389134987198e-05,5,Netherlands / Belgium
SV Meppen II,Germany,0.0,0.0,1.0,0.0,1.0,0.0,1,1,0,1,0,1,7.513473426793271e-05,5,Netherlands / Belgium
HHC Hardenberg,Netherlands,0.0,0.0,3.0,0.0,3.0,0.0,2,2,0,3,0,3,0.0001018459518675,5,Netherlands / Belgium
Sportlust Glanerbrug,Netherlands,0.0,0.0,1.0,0.0,1.0,0.0,1,1,0,1,0,1,7.513473426793271e-05,5,Netherlands / Belgium
DHSC Utrecht,Netherlands,0.0,0.0,1.0,0.0,1.0,0.0,1,1,0,1,0,1,7.170586228497664e-05,5,Netherlands / Belgium
Sektzia Ness Ziona,Israel,0.0,0.0,1.0,0.0,1.0,0.0,1,1,0,1,0,1,7.31085880333144e-05,5,Netherlands / Belgium
ASWH Ambacht,Netherlands,0.0,0.0,2.0,0.0,2.0,0.0,2,2,0,2,0,2,8.892116556337953e-05,5,Netherlands / Belgium
Sporting Club de Toulon,France,0.0,0.0,1.0,0.0,1.0,0.0,1,1,0,1,0,1,7.124635205361825e-05,5,Netherlands / Belgium
Muaither Sports Club,Qatar,0.0,0.0,1.0,0.0,1.0,0.0,1,1,0,1,0,1,7.102389134987198e-05,5,Netherlands / Belgium
ZZVV Zuidwolde,Netherlands,0.0,0.0,1.0,0.0,1.0,0.0,1,1,0,1,0,1,7.513473426793271e-05,5,Netherlands / Belgium
VfB Oldenburg,Germany,0.0,0.0,1.0,0.0,1.0,0.0,1,1,0,1,0,1,7.513473426793271e-05,5,Netherlands / Belgium
Sportclub '25 Bocholtz,Netherlands,0.0,0.0,1.0,0.0,1.0,0.0,1,1,0,1,0,1,8.011323374911483e-05,5,Netherlands / Belgium
Szeged-Csanád - GA,Hungary,0.0,0.0,1.0,0.0,1.0,0.0,1,1,0,1,0,1,8.011323374911483e-05,5,Netherlands / Belgium
Stomil Olsztyn,Poland,0.0,0.0,1.0,0.0,1.0,0.0,1,1,0,1,0,1,7.597694277241465e-05,5,Netherlands / Belgium
TuS Rot-Weiß Koblenz,Germany,0.0,0.0,1.0,0.0,1.0,0.0,1,1,0,1,0,1,7.513473426793271e-05,5,Netherlands / Belgium
FC Emmen U21,Netherlands,0.0,0.0,1.0,0.0,1.0,0.0,1,1,0,1,0,1,7.513473426793271e-05,5,Netherlands / Belgium
NK Dekani,Slovenia,0.0,0.0,1.0,0.0,1.0,0.0,1,1,0,1,0,1,8.011323374911483e-05,5,Netherlands / Belgium
NEC Nijmegen Amateurs,Netherlands,0.0,0.0,1.0,0.0,1.0,0.0,1,1,0,1,0,1,7.538502274231335e-05,5,Netherlands / Belgium
ÍA Akranes,Iceland,0.0,0.0,1.0,0.0,1.0,0.0,1,1,0,1,0,1,7.538502274231332e-05,5,Netherlands / Belgium
OFC Oostzaan,Netherlands,0.0,0.0,1.0,0.0,1.0,0.0,1,1,0,1,0,1,7.597694277241379e-05,5,Netherlands / Belgium
VV Smitshoek,Netherlands,0.0,0.0,1.0,0.0,1.0,0.0,1,1,0,1,0,1,7.310858803331501e-05,5,Netherlands / Belgium
